product_id,platform,price,rating,review_count,in_stock,buy_link
101,Amazon,78720.0,4.1,3270,True,https://www.amazon.com/search?q=iQOO+Smartphone+10+Ultra+5G
101,Flipkart,78430.0,4.0,6329,True,https://www.flipkart.com/search?q=iQOO+Smartphone+10+Ultra+5G
101,Croma,80530.0,4.6,797,True,https://www.croma.com/search?q=iQOO+Smartphone+10+Ultra+5G
102,Amazon,35880.0,4.7,9306,True,https://www.amazon.com/search?q=Google+Smartphone+1000+Lite+Edition
102,Flipkart,33630.0,4.2,3572,True,https://www.flipkart.com/search?q=Google+Smartphone+1000+Lite+Edition
102,Croma,36000.0,4.8,5605,True,https://www.croma.com/search?q=Google+Smartphone+1000+Lite+Edition
103,Amazon,16700.0,4.2,2072,True,https://www.amazon.com/search?q=Motorola+Smartphone+10+Nord+Edition
103,Flipkart,16990.0,4.7,7996,True,https://www.flipkart.com/search?q=Motorola+Smartphone+10+Nord+Edition
103,Croma,16780.0,4.8,3500,True,https://www.croma.com/search?q=Motorola+Smartphone+10+Nord+Edition
104,Amazon,16040.0,4.3,7789,True,https://www.amazon.com/search?q=Google+Smartphone+100+Fold+5G
104,Flipkart,15540.0,4.5,6036,True,https://www.flipkart.com/search?q=Google+Smartphone+100+Fold+5G
104,Croma,16140.0,4.3,6042,True,https://www.croma.com/search?q=Google+Smartphone+100+Fold+5G
105,Amazon,121510.0,4.9,7842,True,https://www.amazon.com/search?q=iQOO+Smartphone+15+Nord+Edition
105,Flipkart,118830.0,4.7,5396,True,https://www.flipkart.com/search?q=iQOO+Smartphone+15+Nord+Edition
105,Croma,119610.0,4.8,6223,True,https://www.croma.com/search?q=iQOO+Smartphone+15+Nord+Edition
106,Amazon,113400.0,4.7,415,True,https://www.amazon.com/search?q=Apple+Smartphone+1000+Lite+Edition
106,Flipkart,109050.0,4.2,6991,True,https://www.flipkart.com/search?q=Apple+Smartphone+1000+Lite+Edition
106,Croma,118610.0,4.3,3364,True,https://www.croma.com/search?q=Apple+Smartphone+1000+Lite+Edition
107,Amazon,92290.0,4.4,5680,True,https://www.amazon.com/search?q=Xiaomi+Smartphone+15+Lite+Edition
107,Flipkart,90620.0,4.2,8155,True,https://www.flipkart.com/search?q=Xiaomi+Smartphone+15+Lite+Edition
107,Croma,96240.0,4.9,8187,True,https://www.croma.com/search?q=Xiaomi+Smartphone+15+Lite+Edition
108,Amazon,98650.0,4.1,9104,True,https://www.amazon.com/search?q=Samsung+Smartphone+12+Nord+Edition
108,Flipkart,98270.0,4.4,9032,True,https://www.flipkart.com/search?q=Samsung+Smartphone+12+Nord+Edition
108,Croma,99010.0,4.9,1112,True,https://www.croma.com/search?q=Samsung+Smartphone+12+Nord+Edition
109,Amazon,124070.0,4.7,944,True,https://www.amazon.com/search?q=Motorola+Smartphone+10+Flip+5G
109,Flipkart,123920.0,4.7,6906,True,https://www.flipkart.com/search?q=Motorola+Smartphone+10+Flip+5G
109,Croma,121850.0,4.1,3941,True,https://www.croma.com/search?q=Motorola+Smartphone+10+Flip+5G
110,Amazon,80300.0,4.4,1140,True,https://www.amazon.com/search?q=Vivo+Smartphone+100+Ultra+5G
110,Flipkart,79000.0,4.6,8066,True,https://www.flipkart.com/search?q=Vivo+Smartphone+100+Ultra+5G
110,Croma,81960.0,4.6,407,True,https://www.croma.com/search?q=Vivo+Smartphone+100+Ultra+5G
111,Amazon,25960.0,4.5,4651,True,https://www.amazon.com/search?q=Motorola+Smartphone+1000+Fold+5G
111,Flipkart,26310.0,4.5,4847,True,https://www.flipkart.com/search?q=Motorola+Smartphone+1000+Fold+5G
111,Croma,26250.0,4.0,7204,True,https://www.croma.com/search?q=Motorola+Smartphone+1000+Fold+5G
112,Amazon,29920.0,4.1,2589,True,https://www.amazon.com/search?q=iQOO+Smartphone+20+Fold+5G
112,Flipkart,29500.0,4.2,8775,True,https://www.flipkart.com/search?q=iQOO+Smartphone+20+Fold+5G
112,Croma,28940.0,4.2,5957,True,https://www.croma.com/search?q=iQOO+Smartphone+20+Fold+5G
113,Amazon,120660.0,4.4,9406,True,https://www.amazon.com/search?q=Samsung+Smartphone+20+Nord+Edition
113,Flipkart,119080.0,4.2,3850,True,https://www.flipkart.com/search?q=Samsung+Smartphone+20+Nord+Edition
113,Croma,122760.0,4.3,1470,True,https://www.croma.com/search?q=Samsung+Smartphone+20+Nord+Edition
114,Amazon,62250.0,4.1,6363,True,https://www.amazon.com/search?q=OnePlus+Smartphone+24+Prime+5G
114,Flipkart,61750.0,4.3,7948,True,https://www.flipkart.com/search?q=OnePlus+Smartphone+24+Prime+5G
114,Croma,63310.0,4.1,304,True,https://www.croma.com/search?q=OnePlus+Smartphone+24+Prime+5G
115,Amazon,52820.0,4.6,5577,True,https://www.amazon.com/search?q=iQOO+Smartphone+200+Ultra+5G
115,Flipkart,49680.0,4.5,1712,True,https://www.flipkart.com/search?q=iQOO+Smartphone+200+Ultra+5G
115,Croma,53840.0,4.8,847,True,https://www.croma.com/search?q=iQOO+Smartphone+200+Ultra+5G
116,Amazon,75450.0,4.5,4591,True,https://www.amazon.com/search?q=OnePlus+Smartphone+30+Neo+5G
116,Flipkart,77090.0,4.0,1368,True,https://www.flipkart.com/search?q=OnePlus+Smartphone+30+Neo+5G
116,Croma,78500.0,4.6,4743,True,https://www.croma.com/search?q=OnePlus+Smartphone+30+Neo+5G
117,Amazon,68180.0,4.8,5302,True,https://www.amazon.com/search?q=iQOO+Smartphone+10+Prime+5G
117,Flipkart,65370.0,4.0,3544,True,https://www.flipkart.com/search?q=iQOO+Smartphone+10+Prime+5G
117,Croma,65240.0,4.5,6675,True,https://www.croma.com/search?q=iQOO+Smartphone+10+Prime+5G
118,Amazon,26640.0,4.5,6525,True,https://www.amazon.com/search?q=Realme+Smartphone+20+Nord+Edition
118,Flipkart,25060.0,4.6,9006,True,https://www.flipkart.com/search?q=Realme+Smartphone+20+Nord+Edition
118,Croma,26310.0,4.3,2442,True,https://www.croma.com/search?q=Realme+Smartphone+20+Nord+Edition
119,Amazon,136310.0,4.7,5816,True,https://www.amazon.com/search?q=Motorola+Smartphone+15+Prime+5G
119,Flipkart,132640.0,4.0,7311,True,https://www.flipkart.com/search?q=Motorola+Smartphone+15+Prime+5G
119,Croma,131700.0,4.2,1395,True,https://www.croma.com/search?q=Motorola+Smartphone+15+Prime+5G
120,Amazon,74670.0,4.4,5497,True,https://www.amazon.com/search?q=iQOO+Smartphone+14+Neo+5G
120,Flipkart,75120.0,4.0,4628,True,https://www.flipkart.com/search?q=iQOO+Smartphone+14+Neo+5G
120,Croma,78390.0,4.7,7531,True,https://www.croma.com/search?q=iQOO+Smartphone+14+Neo+5G
121,Amazon,116120.0,4.4,6377,True,https://www.amazon.com/search?q=Google+Smartphone+1000+Flip+5G
121,Flipkart,112680.0,4.1,4989,True,https://www.flipkart.com/search?q=Google+Smartphone+1000+Flip+5G
121,Croma,120650.0,4.7,1354,True,https://www.croma.com/search?q=Google+Smartphone+1000+Flip+5G
122,Amazon,132820.0,4.6,6533,True,https://www.amazon.com/search?q=Realme+Smartphone+14+Fold+5G
122,Flipkart,130570.0,4.3,1895,True,https://www.flipkart.com/search?q=Realme+Smartphone+14+Fold+5G
122,Croma,139680.0,4.1,5200,True,https://www.croma.com/search?q=Realme+Smartphone+14+Fold+5G
123,Amazon,47430.0,4.1,7211,True,https://www.amazon.com/search?q=Samsung+Smartphone+12+Pro+Max+5G
123,Flipkart,47380.0,4.4,9238,True,https://www.flipkart.com/search?q=Samsung+Smartphone+12+Pro+Max+5G
123,Croma,46900.0,4.5,1842,True,https://www.croma.com/search?q=Samsung+Smartphone+12+Pro+Max+5G
124,Amazon,24610.0,4.5,5465,True,https://www.amazon.com/search?q=iQOO+Smartphone+200+Nord+Edition
124,Flipkart,24600.0,4.8,352,True,https://www.flipkart.com/search?q=iQOO+Smartphone+200+Nord+Edition
124,Croma,24980.0,4.3,6503,True,https://www.croma.com/search?q=iQOO+Smartphone+200+Nord+Edition
125,Amazon,73380.0,4.9,4127,True,https://www.amazon.com/search?q=Vivo+Smartphone+100+Neo+5G
125,Flipkart,71610.0,4.5,2928,True,https://www.flipkart.com/search?q=Vivo+Smartphone+100+Neo+5G
125,Croma,73140.0,4.6,2927,True,https://www.croma.com/search?q=Vivo+Smartphone+100+Neo+5G
126,Amazon,139990.0,4.1,7271,True,https://www.amazon.com/search?q=iQOO+Smartphone+500+Ultra+5G
126,Flipkart,138440.0,4.2,5061,True,https://www.flipkart.com/search?q=iQOO+Smartphone+500+Ultra+5G
126,Croma,144710.0,4.4,1410,True,https://www.croma.com/search?q=iQOO+Smartphone+500+Ultra+5G
127,Amazon,81830.0,4.4,3353,True,https://www.amazon.com/search?q=iQOO+Smartphone+12+Prime+5G
127,Flipkart,83130.0,4.4,2369,True,https://www.flipkart.com/search?q=iQOO+Smartphone+12+Prime+5G
127,Croma,84580.0,4.3,6633,True,https://www.croma.com/search?q=iQOO+Smartphone+12+Prime+5G
128,Amazon,74250.0,4.3,5634,True,https://www.amazon.com/search?q=OnePlus+Smartphone+10+Neo+5G
128,Flipkart,74040.0,4.4,2380,True,https://www.flipkart.com/search?q=OnePlus+Smartphone+10+Neo+5G
128,Croma,77280.0,4.3,3440,True,https://www.croma.com/search?q=OnePlus+Smartphone+10+Neo+5G
129,Amazon,83680.0,4.3,8194,True,https://www.amazon.com/search?q=Nothing+Smartphone+500+Ultra+5G
129,Flipkart,80320.0,4.9,4121,True,https://www.flipkart.com/search?q=Nothing+Smartphone+500+Ultra+5G
129,Croma,84130.0,4.3,4742,True,https://www.croma.com/search?q=Nothing+Smartphone+500+Ultra+5G
130,Amazon,146710.0,4.5,9089,True,https://www.amazon.com/search?q=OnePlus+Smartphone+14+Prime+5G
130,Flipkart,139830.0,4.2,9162,True,https://www.flipkart.com/search?q=OnePlus+Smartphone+14+Prime+5G
130,Croma,141840.0,4.0,7713,True,https://www.croma.com/search?q=OnePlus+Smartphone+14+Prime+5G
131,Amazon,14750.0,4.7,1283,True,https://www.amazon.com/search?q=Motorola+Smartphone+50+Prime+5G
131,Flipkart,13780.0,4.7,6853,True,https://www.flipkart.com/search?q=Motorola+Smartphone+50+Prime+5G
131,Croma,14770.0,4.6,2430,True,https://www.croma.com/search?q=Motorola+Smartphone+50+Prime+5G
132,Amazon,24140.0,4.6,6326,True,https://www.amazon.com/search?q=Realme+Smartphone+15+Flip+5G
132,Flipkart,23050.0,4.1,8001,True,https://www.flipkart.com/search?q=Realme+Smartphone+15+Flip+5G
132,Croma,24430.0,4.5,8905,True,https://www.croma.com/search?q=Realme+Smartphone+15+Flip+5G
133,Amazon,130580.0,4.5,6040,True,https://www.amazon.com/search?q=Motorola+Smartphone+12+Ultra+5G
133,Flipkart,131250.0,4.6,8946,True,https://www.flipkart.com/search?q=Motorola+Smartphone+12+Ultra+5G
133,Croma,133480.0,4.5,1542,True,https://www.croma.com/search?q=Motorola+Smartphone+12+Ultra+5G
134,Amazon,124720.0,4.1,875,True,https://www.amazon.com/search?q=Nothing+Smartphone+14+Lite+Edition
134,Flipkart,123140.0,4.5,6697,True,https://www.flipkart.com/search?q=Nothing+Smartphone+14+Lite+Edition
134,Croma,130550.0,4.9,5582,True,https://www.croma.com/search?q=Nothing+Smartphone+14+Lite+Edition
135,Amazon,148060.0,4.2,8516,True,https://www.amazon.com/search?q=Xiaomi+Smartphone+15+Nord+Edition
135,Flipkart,140170.0,4.7,9292,True,https://www.flipkart.com/search?q=Xiaomi+Smartphone+15+Nord+Edition
135,Croma,140900.0,4.5,3771,True,https://www.croma.com/search?q=Xiaomi+Smartphone+15+Nord+Edition
136,Amazon,102150.0,4.5,8349,True,https://www.amazon.com/search?q=Xiaomi+Smartphone+500+Nord+Edition
136,Flipkart,99640.0,4.1,552,True,https://www.flipkart.com/search?q=Xiaomi+Smartphone+500+Nord+Edition
136,Croma,105350.0,4.4,4990,True,https://www.croma.com/search?q=Xiaomi+Smartphone+500+Nord+Edition
137,Amazon,70870.0,4.8,2471,True,https://www.amazon.com/search?q=Nothing+Smartphone+12+Neo+5G
137,Flipkart,71830.0,4.3,5770,True,https://www.flipkart.com/search?q=Nothing+Smartphone+12+Neo+5G
137,Croma,70270.0,4.4,3539,True,https://www.croma.com/search?q=Nothing+Smartphone+12+Neo+5G
138,Amazon,147640.0,4.6,7562,True,https://www.amazon.com/search?q=Samsung+Smartphone+10+Prime+5G
138,Flipkart,142920.0,4.3,5069,True,https://www.flipkart.com/search?q=Samsung+Smartphone+10+Prime+5G
138,Croma,145250.0,4.0,2035,True,https://www.croma.com/search?q=Samsung+Smartphone+10+Prime+5G
139,Amazon,26350.0,4.7,4146,True,https://www.amazon.com/search?q=Motorola+Smartphone+10+Fold+5G
139,Flipkart,26330.0,4.5,9192,True,https://www.flipkart.com/search?q=Motorola+Smartphone+10+Fold+5G
139,Croma,26790.0,4.1,9322,True,https://www.croma.com/search?q=Motorola+Smartphone+10+Fold+5G
140,Amazon,91340.0,4.6,3203,True,https://www.amazon.com/search?q=Google+Smartphone+10+Ultra+5G
140,Flipkart,89620.0,4.6,7230,True,https://www.flipkart.com/search?q=Google+Smartphone+10+Ultra+5G
140,Croma,94460.0,4.4,3382,True,https://www.croma.com/search?q=Google+Smartphone+10+Ultra+5G
141,Amazon,129920.0,4.2,4710,True,https://www.amazon.com/search?q=Nothing+Smartphone+20+Fold+5G
141,Flipkart,127020.0,4.7,1175,True,https://www.flipkart.com/search?q=Nothing+Smartphone+20+Fold+5G
141,Croma,127630.0,4.5,8946,True,https://www.croma.com/search?q=Nothing+Smartphone+20+Fold+5G
142,Amazon,148720.0,4.2,8169,True,https://www.amazon.com/search?q=Nothing+Smartphone+1000+Lite+Edition
142,Flipkart,146850.0,4.5,5284,True,https://www.flipkart.com/search?q=Nothing+Smartphone+1000+Lite+Edition
142,Croma,152910.0,4.5,6581,True,https://www.croma.com/search?q=Nothing+Smartphone+1000+Lite+Edition
143,Amazon,57220.0,4.6,5023,True,https://www.amazon.com/search?q=Google+Smartphone+30+Neo+5G
143,Flipkart,55160.0,4.8,1538,True,https://www.flipkart.com/search?q=Google+Smartphone+30+Neo+5G
143,Croma,58750.0,4.6,5281,True,https://www.croma.com/search?q=Google+Smartphone+30+Neo+5G
144,Amazon,112180.0,4.6,8519,True,https://www.amazon.com/search?q=Samsung+Smartphone+24+Nord+Edition
144,Flipkart,111120.0,4.3,2408,True,https://www.flipkart.com/search?q=Samsung+Smartphone+24+Nord+Edition
144,Croma,113860.0,4.5,7081,True,https://www.croma.com/search?q=Samsung+Smartphone+24+Nord+Edition
145,Amazon,33330.0,4.6,2988,True,https://www.amazon.com/search?q=OPPO+Smartphone+500+Pro+Max+5G
145,Flipkart,33590.0,4.5,8172,True,https://www.flipkart.com/search?q=OPPO+Smartphone+500+Pro+Max+5G
145,Croma,34780.0,4.3,3215,True,https://www.croma.com/search?q=OPPO+Smartphone+500+Pro+Max+5G
146,Amazon,70600.0,4.3,307,True,https://www.amazon.com/search?q=Vivo+Smartphone+12+Prime+5G
146,Flipkart,69710.0,4.4,3346,True,https://www.flipkart.com/search?q=Vivo+Smartphone+12+Prime+5G
146,Croma,70180.0,4.7,9350,True,https://www.croma.com/search?q=Vivo+Smartphone+12+Prime+5G
147,Amazon,114610.0,4.4,7422,True,https://www.amazon.com/search?q=Google+Smartphone+14+Neo+5G
147,Flipkart,112120.0,4.4,1504,True,https://www.flipkart.com/search?q=Google+Smartphone+14+Neo+5G
147,Croma,117110.0,4.5,3763,True,https://www.croma.com/search?q=Google+Smartphone+14+Neo+5G
148,Amazon,27940.0,4.2,7642,True,https://www.amazon.com/search?q=Xiaomi+Smartphone+15+Neo+5G
148,Flipkart,27310.0,4.5,8265,True,https://www.flipkart.com/search?q=Xiaomi+Smartphone+15+Neo+5G
148,Croma,28680.0,4.5,2004,True,https://www.croma.com/search?q=Xiaomi+Smartphone+15+Neo+5G
149,Amazon,144780.0,4.9,9030,True,https://www.amazon.com/search?q=Nothing+Smartphone+10+Ultra+5G
149,Flipkart,138970.0,4.7,831,True,https://www.flipkart.com/search?q=Nothing+Smartphone+10+Ultra+5G
149,Croma,146020.0,4.7,7381,True,https://www.croma.com/search?q=Nothing+Smartphone+10+Ultra+5G
150,Amazon,111000.0,4.7,4205,True,https://www.amazon.com/search?q=Samsung+Smartphone+14+Fold+5G
150,Flipkart,111770.0,4.3,678,True,https://www.flipkart.com/search?q=Samsung+Smartphone+14+Fold+5G
150,Croma,109060.0,4.4,5861,True,https://www.croma.com/search?q=Samsung+Smartphone+14+Fold+5G
151,Amazon,44120.0,4.1,4032,True,https://www.amazon.com/search?q=Samsung+Laptop+30+Gaming+Laptop+RTX+4060
151,Flipkart,41100.0,4.2,5894,True,https://www.flipkart.com/search?q=Samsung+Laptop+30+Gaming+Laptop+RTX+4060
151,Croma,44580.0,4.8,7165,True,https://www.croma.com/search?q=Samsung+Laptop+30+Gaming+Laptop+RTX+4060
152,Amazon,92530.0,4.2,1122,True,https://www.amazon.com/search?q=MSI+Laptop+30+Thin+&+Light+Laptop
152,Flipkart,90380.0,4.5,8870,True,https://www.flipkart.com/search?q=MSI+Laptop+30+Thin+&+Light+Laptop
152,Croma,93770.0,4.3,8977,True,https://www.croma.com/search?q=MSI+Laptop+30+Thin+&+Light+Laptop
153,Amazon,206020.0,4.5,8578,True,https://www.amazon.com/search?q=ASUS+Laptop+1000+Studio+Edition
153,Flipkart,212360.0,4.9,1710,True,https://www.flipkart.com/search?q=ASUS+Laptop+1000+Studio+Edition
153,Croma,209880.0,4.1,6893,True,https://www.croma.com/search?q=ASUS+Laptop+1000+Studio+Edition
154,Amazon,84930.0,4.1,2324,True,https://www.amazon.com/search?q=HP+Laptop+20+Gaming+Laptop+RTX+4060
154,Flipkart,83580.0,4.2,5427,True,https://www.flipkart.com/search?q=HP+Laptop+20+Gaming+Laptop+RTX+4060
154,Croma,85530.0,4.7,6584,True,https://www.croma.com/search?q=HP+Laptop+20+Gaming+Laptop+RTX+4060
155,Amazon,106520.0,4.4,7555,True,https://www.amazon.com/search?q=LG+Laptop+1000+Thin+&+Light+Laptop
155,Flipkart,104870.0,4.1,1675,True,https://www.flipkart.com/search?q=LG+Laptop+1000+Thin+&+Light+Laptop
155,Croma,106160.0,4.4,4708,True,https://www.croma.com/search?q=LG+Laptop+1000+Thin+&+Light+Laptop
156,Amazon,155600.0,4.4,190,True,https://www.amazon.com/search?q=Apple+Laptop+50+Creator+Laptop+16
156,Flipkart,154140.0,4.8,1676,True,https://www.flipkart.com/search?q=Apple+Laptop+50+Creator+Laptop+16
156,Croma,154890.0,4.7,7661,True,https://www.croma.com/search?q=Apple+Laptop+50+Creator+Laptop+16
157,Amazon,75400.0,4.7,6666,True,https://www.amazon.com/search?q=Apple+Laptop+12+Creator+Laptop+16
157,Flipkart,74120.0,4.2,7189,True,https://www.flipkart.com/search?q=Apple+Laptop+12+Creator+Laptop+16
157,Croma,77210.0,4.7,8255,True,https://www.croma.com/search?q=Apple+Laptop+12+Creator+Laptop+16
158,Amazon,57480.0,4.5,9425,True,https://www.amazon.com/search?q=Dell+Laptop+30+Gaming+Laptop+RTX+4060
158,Flipkart,58310.0,4.8,5781,True,https://www.flipkart.com/search?q=Dell+Laptop+30+Gaming+Laptop+RTX+4060
158,Croma,58350.0,4.8,943,True,https://www.croma.com/search?q=Dell+Laptop+30+Gaming+Laptop+RTX+4060
159,Amazon,129090.0,4.0,2738,True,https://www.amazon.com/search?q=Apple+Laptop+12+Creator+Laptop+16
159,Flipkart,131170.0,4.4,161,True,https://www.flipkart.com/search?q=Apple+Laptop+12+Creator+Laptop+16
159,Croma,137130.0,4.9,7159,True,https://www.croma.com/search?q=Apple+Laptop+12+Creator+Laptop+16
160,Amazon,202930.0,4.6,2754,True,https://www.amazon.com/search?q=ASUS+Laptop+500+Gaming+Laptop+RTX+4060
160,Flipkart,204920.0,4.8,4639,True,https://www.flipkart.com/search?q=ASUS+Laptop+500+Gaming+Laptop+RTX+4060
160,Croma,204180.0,4.1,6055,True,https://www.croma.com/search?q=ASUS+Laptop+500+Gaming+Laptop+RTX+4060
161,Amazon,60120.0,4.1,6643,True,https://www.amazon.com/search?q=Lenovo+Laptop+30+Ultrabook+14
161,Flipkart,59300.0,4.6,3986,True,https://www.flipkart.com/search?q=Lenovo+Laptop+30+Ultrabook+14
161,Croma,63290.0,4.4,1644,True,https://www.croma.com/search?q=Lenovo+Laptop+30+Ultrabook+14
162,Amazon,31180.0,4.1,3855,True,https://www.amazon.com/search?q=Samsung+Laptop+12+Ultrabook+14
162,Flipkart,29160.0,4.5,7441,True,https://www.flipkart.com/search?q=Samsung+Laptop+12+Ultrabook+14
162,Croma,31060.0,4.0,5779,True,https://www.croma.com/search?q=Samsung+Laptop+12+Ultrabook+14
163,Amazon,83240.0,4.1,1310,True,https://www.amazon.com/search?q=Dell+Laptop+100+Thin+&+Light+Laptop
163,Flipkart,82400.0,4.2,1613,True,https://www.flipkart.com/search?q=Dell+Laptop+100+Thin+&+Light+Laptop
163,Croma,82060.0,4.7,1828,True,https://www.croma.com/search?q=Dell+Laptop+100+Thin+&+Light+Laptop
164,Amazon,87060.0,4.3,2331,True,https://www.amazon.com/search?q=HP+Laptop+12+Ultrabook+14
164,Flipkart,86670.0,4.6,2490,True,https://www.flipkart.com/search?q=HP+Laptop+12+Ultrabook+14
164,Croma,89110.0,4.1,9378,True,https://www.croma.com/search?q=HP+Laptop+12+Ultrabook+14
165,Amazon,228840.0,4.7,2630,True,https://www.amazon.com/search?q=ASUS+Laptop+50+Gaming+Laptop+RTX+4060
165,Flipkart,233440.0,4.8,7398,True,https://www.flipkart.com/search?q=ASUS+Laptop+50+Gaming+Laptop+RTX+4060
165,Croma,237760.0,4.8,1570,True,https://www.croma.com/search?q=ASUS+Laptop+50+Gaming+Laptop+RTX+4060
166,Amazon,237800.0,4.7,5909,True,https://www.amazon.com/search?q=LG+Laptop+500+Thin+&+Light+Laptop
166,Flipkart,221830.0,4.9,5302,True,https://www.flipkart.com/search?q=LG+Laptop+500+Thin+&+Light+Laptop
166,Croma,228910.0,4.7,4209,True,https://www.croma.com/search?q=LG+Laptop+500+Thin+&+Light+Laptop
167,Amazon,56380.0,4.5,4818,True,https://www.amazon.com/search?q=Dell+Laptop+20+Gaming+Laptop+RTX+4060
167,Flipkart,54480.0,4.7,589,True,https://www.flipkart.com/search?q=Dell+Laptop+20+Gaming+Laptop+RTX+4060
167,Croma,57980.0,4.8,5092,True,https://www.croma.com/search?q=Dell+Laptop+20+Gaming+Laptop+RTX+4060
168,Amazon,96780.0,4.4,1044,True,https://www.amazon.com/search?q=LG+Laptop+20+Gaming+Laptop+RTX+4060
168,Flipkart,97200.0,4.7,4071,True,https://www.flipkart.com/search?q=LG+Laptop+20+Gaming+Laptop+RTX+4060
168,Croma,97710.0,4.4,1997,True,https://www.croma.com/search?q=LG+Laptop+20+Gaming+Laptop+RTX+4060
169,Amazon,183440.0,4.8,347,True,https://www.amazon.com/search?q=Acer+Laptop+500+Gaming+Laptop+RTX+4060
169,Flipkart,184190.0,4.9,5335,True,https://www.flipkart.com/search?q=Acer+Laptop+500+Gaming+Laptop+RTX+4060
169,Croma,183400.0,4.1,9462,True,https://www.croma.com/search?q=Acer+Laptop+500+Gaming+Laptop+RTX+4060
170,Amazon,40930.0,4.4,1345,True,https://www.amazon.com/search?q=LG+Laptop+20+Studio+Edition
170,Flipkart,40390.0,4.0,1256,True,https://www.flipkart.com/search?q=LG+Laptop+20+Studio+Edition
170,Croma,40720.0,4.0,3684,True,https://www.croma.com/search?q=LG+Laptop+20+Studio+Edition
171,Amazon,28500.0,4.5,8359,True,https://www.amazon.com/search?q=MSI+Laptop+10+Ultrabook+14
171,Flipkart,27920.0,4.7,7089,True,https://www.flipkart.com/search?q=MSI+Laptop+10+Ultrabook+14
171,Croma,30200.0,4.6,1500,True,https://www.croma.com/search?q=MSI+Laptop+10+Ultrabook+14
172,Amazon,214980.0,4.1,1444,True,https://www.amazon.com/search?q=HP+Laptop+14+Ultrabook+14
172,Flipkart,209110.0,4.5,3479,True,https://www.flipkart.com/search?q=HP+Laptop+14+Ultrabook+14
172,Croma,210650.0,4.9,2695,True,https://www.croma.com/search?q=HP+Laptop+14+Ultrabook+14
173,Amazon,30950.0,4.8,1233,True,https://www.amazon.com/search?q=LG+Laptop+100+Studio+Edition
173,Flipkart,30010.0,4.3,7317,True,https://www.flipkart.com/search?q=LG+Laptop+100+Studio+Edition
173,Croma,31460.0,4.7,4059,True,https://www.croma.com/search?q=LG+Laptop+100+Studio+Edition
174,Amazon,36380.0,4.4,1051,True,https://www.amazon.com/search?q=Dell+Laptop+100+Gaming+Laptop+RTX+4060
174,Flipkart,35660.0,4.3,3027,True,https://www.flipkart.com/search?q=Dell+Laptop+100+Gaming+Laptop+RTX+4060
174,Croma,37670.0,4.1,2398,True,https://www.croma.com/search?q=Dell+Laptop+100+Gaming+Laptop+RTX+4060
175,Amazon,61000.0,4.5,4397,True,https://www.amazon.com/search?q=LG+Laptop+30+Gaming+Laptop+RTX+4060
175,Flipkart,57680.0,4.2,2229,True,https://www.flipkart.com/search?q=LG+Laptop+30+Gaming+Laptop+RTX+4060
175,Croma,62590.0,4.7,4553,True,https://www.croma.com/search?q=LG+Laptop+30+Gaming+Laptop+RTX+4060
176,Amazon,119340.0,4.3,7184,True,https://www.amazon.com/search?q=ASUS+Laptop+10+Ultrabook+14
176,Flipkart,112300.0,4.2,1196,True,https://www.flipkart.com/search?q=ASUS+Laptop+10+Ultrabook+14
176,Croma,121820.0,4.2,1412,True,https://www.croma.com/search?q=ASUS+Laptop+10+Ultrabook+14
177,Amazon,222720.0,4.8,2884,True,https://www.amazon.com/search?q=Lenovo+Laptop+24+Thin+&+Light+Laptop
177,Flipkart,218240.0,4.3,4329,True,https://www.flipkart.com/search?q=Lenovo+Laptop+24+Thin+&+Light+Laptop
177,Croma,218870.0,4.7,2039,True,https://www.croma.com/search?q=Lenovo+Laptop+24+Thin+&+Light+Laptop
178,Amazon,223810.0,4.8,4156,True,https://www.amazon.com/search?q=HP+Laptop+14+Gaming+Laptop+RTX+4060
178,Flipkart,223050.0,4.0,6113,True,https://www.flipkart.com/search?q=HP+Laptop+14+Gaming+Laptop+RTX+4060
178,Croma,223550.0,4.3,2608,True,https://www.croma.com/search?q=HP+Laptop+14+Gaming+Laptop+RTX+4060
179,Amazon,207650.0,4.7,7020,True,https://www.amazon.com/search?q=MSI+Laptop+14+Thin+&+Light+Laptop
179,Flipkart,213650.0,4.2,4217,True,https://www.flipkart.com/search?q=MSI+Laptop+14+Thin+&+Light+Laptop
179,Croma,207960.0,4.4,5391,True,https://www.croma.com/search?q=MSI+Laptop+14+Thin+&+Light+Laptop
180,Amazon,67130.0,4.5,1012,True,https://www.amazon.com/search?q=MSI+Laptop+20+Gaming+Laptop+RTX+4060
180,Flipkart,64870.0,4.2,8600,True,https://www.flipkart.com/search?q=MSI+Laptop+20+Gaming+Laptop+RTX+4060
180,Croma,68280.0,4.9,6718,True,https://www.croma.com/search?q=MSI+Laptop+20+Gaming+Laptop+RTX+4060
181,Amazon,81600.0,4.8,5512,True,https://www.amazon.com/search?q=MSI+Laptop+50+Thin+&+Light+Laptop
181,Flipkart,81930.0,4.1,7633,True,https://www.flipkart.com/search?q=MSI+Laptop+50+Thin+&+Light+Laptop
181,Croma,83610.0,4.0,3437,True,https://www.croma.com/search?q=MSI+Laptop+50+Thin+&+Light+Laptop
182,Amazon,229780.0,4.2,6183,True,https://www.amazon.com/search?q=Samsung+Laptop+20+Ultrabook+14
182,Flipkart,232130.0,4.5,8233,True,https://www.flipkart.com/search?q=Samsung+Laptop+20+Ultrabook+14
182,Croma,238820.0,4.9,3351,True,https://www.croma.com/search?q=Samsung+Laptop+20+Ultrabook+14
183,Amazon,77690.0,4.1,6868,True,https://www.amazon.com/search?q=Lenovo+Laptop+500+Thin+&+Light+Laptop
183,Flipkart,75180.0,4.0,9022,True,https://www.flipkart.com/search?q=Lenovo+Laptop+500+Thin+&+Light+Laptop
183,Croma,78810.0,4.3,307,True,https://www.croma.com/search?q=Lenovo+Laptop+500+Thin+&+Light+Laptop
184,Amazon,227360.0,4.8,5188,True,https://www.amazon.com/search?q=Acer+Laptop+12+Ultrabook+14
184,Flipkart,209450.0,4.1,8830,True,https://www.flipkart.com/search?q=Acer+Laptop+12+Ultrabook+14
184,Croma,225590.0,4.9,7028,True,https://www.croma.com/search?q=Acer+Laptop+12+Ultrabook+14
185,Amazon,197600.0,4.6,1674,True,https://www.amazon.com/search?q=Acer+Laptop+30+Creator+Laptop+16
185,Flipkart,188040.0,4.0,3942,True,https://www.flipkart.com/search?q=Acer+Laptop+30+Creator+Laptop+16
185,Croma,205980.0,4.8,8665,True,https://www.croma.com/search?q=Acer+Laptop+30+Creator+Laptop+16
186,Amazon,72560.0,4.7,1715,True,https://www.amazon.com/search?q=Apple+Laptop+20+Thin+&+Light+Laptop
186,Flipkart,73250.0,4.5,6611,True,https://www.flipkart.com/search?q=Apple+Laptop+20+Thin+&+Light+Laptop
186,Croma,73540.0,4.1,9453,True,https://www.croma.com/search?q=Apple+Laptop+20+Thin+&+Light+Laptop
187,Amazon,132930.0,4.3,5311,True,https://www.amazon.com/search?q=Apple+Laptop+200+Thin+&+Light+Laptop
187,Flipkart,135230.0,4.8,6588,True,https://www.flipkart.com/search?q=Apple+Laptop+200+Thin+&+Light+Laptop
187,Croma,134960.0,4.6,5495,True,https://www.croma.com/search?q=Apple+Laptop+200+Thin+&+Light+Laptop
188,Amazon,154100.0,4.2,1935,True,https://www.amazon.com/search?q=Acer+Laptop+200+Studio+Edition
188,Flipkart,150370.0,4.1,2843,True,https://www.flipkart.com/search?q=Acer+Laptop+200+Studio+Edition
188,Croma,153350.0,4.4,5295,True,https://www.croma.com/search?q=Acer+Laptop+200+Studio+Edition
189,Amazon,91420.0,4.2,5201,True,https://www.amazon.com/search?q=MSI+Laptop+15+Creator+Laptop+16
189,Flipkart,90230.0,4.4,2114,True,https://www.flipkart.com/search?q=MSI+Laptop+15+Creator+Laptop+16
189,Croma,95630.0,4.1,5134,True,https://www.croma.com/search?q=MSI+Laptop+15+Creator+Laptop+16
190,Amazon,234060.0,4.8,5520,True,https://www.amazon.com/search?q=MSI+Laptop+100+Thin+&+Light+Laptop
190,Flipkart,227350.0,4.1,4216,True,https://www.flipkart.com/search?q=MSI+Laptop+100+Thin+&+Light+Laptop
190,Croma,225090.0,4.9,6642,True,https://www.croma.com/search?q=MSI+Laptop+100+Thin+&+Light+Laptop
191,Amazon,194060.0,4.9,659,True,https://www.amazon.com/search?q=Acer+Laptop+12+Studio+Edition
191,Flipkart,191980.0,4.9,7558,True,https://www.flipkart.com/search?q=Acer+Laptop+12+Studio+Edition
191,Croma,193000.0,4.5,9163,True,https://www.croma.com/search?q=Acer+Laptop+12+Studio+Edition
192,Amazon,101630.0,4.1,345,True,https://www.amazon.com/search?q=Acer+Laptop+1000+Thin+&+Light+Laptop
192,Flipkart,100840.0,4.1,3791,True,https://www.flipkart.com/search?q=Acer+Laptop+1000+Thin+&+Light+Laptop
192,Croma,106330.0,4.1,6713,True,https://www.croma.com/search?q=Acer+Laptop+1000+Thin+&+Light+Laptop
193,Amazon,200530.0,4.5,4390,True,https://www.amazon.com/search?q=MSI+Laptop+30+Ultrabook+14
193,Flipkart,199570.0,4.8,1378,True,https://www.flipkart.com/search?q=MSI+Laptop+30+Ultrabook+14
193,Croma,206140.0,4.0,1206,True,https://www.croma.com/search?q=MSI+Laptop+30+Ultrabook+14
194,Amazon,130650.0,4.1,5582,True,https://www.amazon.com/search?q=LG+Laptop+15+Gaming+Laptop+RTX+4060
194,Flipkart,131610.0,4.1,7702,True,https://www.flipkart.com/search?q=LG+Laptop+15+Gaming+Laptop+RTX+4060
194,Croma,137190.0,4.0,7246,True,https://www.croma.com/search?q=LG+Laptop+15+Gaming+Laptop+RTX+4060
195,Amazon,105560.0,4.6,2981,True,https://www.amazon.com/search?q=HP+Laptop+200+Creator+Laptop+16
195,Flipkart,100590.0,4.3,3216,True,https://www.flipkart.com/search?q=HP+Laptop+200+Creator+Laptop+16
195,Croma,101470.0,4.2,7457,True,https://www.croma.com/search?q=HP+Laptop+200+Creator+Laptop+16
196,Amazon,102360.0,4.2,4985,True,https://www.amazon.com/search?q=LG+Laptop+20+Thin+&+Light+Laptop
196,Flipkart,94900.0,4.4,9172,True,https://www.flipkart.com/search?q=LG+Laptop+20+Thin+&+Light+Laptop
196,Croma,101740.0,4.4,1587,True,https://www.croma.com/search?q=LG+Laptop+20+Thin+&+Light+Laptop
197,Amazon,188860.0,4.8,8764,True,https://www.amazon.com/search?q=MSI+Laptop+200+Creator+Laptop+16
197,Flipkart,183100.0,4.2,9057,True,https://www.flipkart.com/search?q=MSI+Laptop+200+Creator+Laptop+16
197,Croma,189900.0,4.7,6416,True,https://www.croma.com/search?q=MSI+Laptop+200+Creator+Laptop+16
198,Amazon,200250.0,4.4,9417,True,https://www.amazon.com/search?q=Samsung+Laptop+50+Studio+Edition
198,Flipkart,190850.0,4.5,6513,True,https://www.flipkart.com/search?q=Samsung+Laptop+50+Studio+Edition
198,Croma,199370.0,4.2,577,True,https://www.croma.com/search?q=Samsung+Laptop+50+Studio+Edition
199,Amazon,69970.0,4.7,1109,True,https://www.amazon.com/search?q=LG+Laptop+1000+Studio+Edition
199,Flipkart,68030.0,4.7,7878,True,https://www.flipkart.com/search?q=LG+Laptop+1000+Studio+Edition
199,Croma,73290.0,4.5,3963,True,https://www.croma.com/search?q=LG+Laptop+1000+Studio+Edition
200,Amazon,191680.0,4.2,1066,True,https://www.amazon.com/search?q=ASUS+Laptop+500+Creator+Laptop+16
200,Flipkart,177490.0,4.7,3744,True,https://www.flipkart.com/search?q=ASUS+Laptop+500+Creator+Laptop+16
200,Croma,189910.0,4.5,6513,True,https://www.croma.com/search?q=ASUS+Laptop+500+Creator+Laptop+16
201,Amazon,20520.0,4.2,5360,True,https://www.amazon.com/search?q=Bose+Audio+500+True+Wireless+Earbuds
201,Flipkart,20720.0,4.7,6028,True,https://www.flipkart.com/search?q=Bose+Audio+500+True+Wireless+Earbuds
201,Croma,21380.0,4.8,612,True,https://www.croma.com/search?q=Bose+Audio+500+True+Wireless+Earbuds
202,Amazon,4330.0,4.1,3234,True,https://www.amazon.com/search?q=JBL+Audio+10+True+Wireless+Earbuds
202,Flipkart,4140.0,4.8,8214,True,https://www.flipkart.com/search?q=JBL+Audio+10+True+Wireless+Earbuds
202,Croma,4340.0,4.5,3026,True,https://www.croma.com/search?q=JBL+Audio+10+True+Wireless+Earbuds
203,Amazon,27250.0,4.2,8775,True,https://www.amazon.com/search?q=Skullcandy+Audio+50+Wireless+Noise+Cancelling+Headphones
203,Flipkart,25990.0,4.4,5585,True,https://www.flipkart.com/search?q=Skullcandy+Audio+50+Wireless+Noise+Cancelling+Headphones
203,Croma,27090.0,4.8,3450,True,https://www.croma.com/search?q=Skullcandy+Audio+50+Wireless+Noise+Cancelling+Headphones
204,Amazon,16950.0,4.7,5451,True,https://www.amazon.com/search?q=Noise+Audio+30+Soundbar+5.1
204,Flipkart,16110.0,4.1,2570,True,https://www.flipkart.com/search?q=Noise+Audio+30+Soundbar+5.1
204,Croma,16460.0,4.5,2470,True,https://www.croma.com/search?q=Noise+Audio+30+Soundbar+5.1
205,Amazon,15270.0,4.9,6270,True,https://www.amazon.com/search?q=Sony+Audio+30+Wireless+Noise+Cancelling+Headphones
205,Flipkart,15020.0,4.6,6631,True,https://www.flipkart.com/search?q=Sony+Audio+30+Wireless+Noise+Cancelling+Headphones
205,Croma,15510.0,4.5,5664,True,https://www.croma.com/search?q=Sony+Audio+30+Wireless+Noise+Cancelling+Headphones
206,Amazon,35650.0,4.9,8132,True,https://www.amazon.com/search?q=Marshall+Audio+10+Soundbar+5.1
206,Flipkart,34510.0,4.6,3004,True,https://www.flipkart.com/search?q=Marshall+Audio+10+Soundbar+5.1
206,Croma,35700.0,4.6,9357,True,https://www.croma.com/search?q=Marshall+Audio+10+Soundbar+5.1
207,Amazon,30680.0,4.2,3022,True,https://www.amazon.com/search?q=Bose+Audio+14+Soundbar+5.1
207,Flipkart,30490.0,4.3,4975,True,https://www.flipkart.com/search?q=Bose+Audio+14+Soundbar+5.1
207,Croma,31170.0,4.1,179,True,https://www.croma.com/search?q=Bose+Audio+14+Soundbar+5.1
208,Amazon,29990.0,4.9,9447,True,https://www.amazon.com/search?q=Skullcandy+Audio+100+Soundbar+5.1
208,Flipkart,29380.0,4.0,5363,True,https://www.flipkart.com/search?q=Skullcandy+Audio+100+Soundbar+5.1
208,Croma,29270.0,4.8,3769,True,https://www.croma.com/search?q=Skullcandy+Audio+100+Soundbar+5.1
209,Amazon,16960.0,4.3,1424,True,https://www.amazon.com/search?q=Skullcandy+Audio+20+Soundbar+5.1
209,Flipkart,16040.0,4.2,5384,True,https://www.flipkart.com/search?q=Skullcandy+Audio+20+Soundbar+5.1
209,Croma,16990.0,4.2,1603,True,https://www.croma.com/search?q=Skullcandy+Audio+20+Soundbar+5.1
210,Amazon,16670.0,4.3,336,True,https://www.amazon.com/search?q=Marshall+Audio+500+Soundbar+5.1
210,Flipkart,16170.0,4.2,4238,True,https://www.flipkart.com/search?q=Marshall+Audio+500+Soundbar+5.1
210,Croma,16750.0,4.6,5892,True,https://www.croma.com/search?q=Marshall+Audio+500+Soundbar+5.1
211,Amazon,18900.0,4.3,7025,True,https://www.amazon.com/search?q=Skullcandy+Audio+1000+Wireless+Noise+Cancelling+Headphones
211,Flipkart,18310.0,4.9,6933,True,https://www.flipkart.com/search?q=Skullcandy+Audio+1000+Wireless+Noise+Cancelling+Headphones
211,Croma,18790.0,4.4,6354,True,https://www.croma.com/search?q=Skullcandy+Audio+1000+Wireless+Noise+Cancelling+Headphones
212,Amazon,34730.0,4.7,3845,True,https://www.amazon.com/search?q=Sennheiser+Audio+24+Portable+Bluetooth+Speaker
212,Flipkart,34040.0,4.1,1357,True,https://www.flipkart.com/search?q=Sennheiser+Audio+24+Portable+Bluetooth+Speaker
212,Croma,36150.0,4.7,697,True,https://www.croma.com/search?q=Sennheiser+Audio+24+Portable+Bluetooth+Speaker
213,Amazon,24940.0,4.1,2937,True,https://www.amazon.com/search?q=Apple+Audio+15+True+Wireless+Earbuds
213,Flipkart,24450.0,4.8,2786,True,https://www.flipkart.com/search?q=Apple+Audio+15+True+Wireless+Earbuds
213,Croma,26260.0,4.7,9112,True,https://www.croma.com/search?q=Apple+Audio+15+True+Wireless+Earbuds
214,Amazon,27540.0,4.9,8059,True,https://www.amazon.com/search?q=JBL+Audio+30+Wireless+Noise+Cancelling+Headphones
214,Flipkart,27030.0,4.6,7216,True,https://www.flipkart.com/search?q=JBL+Audio+30+Wireless+Noise+Cancelling+Headphones
214,Croma,26800.0,4.8,2853,True,https://www.croma.com/search?q=JBL+Audio+30+Wireless+Noise+Cancelling+Headphones
215,Amazon,5360.0,4.3,3262,True,https://www.amazon.com/search?q=Marshall+Audio+30+Soundbar+5.1
215,Flipkart,5190.0,4.4,9228,True,https://www.flipkart.com/search?q=Marshall+Audio+30+Soundbar+5.1
215,Croma,5230.0,4.6,8999,True,https://www.croma.com/search?q=Marshall+Audio+30+Soundbar+5.1
216,Amazon,2620.0,4.0,9155,True,https://www.amazon.com/search?q=Noise+Audio+200+Soundbar+5.1
216,Flipkart,2570.0,4.8,2666,True,https://www.flipkart.com/search?q=Noise+Audio+200+Soundbar+5.1
216,Croma,2640.0,4.0,212,True,https://www.croma.com/search?q=Noise+Audio+200+Soundbar+5.1
217,Amazon,19950.0,4.5,3421,True,https://www.amazon.com/search?q=Skullcandy+Audio+24+Wireless+Noise+Cancelling+Headphones
217,Flipkart,19360.0,4.1,3540,True,https://www.flipkart.com/search?q=Skullcandy+Audio+24+Wireless+Noise+Cancelling+Headphones
217,Croma,20460.0,4.2,4931,True,https://www.croma.com/search?q=Skullcandy+Audio+24+Wireless+Noise+Cancelling+Headphones
218,Amazon,15560.0,4.7,7865,True,https://www.amazon.com/search?q=Noise+Audio+50+True+Wireless+Earbuds
218,Flipkart,14760.0,4.4,4491,True,https://www.flipkart.com/search?q=Noise+Audio+50+True+Wireless+Earbuds
218,Croma,14900.0,4.1,9064,True,https://www.croma.com/search?q=Noise+Audio+50+True+Wireless+Earbuds
219,Amazon,25470.0,4.2,881,True,https://www.amazon.com/search?q=Noise+Audio+10+Soundbar+5.1
219,Flipkart,24900.0,4.2,7769,True,https://www.flipkart.com/search?q=Noise+Audio+10+Soundbar+5.1
219,Croma,25730.0,4.2,4550,True,https://www.croma.com/search?q=Noise+Audio+10+Soundbar+5.1
220,Amazon,9440.0,4.1,5782,True,https://www.amazon.com/search?q=Noise+Audio+50+True+Wireless+Earbuds
220,Flipkart,9000.0,4.7,6932,True,https://www.flipkart.com/search?q=Noise+Audio+50+True+Wireless+Earbuds
220,Croma,9620.0,4.9,3877,True,https://www.croma.com/search?q=Noise+Audio+50+True+Wireless+Earbuds
221,Amazon,28220.0,4.4,8923,True,https://www.amazon.com/search?q=Noise+Audio+12+Wireless+Noise+Cancelling+Headphones
221,Flipkart,28130.0,4.6,7929,True,https://www.flipkart.com/search?q=Noise+Audio+12+Wireless+Noise+Cancelling+Headphones
221,Croma,28980.0,4.5,4010,True,https://www.croma.com/search?q=Noise+Audio+12+Wireless+Noise+Cancelling+Headphones
222,Amazon,17550.0,4.6,8376,True,https://www.amazon.com/search?q=Skullcandy+Audio+10+True+Wireless+Earbuds
222,Flipkart,16740.0,4.5,8617,True,https://www.flipkart.com/search?q=Skullcandy+Audio+10+True+Wireless+Earbuds
222,Croma,18210.0,4.7,2565,True,https://www.croma.com/search?q=Skullcandy+Audio+10+True+Wireless+Earbuds
223,Amazon,21230.0,4.9,3621,True,https://www.amazon.com/search?q=boAt+Audio+50+True+Wireless+Earbuds
223,Flipkart,21650.0,4.7,2217,True,https://www.flipkart.com/search?q=boAt+Audio+50+True+Wireless+Earbuds
223,Croma,21530.0,4.0,1433,True,https://www.croma.com/search?q=boAt+Audio+50+True+Wireless+Earbuds
224,Amazon,17630.0,4.6,4375,True,https://www.amazon.com/search?q=Noise+Audio+30+Portable+Bluetooth+Speaker
224,Flipkart,16670.0,4.3,1247,True,https://www.flipkart.com/search?q=Noise+Audio+30+Portable+Bluetooth+Speaker
224,Croma,17820.0,4.1,9265,True,https://www.croma.com/search?q=Noise+Audio+30+Portable+Bluetooth+Speaker
225,Amazon,34730.0,4.4,352,True,https://www.amazon.com/search?q=Skullcandy+Audio+1000+Wireless+Noise+Cancelling+Headphones
225,Flipkart,33840.0,4.7,8711,True,https://www.flipkart.com/search?q=Skullcandy+Audio+1000+Wireless+Noise+Cancelling+Headphones
225,Croma,34830.0,4.7,1993,True,https://www.croma.com/search?q=Skullcandy+Audio+1000+Wireless+Noise+Cancelling+Headphones
226,Amazon,5670.0,4.7,1791,True,https://www.amazon.com/search?q=boAt+Audio+500+True+Wireless+Earbuds
226,Flipkart,5450.0,4.8,9369,True,https://www.flipkart.com/search?q=boAt+Audio+500+True+Wireless+Earbuds
226,Croma,5790.0,4.7,4837,True,https://www.croma.com/search?q=boAt+Audio+500+True+Wireless+Earbuds
227,Amazon,2720.0,4.2,8105,True,https://www.amazon.com/search?q=Sony+Audio+15+True+Wireless+Earbuds
227,Flipkart,2670.0,4.5,7900,True,https://www.flipkart.com/search?q=Sony+Audio+15+True+Wireless+Earbuds
227,Croma,2750.0,4.0,4662,True,https://www.croma.com/search?q=Sony+Audio+15+True+Wireless+Earbuds
228,Amazon,8500.0,4.4,6634,True,https://www.amazon.com/search?q=JBL+Audio+50+True+Wireless+Earbuds
228,Flipkart,8430.0,4.8,5581,True,https://www.flipkart.com/search?q=JBL+Audio+50+True+Wireless+Earbuds
228,Croma,8740.0,4.6,957,True,https://www.croma.com/search?q=JBL+Audio+50+True+Wireless+Earbuds
229,Amazon,12060.0,4.0,5115,True,https://www.amazon.com/search?q=Skullcandy+Audio+24+Portable+Bluetooth+Speaker
229,Flipkart,11940.0,4.3,8204,True,https://www.flipkart.com/search?q=Skullcandy+Audio+24+Portable+Bluetooth+Speaker
229,Croma,12300.0,4.8,1759,True,https://www.croma.com/search?q=Skullcandy+Audio+24+Portable+Bluetooth+Speaker
230,Amazon,38550.0,4.7,5407,True,https://www.amazon.com/search?q=Apple+Audio+12+Portable+Bluetooth+Speaker
230,Flipkart,36000.0,4.2,6978,True,https://www.flipkart.com/search?q=Apple+Audio+12+Portable+Bluetooth+Speaker
230,Croma,37350.0,4.5,1612,True,https://www.croma.com/search?q=Apple+Audio+12+Portable+Bluetooth+Speaker
231,Amazon,13500.0,4.7,8612,True,https://www.amazon.com/search?q=Sennheiser+Audio+30+Soundbar+5.1
231,Flipkart,13230.0,4.8,1070,True,https://www.flipkart.com/search?q=Sennheiser+Audio+30+Soundbar+5.1
231,Croma,14200.0,4.5,2754,True,https://www.croma.com/search?q=Sennheiser+Audio+30+Soundbar+5.1
232,Amazon,19680.0,4.7,8739,True,https://www.amazon.com/search?q=JBL+Audio+1000+Wireless+Noise+Cancelling+Headphones
232,Flipkart,20080.0,4.8,624,True,https://www.flipkart.com/search?q=JBL+Audio+1000+Wireless+Noise+Cancelling+Headphones
232,Croma,20320.0,4.2,3438,True,https://www.croma.com/search?q=JBL+Audio+1000+Wireless+Noise+Cancelling+Headphones
233,Amazon,28720.0,4.8,3412,True,https://www.amazon.com/search?q=Sony+Audio+100+Portable+Bluetooth+Speaker
233,Flipkart,27080.0,4.2,7755,True,https://www.flipkart.com/search?q=Sony+Audio+100+Portable+Bluetooth+Speaker
233,Croma,28340.0,4.5,2179,True,https://www.croma.com/search?q=Sony+Audio+100+Portable+Bluetooth+Speaker
234,Amazon,27870.0,4.4,7925,True,https://www.amazon.com/search?q=Bose+Audio+10+Portable+Bluetooth+Speaker
234,Flipkart,26520.0,4.5,5880,True,https://www.flipkart.com/search?q=Bose+Audio+10+Portable+Bluetooth+Speaker
234,Croma,27820.0,4.3,4387,True,https://www.croma.com/search?q=Bose+Audio+10+Portable+Bluetooth+Speaker
235,Amazon,30490.0,4.3,2819,True,https://www.amazon.com/search?q=Bose+Audio+24+Soundbar+5.1
235,Flipkart,29750.0,4.8,3661,True,https://www.flipkart.com/search?q=Bose+Audio+24+Soundbar+5.1
235,Croma,29930.0,4.8,3838,True,https://www.croma.com/search?q=Bose+Audio+24+Soundbar+5.1
236,Amazon,34300.0,4.0,295,True,https://www.amazon.com/search?q=Noise+Audio+1000+True+Wireless+Earbuds
236,Flipkart,32710.0,4.4,2317,True,https://www.flipkart.com/search?q=Noise+Audio+1000+True+Wireless+Earbuds
236,Croma,34080.0,4.6,288,True,https://www.croma.com/search?q=Noise+Audio+1000+True+Wireless+Earbuds
237,Amazon,28000.0,4.6,4661,True,https://www.amazon.com/search?q=Marshall+Audio+50+Soundbar+5.1
237,Flipkart,28100.0,4.4,6318,True,https://www.flipkart.com/search?q=Marshall+Audio+50+Soundbar+5.1
237,Croma,29600.0,4.8,7670,True,https://www.croma.com/search?q=Marshall+Audio+50+Soundbar+5.1
238,Amazon,18520.0,4.7,6656,True,https://www.amazon.com/search?q=boAt+Audio+12+True+Wireless+Earbuds
238,Flipkart,18370.0,4.5,270,True,https://www.flipkart.com/search?q=boAt+Audio+12+True+Wireless+Earbuds
238,Croma,19220.0,4.5,6281,True,https://www.croma.com/search?q=boAt+Audio+12+True+Wireless+Earbuds
239,Amazon,25080.0,4.6,8042,True,https://www.amazon.com/search?q=JBL+Audio+200+Soundbar+5.1
239,Flipkart,24610.0,4.1,4679,True,https://www.flipkart.com/search?q=JBL+Audio+200+Soundbar+5.1
239,Croma,24910.0,4.6,4686,True,https://www.croma.com/search?q=JBL+Audio+200+Soundbar+5.1
240,Amazon,12540.0,4.3,2606,True,https://www.amazon.com/search?q=Sony+Audio+24+Soundbar+5.1
240,Flipkart,12630.0,4.5,4087,True,https://www.flipkart.com/search?q=Sony+Audio+24+Soundbar+5.1
240,Croma,13180.0,4.8,6770,True,https://www.croma.com/search?q=Sony+Audio+24+Soundbar+5.1
241,Amazon,22840.0,4.6,4993,True,https://www.amazon.com/search?q=JBL+Audio+20+Portable+Bluetooth+Speaker
241,Flipkart,22390.0,4.2,7007,True,https://www.flipkart.com/search?q=JBL+Audio+20+Portable+Bluetooth+Speaker
241,Croma,23160.0,4.4,728,True,https://www.croma.com/search?q=JBL+Audio+20+Portable+Bluetooth+Speaker
242,Amazon,13370.0,4.3,3793,True,https://www.amazon.com/search?q=Sennheiser+Audio+100+Wireless+Noise+Cancelling+Headphones
242,Flipkart,13440.0,4.6,7944,True,https://www.flipkart.com/search?q=Sennheiser+Audio+100+Wireless+Noise+Cancelling+Headphones
242,Croma,13710.0,4.8,6023,True,https://www.croma.com/search?q=Sennheiser+Audio+100+Wireless+Noise+Cancelling+Headphones
243,Amazon,36020.0,4.8,3117,True,https://www.amazon.com/search?q=JBL+Audio+50+Soundbar+5.1
243,Flipkart,36030.0,4.3,7863,True,https://www.flipkart.com/search?q=JBL+Audio+50+Soundbar+5.1
243,Croma,37160.0,4.1,4387,True,https://www.croma.com/search?q=JBL+Audio+50+Soundbar+5.1
244,Amazon,2510.0,4.9,5649,True,https://www.amazon.com/search?q=Skullcandy+Audio+50+Soundbar+5.1
244,Flipkart,2430.0,4.6,3791,True,https://www.flipkart.com/search?q=Skullcandy+Audio+50+Soundbar+5.1
244,Croma,2560.0,4.3,5181,True,https://www.croma.com/search?q=Skullcandy+Audio+50+Soundbar+5.1
245,Amazon,16450.0,4.5,7748,True,https://www.amazon.com/search?q=Sennheiser+Audio+30+True+Wireless+Earbuds
245,Flipkart,16590.0,4.8,7859,True,https://www.flipkart.com/search?q=Sennheiser+Audio+30+True+Wireless+Earbuds
245,Croma,16570.0,4.0,1316,True,https://www.croma.com/search?q=Sennheiser+Audio+30+True+Wireless+Earbuds
246,Amazon,34420.0,4.6,8830,True,https://www.amazon.com/search?q=boAt+Audio+100+Soundbar+5.1
246,Flipkart,33090.0,4.3,1035,True,https://www.flipkart.com/search?q=boAt+Audio+100+Soundbar+5.1
246,Croma,34020.0,4.8,2620,True,https://www.croma.com/search?q=boAt+Audio+100+Soundbar+5.1
247,Amazon,28960.0,4.5,7646,True,https://www.amazon.com/search?q=Noise+Audio+24+Portable+Bluetooth+Speaker
247,Flipkart,28450.0,4.1,3104,True,https://www.flipkart.com/search?q=Noise+Audio+24+Portable+Bluetooth+Speaker
247,Croma,29780.0,4.7,8138,True,https://www.croma.com/search?q=Noise+Audio+24+Portable+Bluetooth+Speaker
248,Amazon,8840.0,4.1,7556,True,https://www.amazon.com/search?q=Sennheiser+Audio+15+Portable+Bluetooth+Speaker
248,Flipkart,9020.0,4.2,2912,True,https://www.flipkart.com/search?q=Sennheiser+Audio+15+Portable+Bluetooth+Speaker
248,Croma,8920.0,4.5,2745,True,https://www.croma.com/search?q=Sennheiser+Audio+15+Portable+Bluetooth+Speaker
249,Amazon,34750.0,4.6,7185,True,https://www.amazon.com/search?q=boAt+Audio+1000+Wireless+Noise+Cancelling+Headphones
249,Flipkart,34620.0,4.4,7971,True,https://www.flipkart.com/search?q=boAt+Audio+1000+Wireless+Noise+Cancelling+Headphones
249,Croma,34230.0,4.3,768,True,https://www.croma.com/search?q=boAt+Audio+1000+Wireless+Noise+Cancelling+Headphones
250,Amazon,31610.0,4.8,8850,True,https://www.amazon.com/search?q=JBL+Audio+1000+True+Wireless+Earbuds
250,Flipkart,31340.0,4.2,217,True,https://www.flipkart.com/search?q=JBL+Audio+1000+True+Wireless+Earbuds
250,Croma,32770.0,4.6,4226,True,https://www.croma.com/search?q=JBL+Audio+1000+True+Wireless+Earbuds
251,Amazon,38090.0,4.1,8396,True,https://www.amazon.com/search?q=Noise+Smartwatche+15+GPS+Fitness+Smartwatch
251,Flipkart,38870.0,4.5,2886,True,https://www.flipkart.com/search?q=Noise+Smartwatche+15+GPS+Fitness+Smartwatch
251,Croma,38710.0,4.1,899,True,https://www.croma.com/search?q=Noise+Smartwatche+15+GPS+Fitness+Smartwatch
252,Amazon,3660.0,4.5,5685,True,https://www.amazon.com/search?q=Fire-Boltt+Smartwatche+20+AMOLED+Calling+Watch
252,Flipkart,3580.0,4.4,2342,True,https://www.flipkart.com/search?q=Fire-Boltt+Smartwatche+20+AMOLED+Calling+Watch
252,Croma,3800.0,4.3,8181,True,https://www.croma.com/search?q=Fire-Boltt+Smartwatche+20+AMOLED+Calling+Watch
253,Amazon,8570.0,4.8,6759,True,https://www.amazon.com/search?q=Garmin+Smartwatche+10+Sports+Edition+Watch
253,Flipkart,8290.0,4.0,3825,True,https://www.flipkart.com/search?q=Garmin+Smartwatche+10+Sports+Edition+Watch
253,Croma,8980.0,4.7,2299,True,https://www.croma.com/search?q=Garmin+Smartwatche+10+Sports+Edition+Watch
254,Amazon,61840.0,4.1,762,True,https://www.amazon.com/search?q=Noise+Smartwatche+500+AMOLED+Calling+Watch
254,Flipkart,59760.0,4.3,4340,True,https://www.flipkart.com/search?q=Noise+Smartwatche+500+AMOLED+Calling+Watch
254,Croma,63670.0,4.7,946,True,https://www.croma.com/search?q=Noise+Smartwatche+500+AMOLED+Calling+Watch
255,Amazon,61830.0,4.8,940,True,https://www.amazon.com/search?q=Apple+Smartwatche+50+Sports+Edition+Watch
255,Flipkart,58420.0,4.6,6978,True,https://www.flipkart.com/search?q=Apple+Smartwatche+50+Sports+Edition+Watch
255,Croma,60590.0,4.4,2174,True,https://www.croma.com/search?q=Apple+Smartwatche+50+Sports+Edition+Watch
256,Amazon,33440.0,4.6,302,True,https://www.amazon.com/search?q=Fire-Boltt+Smartwatche+10+AMOLED+Calling+Watch
256,Flipkart,32590.0,4.3,1804,True,https://www.flipkart.com/search?q=Fire-Boltt+Smartwatche+10+AMOLED+Calling+Watch
256,Croma,32970.0,4.6,4573,True,https://www.croma.com/search?q=Fire-Boltt+Smartwatche+10+AMOLED+Calling+Watch
257,Amazon,63660.0,4.8,8531,True,https://www.amazon.com/search?q=Samsung+Smartwatche+30+GPS+Fitness+Smartwatch
257,Flipkart,62650.0,4.6,2078,True,https://www.flipkart.com/search?q=Samsung+Smartwatche+30+GPS+Fitness+Smartwatch
257,Croma,63520.0,4.3,1891,True,https://www.croma.com/search?q=Samsung+Smartwatche+30+GPS+Fitness+Smartwatch
258,Amazon,72000.0,4.7,3454,True,https://www.amazon.com/search?q=Apple+Smartwatche+14+AMOLED+Calling+Watch
258,Flipkart,70990.0,4.3,6863,True,https://www.flipkart.com/search?q=Apple+Smartwatche+14+AMOLED+Calling+Watch
258,Croma,74030.0,4.3,795,True,https://www.croma.com/search?q=Apple+Smartwatche+14+AMOLED+Calling+Watch
259,Amazon,71560.0,4.4,3992,True,https://www.amazon.com/search?q=Samsung+Smartwatche+12+AMOLED+Calling+Watch
259,Flipkart,71690.0,4.0,1608,True,https://www.flipkart.com/search?q=Samsung+Smartwatche+12+AMOLED+Calling+Watch
259,Croma,72940.0,4.8,8245,True,https://www.croma.com/search?q=Samsung+Smartwatche+12+AMOLED+Calling+Watch
260,Amazon,55740.0,4.7,1809,True,https://www.amazon.com/search?q=Fitbit+Smartwatche+50+Classic+Leather+Watch
260,Flipkart,54320.0,4.8,3937,True,https://www.flipkart.com/search?q=Fitbit+Smartwatche+50+Classic+Leather+Watch
260,Croma,57640.0,4.4,5000,True,https://www.croma.com/search?q=Fitbit+Smartwatche+50+Classic+Leather+Watch
261,Amazon,78050.0,4.8,4910,True,https://www.amazon.com/search?q=Amazfit+Smartwatche+200+Sports+Edition+Watch
261,Flipkart,75310.0,4.3,5273,True,https://www.flipkart.com/search?q=Amazfit+Smartwatche+200+Sports+Edition+Watch
261,Croma,81630.0,4.4,2048,True,https://www.croma.com/search?q=Amazfit+Smartwatche+200+Sports+Edition+Watch
262,Amazon,27490.0,4.8,2943,True,https://www.amazon.com/search?q=Samsung+Smartwatche+500+AMOLED+Calling+Watch
262,Flipkart,28080.0,4.3,7321,True,https://www.flipkart.com/search?q=Samsung+Smartwatche+500+AMOLED+Calling+Watch
262,Croma,27700.0,4.9,4545,True,https://www.croma.com/search?q=Samsung+Smartwatche+500+AMOLED+Calling+Watch
263,Amazon,24120.0,4.2,6716,True,https://www.amazon.com/search?q=Samsung+Smartwatche+15+AMOLED+Calling+Watch
263,Flipkart,22460.0,4.4,7629,True,https://www.flipkart.com/search?q=Samsung+Smartwatche+15+AMOLED+Calling+Watch
263,Croma,24280.0,4.2,6469,True,https://www.croma.com/search?q=Samsung+Smartwatche+15+AMOLED+Calling+Watch
264,Amazon,53360.0,4.8,2882,True,https://www.amazon.com/search?q=Samsung+Smartwatche+10+AMOLED+Calling+Watch
264,Flipkart,51540.0,4.1,1110,True,https://www.flipkart.com/search?q=Samsung+Smartwatche+10+AMOLED+Calling+Watch
264,Croma,53020.0,4.9,2761,True,https://www.croma.com/search?q=Samsung+Smartwatche+10+AMOLED+Calling+Watch
265,Amazon,29920.0,4.5,7328,True,https://www.amazon.com/search?q=Fossil+Smartwatche+10+Sports+Edition+Watch
265,Flipkart,30840.0,4.2,6371,True,https://www.flipkart.com/search?q=Fossil+Smartwatche+10+Sports+Edition+Watch
265,Croma,30970.0,4.7,622,True,https://www.croma.com/search?q=Fossil+Smartwatche+10+Sports+Edition+Watch
266,Amazon,31680.0,4.8,8064,True,https://www.amazon.com/search?q=Noise+Smartwatche+12+Classic+Leather+Watch
266,Flipkart,31060.0,4.8,2000,True,https://www.flipkart.com/search?q=Noise+Smartwatche+12+Classic+Leather+Watch
266,Croma,31740.0,4.8,7370,True,https://www.croma.com/search?q=Noise+Smartwatche+12+Classic+Leather+Watch
267,Amazon,67730.0,4.6,8748,True,https://www.amazon.com/search?q=Fitbit+Smartwatche+12+Classic+Leather+Watch
267,Flipkart,67210.0,4.7,9407,True,https://www.flipkart.com/search?q=Fitbit+Smartwatche+12+Classic+Leather+Watch
267,Croma,69650.0,4.2,5692,True,https://www.croma.com/search?q=Fitbit+Smartwatche+12+Classic+Leather+Watch
268,Amazon,10840.0,4.4,4222,True,https://www.amazon.com/search?q=Garmin+Smartwatche+14+Sports+Edition+Watch
268,Flipkart,10730.0,4.4,6455,True,https://www.flipkart.com/search?q=Garmin+Smartwatche+14+Sports+Edition+Watch
268,Croma,11020.0,4.1,9297,True,https://www.croma.com/search?q=Garmin+Smartwatche+14+Sports+Edition+Watch
269,Amazon,74570.0,4.8,8433,True,https://www.amazon.com/search?q=Garmin+Smartwatche+200+Sports+Edition+Watch
269,Flipkart,71760.0,4.8,8273,True,https://www.flipkart.com/search?q=Garmin+Smartwatche+200+Sports+Edition+Watch
269,Croma,71290.0,4.8,1376,True,https://www.croma.com/search?q=Garmin+Smartwatche+200+Sports+Edition+Watch
270,Amazon,40440.0,4.3,8455,True,https://www.amazon.com/search?q=Fossil+Smartwatche+50+GPS+Fitness+Smartwatch
270,Flipkart,38520.0,4.2,6353,True,https://www.flipkart.com/search?q=Fossil+Smartwatche+50+GPS+Fitness+Smartwatch
270,Croma,39800.0,4.4,4000,True,https://www.croma.com/search?q=Fossil+Smartwatche+50+GPS+Fitness+Smartwatch
271,Amazon,67320.0,4.1,8316,True,https://www.amazon.com/search?q=Amazfit+Smartwatche+100+Sports+Edition+Watch
271,Flipkart,67460.0,4.4,2094,True,https://www.flipkart.com/search?q=Amazfit+Smartwatche+100+Sports+Edition+Watch
271,Croma,70210.0,4.9,441,True,https://www.croma.com/search?q=Amazfit+Smartwatche+100+Sports+Edition+Watch
272,Amazon,6670.0,4.0,1639,True,https://www.amazon.com/search?q=Fossil+Smartwatche+200+GPS+Fitness+Smartwatch
272,Flipkart,6660.0,4.7,5140,True,https://www.flipkart.com/search?q=Fossil+Smartwatche+200+GPS+Fitness+Smartwatch
272,Croma,6940.0,4.8,9363,True,https://www.croma.com/search?q=Fossil+Smartwatche+200+GPS+Fitness+Smartwatch
273,Amazon,13050.0,4.3,1039,True,https://www.amazon.com/search?q=Fire-Boltt+Smartwatche+10+Sports+Edition+Watch
273,Flipkart,13160.0,4.7,7595,True,https://www.flipkart.com/search?q=Fire-Boltt+Smartwatche+10+Sports+Edition+Watch
273,Croma,13820.0,4.3,7901,True,https://www.croma.com/search?q=Fire-Boltt+Smartwatche+10+Sports+Edition+Watch
274,Amazon,7030.0,4.1,3783,True,https://www.amazon.com/search?q=Apple+Smartwatche+200+Sports+Edition+Watch
274,Flipkart,6730.0,4.0,5968,True,https://www.flipkart.com/search?q=Apple+Smartwatche+200+Sports+Edition+Watch
274,Croma,6990.0,4.7,4933,True,https://www.croma.com/search?q=Apple+Smartwatche+200+Sports+Edition+Watch
275,Amazon,24580.0,4.8,8217,True,https://www.amazon.com/search?q=Fossil+Smartwatche+20+Classic+Leather+Watch
275,Flipkart,23800.0,4.1,6854,True,https://www.flipkart.com/search?q=Fossil+Smartwatche+20+Classic+Leather+Watch
275,Croma,24160.0,4.1,3359,True,https://www.croma.com/search?q=Fossil+Smartwatche+20+Classic+Leather+Watch
276,Amazon,59230.0,4.4,3272,True,https://www.amazon.com/search?q=Amazfit+Smartwatche+12+Classic+Leather+Watch
276,Flipkart,60790.0,4.6,1915,True,https://www.flipkart.com/search?q=Amazfit+Smartwatche+12+Classic+Leather+Watch
276,Croma,60650.0,4.7,911,True,https://www.croma.com/search?q=Amazfit+Smartwatche+12+Classic+Leather+Watch
277,Amazon,87610.0,4.7,7531,True,https://www.amazon.com/search?q=Amazfit+Smartwatche+24+Sports+Edition+Watch
277,Flipkart,85330.0,4.4,8410,True,https://www.flipkart.com/search?q=Amazfit+Smartwatche+24+Sports+Edition+Watch
277,Croma,86690.0,4.1,8322,True,https://www.croma.com/search?q=Amazfit+Smartwatche+24+Sports+Edition+Watch
278,Amazon,61570.0,4.4,8062,True,https://www.amazon.com/search?q=Garmin+Smartwatche+30+Sports+Edition+Watch
278,Flipkart,63170.0,4.8,3053,True,https://www.flipkart.com/search?q=Garmin+Smartwatche+30+Sports+Edition+Watch
278,Croma,64440.0,4.6,2995,True,https://www.croma.com/search?q=Garmin+Smartwatche+30+Sports+Edition+Watch
279,Amazon,13010.0,4.5,5423,True,https://www.amazon.com/search?q=Amazfit+Smartwatche+50+GPS+Fitness+Smartwatch
279,Flipkart,12250.0,4.5,6452,True,https://www.flipkart.com/search?q=Amazfit+Smartwatche+50+GPS+Fitness+Smartwatch
279,Croma,12870.0,4.4,4217,True,https://www.croma.com/search?q=Amazfit+Smartwatche+50+GPS+Fitness+Smartwatch
280,Amazon,51500.0,4.4,2335,True,https://www.amazon.com/search?q=Noise+Smartwatche+12+Sports+Edition+Watch
280,Flipkart,52680.0,4.1,8543,True,https://www.flipkart.com/search?q=Noise+Smartwatche+12+Sports+Edition+Watch
280,Croma,54350.0,4.3,9125,True,https://www.croma.com/search?q=Noise+Smartwatche+12+Sports+Edition+Watch
281,Amazon,8840.0,4.6,3441,True,https://www.amazon.com/search?q=Apple+Smartwatche+30+Classic+Leather+Watch
281,Flipkart,8580.0,4.2,4910,True,https://www.flipkart.com/search?q=Apple+Smartwatche+30+Classic+Leather+Watch
281,Croma,8970.0,4.6,2323,True,https://www.croma.com/search?q=Apple+Smartwatche+30+Classic+Leather+Watch
282,Amazon,58630.0,4.5,5431,True,https://www.amazon.com/search?q=Fire-Boltt+Smartwatche+500+Classic+Leather+Watch
282,Flipkart,56250.0,4.6,5921,True,https://www.flipkart.com/search?q=Fire-Boltt+Smartwatche+500+Classic+Leather+Watch
282,Croma,59150.0,4.5,9499,True,https://www.croma.com/search?q=Fire-Boltt+Smartwatche+500+Classic+Leather+Watch
283,Amazon,18750.0,4.8,8897,True,https://www.amazon.com/search?q=Fitbit+Smartwatche+100+Sports+Edition+Watch
283,Flipkart,18100.0,4.3,7070,True,https://www.flipkart.com/search?q=Fitbit+Smartwatche+100+Sports+Edition+Watch
283,Croma,18630.0,4.7,8714,True,https://www.croma.com/search?q=Fitbit+Smartwatche+100+Sports+Edition+Watch
284,Amazon,5370.0,4.1,4524,True,https://www.amazon.com/search?q=Fossil+Smartwatche+12+Classic+Leather+Watch
284,Flipkart,5350.0,4.7,2786,True,https://www.flipkart.com/search?q=Fossil+Smartwatche+12+Classic+Leather+Watch
284,Croma,5410.0,4.9,4255,True,https://www.croma.com/search?q=Fossil+Smartwatche+12+Classic+Leather+Watch
285,Amazon,68920.0,4.2,9016,True,https://www.amazon.com/search?q=Fitbit+Smartwatche+20+AMOLED+Calling+Watch
285,Flipkart,67060.0,4.0,7565,True,https://www.flipkart.com/search?q=Fitbit+Smartwatche+20+AMOLED+Calling+Watch
285,Croma,72500.0,4.1,9355,True,https://www.croma.com/search?q=Fitbit+Smartwatche+20+AMOLED+Calling+Watch
286,Amazon,16420.0,4.2,4862,True,https://www.amazon.com/search?q=Amazfit+Smartwatche+15+GPS+Fitness+Smartwatch
286,Flipkart,15960.0,4.6,919,True,https://www.flipkart.com/search?q=Amazfit+Smartwatche+15+GPS+Fitness+Smartwatch
286,Croma,16290.0,4.8,6499,True,https://www.croma.com/search?q=Amazfit+Smartwatche+15+GPS+Fitness+Smartwatch
287,Amazon,38080.0,4.9,1031,True,https://www.amazon.com/search?q=Samsung+Smartwatche+50+AMOLED+Calling+Watch
287,Flipkart,38180.0,4.0,4267,True,https://www.flipkart.com/search?q=Samsung+Smartwatche+50+AMOLED+Calling+Watch
287,Croma,39140.0,4.2,7409,True,https://www.croma.com/search?q=Samsung+Smartwatche+50+AMOLED+Calling+Watch
288,Amazon,61970.0,4.6,9105,True,https://www.amazon.com/search?q=Noise+Smartwatche+50+Classic+Leather+Watch
288,Flipkart,61000.0,4.7,3368,True,https://www.flipkart.com/search?q=Noise+Smartwatche+50+Classic+Leather+Watch
288,Croma,62130.0,4.7,3320,True,https://www.croma.com/search?q=Noise+Smartwatche+50+Classic+Leather+Watch
289,Amazon,25320.0,4.2,2997,True,https://www.amazon.com/search?q=Fossil+Smartwatche+30+AMOLED+Calling+Watch
289,Flipkart,24590.0,4.7,2105,True,https://www.flipkart.com/search?q=Fossil+Smartwatche+30+AMOLED+Calling+Watch
289,Croma,26220.0,4.3,7170,True,https://www.croma.com/search?q=Fossil+Smartwatche+30+AMOLED+Calling+Watch
290,Amazon,52830.0,4.8,242,True,https://www.amazon.com/search?q=Garmin+Smartwatche+20+GPS+Fitness+Smartwatch
290,Flipkart,51650.0,4.3,2686,True,https://www.flipkart.com/search?q=Garmin+Smartwatche+20+GPS+Fitness+Smartwatch
290,Croma,53000.0,4.0,5435,True,https://www.croma.com/search?q=Garmin+Smartwatche+20+GPS+Fitness+Smartwatch
291,Amazon,39280.0,4.8,5084,True,https://www.amazon.com/search?q=Noise+Smartwatche+20+GPS+Fitness+Smartwatch
291,Flipkart,38900.0,4.4,9163,True,https://www.flipkart.com/search?q=Noise+Smartwatche+20+GPS+Fitness+Smartwatch
291,Croma,39770.0,4.3,5357,True,https://www.croma.com/search?q=Noise+Smartwatche+20+GPS+Fitness+Smartwatch
292,Amazon,69080.0,4.7,2761,True,https://www.amazon.com/search?q=Fossil+Smartwatche+50+AMOLED+Calling+Watch
292,Flipkart,69510.0,4.4,8948,True,https://www.flipkart.com/search?q=Fossil+Smartwatche+50+AMOLED+Calling+Watch
292,Croma,69790.0,4.4,5874,True,https://www.croma.com/search?q=Fossil+Smartwatche+50+AMOLED+Calling+Watch
293,Amazon,68320.0,4.3,3729,True,https://www.amazon.com/search?q=Fire-Boltt+Smartwatche+100+Sports+Edition+Watch
293,Flipkart,66820.0,4.9,8841,True,https://www.flipkart.com/search?q=Fire-Boltt+Smartwatche+100+Sports+Edition+Watch
293,Croma,69530.0,4.4,9346,True,https://www.croma.com/search?q=Fire-Boltt+Smartwatche+100+Sports+Edition+Watch
294,Amazon,32280.0,4.6,7451,True,https://www.amazon.com/search?q=Fossil+Smartwatche+15+Sports+Edition+Watch
294,Flipkart,31930.0,4.2,4144,True,https://www.flipkart.com/search?q=Fossil+Smartwatche+15+Sports+Edition+Watch
294,Croma,30990.0,4.9,5408,True,https://www.croma.com/search?q=Fossil+Smartwatche+15+Sports+Edition+Watch
295,Amazon,7260.0,4.2,4783,True,https://www.amazon.com/search?q=Amazfit+Smartwatche+30+AMOLED+Calling+Watch
295,Flipkart,7300.0,4.0,8618,True,https://www.flipkart.com/search?q=Amazfit+Smartwatche+30+AMOLED+Calling+Watch
295,Croma,7210.0,4.7,6293,True,https://www.croma.com/search?q=Amazfit+Smartwatche+30+AMOLED+Calling+Watch
296,Amazon,84630.0,4.3,3304,True,https://www.amazon.com/search?q=Fossil+Smartwatche+30+Classic+Leather+Watch
296,Flipkart,82820.0,4.3,1499,True,https://www.flipkart.com/search?q=Fossil+Smartwatche+30+Classic+Leather+Watch
296,Croma,85370.0,4.9,2892,True,https://www.croma.com/search?q=Fossil+Smartwatche+30+Classic+Leather+Watch
297,Amazon,18100.0,4.6,3603,True,https://www.amazon.com/search?q=Garmin+Smartwatche+10+Classic+Leather+Watch
297,Flipkart,17510.0,4.6,3642,True,https://www.flipkart.com/search?q=Garmin+Smartwatche+10+Classic+Leather+Watch
297,Croma,17800.0,4.8,7100,True,https://www.croma.com/search?q=Garmin+Smartwatche+10+Classic+Leather+Watch
298,Amazon,14650.0,4.8,7280,True,https://www.amazon.com/search?q=Fire-Boltt+Smartwatche+50+GPS+Fitness+Smartwatch
298,Flipkart,13780.0,4.6,1331,True,https://www.flipkart.com/search?q=Fire-Boltt+Smartwatche+50+GPS+Fitness+Smartwatch
298,Croma,14790.0,4.7,2669,True,https://www.croma.com/search?q=Fire-Boltt+Smartwatche+50+GPS+Fitness+Smartwatch
299,Amazon,19260.0,4.1,3066,True,https://www.amazon.com/search?q=Fossil+Smartwatche+1000+GPS+Fitness+Smartwatch
299,Flipkart,19710.0,4.7,9293,True,https://www.flipkart.com/search?q=Fossil+Smartwatche+1000+GPS+Fitness+Smartwatch
299,Croma,19480.0,4.1,3879,True,https://www.croma.com/search?q=Fossil+Smartwatche+1000+GPS+Fitness+Smartwatch
300,Amazon,35770.0,4.4,5333,True,https://www.amazon.com/search?q=Garmin+Smartwatche+50+GPS+Fitness+Smartwatch
300,Flipkart,33930.0,4.0,2088,True,https://www.flipkart.com/search?q=Garmin+Smartwatche+50+GPS+Fitness+Smartwatch
300,Croma,35120.0,4.5,1186,True,https://www.croma.com/search?q=Garmin+Smartwatche+50+GPS+Fitness+Smartwatch
301,Amazon,17380.0,4.1,8388,True,https://www.amazon.com/search?q=Seagate+Accessorie+24+Wireless+Mechanical+Keyboard
301,Flipkart,16830.0,4.1,5087,True,https://www.flipkart.com/search?q=Seagate+Accessorie+24+Wireless+Mechanical+Keyboard
301,Croma,17500.0,4.5,4762,True,https://www.croma.com/search?q=Seagate+Accessorie+24+Wireless+Mechanical+Keyboard
302,Amazon,1640.0,4.6,7915,True,https://www.amazon.com/search?q=Belkin+Accessorie+100+100W+GaN+Fast+Charger
302,Flipkart,1570.0,4.1,3752,True,https://www.flipkart.com/search?q=Belkin+Accessorie+100+100W+GaN+Fast+Charger
302,Croma,1620.0,4.1,6556,True,https://www.croma.com/search?q=Belkin+Accessorie+100+100W+GaN+Fast+Charger
303,Amazon,9580.0,4.6,5033,True,https://www.amazon.com/search?q=Anker+Accessorie+500+Ergonomic+Optical+Mouse
303,Flipkart,9410.0,4.6,6263,True,https://www.flipkart.com/search?q=Anker+Accessorie+500+Ergonomic+Optical+Mouse
303,Croma,9380.0,4.9,332,True,https://www.croma.com/search?q=Anker+Accessorie+500+Ergonomic+Optical+Mouse
304,Amazon,3620.0,4.0,6606,True,https://www.amazon.com/search?q=Anker+Accessorie+12+100W+GaN+Fast+Charger
304,Flipkart,3550.0,4.5,1544,True,https://www.flipkart.com/search?q=Anker+Accessorie+12+100W+GaN+Fast+Charger
304,Croma,3560.0,4.3,5783,True,https://www.croma.com/search?q=Anker+Accessorie+12+100W+GaN+Fast+Charger
305,Amazon,1870.0,4.1,3164,True,https://www.amazon.com/search?q=Samsung+Accessorie+10+Ultra+High-Speed+NVMe+SSD+1TB
305,Flipkart,1910.0,4.2,4290,True,https://www.flipkart.com/search?q=Samsung+Accessorie+10+Ultra+High-Speed+NVMe+SSD+1TB
305,Croma,1960.0,4.2,3121,True,https://www.croma.com/search?q=Samsung+Accessorie+10+Ultra+High-Speed+NVMe+SSD+1TB
306,Amazon,12290.0,4.7,9142,True,https://www.amazon.com/search?q=Logitech+Accessorie+24+Ultra+High-Speed+NVMe+SSD+1TB
306,Flipkart,11960.0,4.4,9155,True,https://www.flipkart.com/search?q=Logitech+Accessorie+24+Ultra+High-Speed+NVMe+SSD+1TB
306,Croma,11950.0,4.1,1253,True,https://www.croma.com/search?q=Logitech+Accessorie+24+Ultra+High-Speed+NVMe+SSD+1TB
307,Amazon,13090.0,4.9,6001,True,https://www.amazon.com/search?q=Samsung+Accessorie+100+Ergonomic+Optical+Mouse
307,Flipkart,12770.0,4.1,3992,True,https://www.flipkart.com/search?q=Samsung+Accessorie+100+Ergonomic+Optical+Mouse
307,Croma,13510.0,4.1,1293,True,https://www.croma.com/search?q=Samsung+Accessorie+100+Ergonomic+Optical+Mouse
308,Amazon,3020.0,4.6,5158,True,https://www.amazon.com/search?q=Samsung+Accessorie+14+Ergonomic+Optical+Mouse
308,Flipkart,2850.0,4.6,2646,True,https://www.flipkart.com/search?q=Samsung+Accessorie+14+Ergonomic+Optical+Mouse
308,Croma,2970.0,4.5,6121,True,https://www.croma.com/search?q=Samsung+Accessorie+14+Ergonomic+Optical+Mouse
309,Amazon,18980.0,4.3,3779,True,https://www.amazon.com/search?q=Seagate+Accessorie+50+Ergonomic+Optical+Mouse
309,Flipkart,18770.0,4.6,7295,True,https://www.flipkart.com/search?q=Seagate+Accessorie+50+Ergonomic+Optical+Mouse
309,Croma,18430.0,4.2,6039,True,https://www.croma.com/search?q=Seagate+Accessorie+50+Ergonomic+Optical+Mouse
310,Amazon,8170.0,4.4,6027,True,https://www.amazon.com/search?q=SanDisk+Accessorie+500+100W+GaN+Fast+Charger
310,Flipkart,8310.0,4.7,8128,True,https://www.flipkart.com/search?q=SanDisk+Accessorie+500+100W+GaN+Fast+Charger
310,Croma,8650.0,4.5,3029,True,https://www.croma.com/search?q=SanDisk+Accessorie+500+100W+GaN+Fast+Charger
311,Amazon,9490.0,4.7,8974,True,https://www.amazon.com/search?q=TP-Link+Accessorie+50+Wireless+Mechanical+Keyboard
311,Flipkart,8960.0,4.2,1402,True,https://www.flipkart.com/search?q=TP-Link+Accessorie+50+Wireless+Mechanical+Keyboard
311,Croma,9370.0,4.7,455,True,https://www.croma.com/search?q=TP-Link+Accessorie+50+Wireless+Mechanical+Keyboard
312,Amazon,11460.0,4.5,3635,True,https://www.amazon.com/search?q=Samsung+Accessorie+50+Wireless+Mechanical+Keyboard
312,Flipkart,11070.0,4.8,9187,True,https://www.flipkart.com/search?q=Samsung+Accessorie+50+Wireless+Mechanical+Keyboard
312,Croma,11550.0,4.2,8992,True,https://www.croma.com/search?q=Samsung+Accessorie+50+Wireless+Mechanical+Keyboard
313,Amazon,8250.0,4.2,4917,True,https://www.amazon.com/search?q=TP-Link+Accessorie+1000+100W+GaN+Fast+Charger
313,Flipkart,8230.0,4.1,8360,True,https://www.flipkart.com/search?q=TP-Link+Accessorie+1000+100W+GaN+Fast+Charger
313,Croma,8280.0,4.5,6650,True,https://www.croma.com/search?q=TP-Link+Accessorie+1000+100W+GaN+Fast+Charger
314,Amazon,15350.0,4.9,2867,True,https://www.amazon.com/search?q=TP-Link+Accessorie+30+Ergonomic+Optical+Mouse
314,Flipkart,14680.0,4.7,2449,True,https://www.flipkart.com/search?q=TP-Link+Accessorie+30+Ergonomic+Optical+Mouse
314,Croma,15390.0,4.4,3085,True,https://www.croma.com/search?q=TP-Link+Accessorie+30+Ergonomic+Optical+Mouse
315,Amazon,11730.0,4.1,8071,True,https://www.amazon.com/search?q=SanDisk+Accessorie+200+100W+GaN+Fast+Charger
315,Flipkart,11490.0,4.8,812,True,https://www.flipkart.com/search?q=SanDisk+Accessorie+200+100W+GaN+Fast+Charger
315,Croma,12080.0,4.2,8139,True,https://www.croma.com/search?q=SanDisk+Accessorie+200+100W+GaN+Fast+Charger
316,Amazon,12610.0,4.6,8635,True,https://www.amazon.com/search?q=TP-Link+Accessorie+10+Ultra+High-Speed+NVMe+SSD+1TB
316,Flipkart,12360.0,4.8,6068,True,https://www.flipkart.com/search?q=TP-Link+Accessorie+10+Ultra+High-Speed+NVMe+SSD+1TB
316,Croma,12740.0,4.3,7598,True,https://www.croma.com/search?q=TP-Link+Accessorie+10+Ultra+High-Speed+NVMe+SSD+1TB
317,Amazon,16340.0,4.1,8692,True,https://www.amazon.com/search?q=Logitech+Accessorie+200+Wireless+Mechanical+Keyboard
317,Flipkart,15160.0,4.6,4630,True,https://www.flipkart.com/search?q=Logitech+Accessorie+200+Wireless+Mechanical+Keyboard
317,Croma,16280.0,4.8,4464,True,https://www.croma.com/search?q=Logitech+Accessorie+200+Wireless+Mechanical+Keyboard
318,Amazon,6400.0,4.3,1425,True,https://www.amazon.com/search?q=SanDisk+Accessorie+15+Ultra+High-Speed+NVMe+SSD+1TB
318,Flipkart,6260.0,4.5,6315,True,https://www.flipkart.com/search?q=SanDisk+Accessorie+15+Ultra+High-Speed+NVMe+SSD+1TB
318,Croma,6380.0,4.9,3801,True,https://www.croma.com/search?q=SanDisk+Accessorie+15+Ultra+High-Speed+NVMe+SSD+1TB
319,Amazon,3520.0,4.4,8048,True,https://www.amazon.com/search?q=TP-Link+Accessorie+500+Ergonomic+Optical+Mouse
319,Flipkart,3410.0,4.8,258,True,https://www.flipkart.com/search?q=TP-Link+Accessorie+500+Ergonomic+Optical+Mouse
319,Croma,3630.0,4.5,2426,True,https://www.croma.com/search?q=TP-Link+Accessorie+500+Ergonomic+Optical+Mouse
320,Amazon,1510.0,4.3,2611,True,https://www.amazon.com/search?q=Logitech+Accessorie+50+Ultra+High-Speed+NVMe+SSD+1TB
320,Flipkart,1460.0,4.2,6084,True,https://www.flipkart.com/search?q=Logitech+Accessorie+50+Ultra+High-Speed+NVMe+SSD+1TB
320,Croma,1540.0,4.5,2088,True,https://www.croma.com/search?q=Logitech+Accessorie+50+Ultra+High-Speed+NVMe+SSD+1TB
321,Amazon,9790.0,4.1,7994,True,https://www.amazon.com/search?q=Belkin+Accessorie+12+Ergonomic+Optical+Mouse
321,Flipkart,9430.0,4.4,2791,True,https://www.flipkart.com/search?q=Belkin+Accessorie+12+Ergonomic+Optical+Mouse
321,Croma,9690.0,4.6,6882,True,https://www.croma.com/search?q=Belkin+Accessorie+12+Ergonomic+Optical+Mouse
322,Amazon,4420.0,4.1,8549,True,https://www.amazon.com/search?q=Seagate+Accessorie+15+Ergonomic+Optical+Mouse
322,Flipkart,4330.0,4.0,2556,True,https://www.flipkart.com/search?q=Seagate+Accessorie+15+Ergonomic+Optical+Mouse
322,Croma,4630.0,4.1,4381,True,https://www.croma.com/search?q=Seagate+Accessorie+15+Ergonomic+Optical+Mouse
323,Amazon,8680.0,4.9,455,True,https://www.amazon.com/search?q=Belkin+Accessorie+14+Ultra+High-Speed+NVMe+SSD+1TB
323,Flipkart,8290.0,4.8,4794,True,https://www.flipkart.com/search?q=Belkin+Accessorie+14+Ultra+High-Speed+NVMe+SSD+1TB
323,Croma,8490.0,4.9,3698,True,https://www.croma.com/search?q=Belkin+Accessorie+14+Ultra+High-Speed+NVMe+SSD+1TB
324,Amazon,14960.0,4.2,6880,True,https://www.amazon.com/search?q=TP-Link+Accessorie+12+Ultra+High-Speed+NVMe+SSD+1TB
324,Flipkart,15160.0,4.5,3129,True,https://www.flipkart.com/search?q=TP-Link+Accessorie+12+Ultra+High-Speed+NVMe+SSD+1TB
324,Croma,15520.0,4.6,8519,True,https://www.croma.com/search?q=TP-Link+Accessorie+12+Ultra+High-Speed+NVMe+SSD+1TB
325,Amazon,12630.0,4.4,1277,True,https://www.amazon.com/search?q=Samsung+Accessorie+500+Ergonomic+Optical+Mouse
325,Flipkart,12740.0,4.2,6465,True,https://www.flipkart.com/search?q=Samsung+Accessorie+500+Ergonomic+Optical+Mouse
325,Croma,12830.0,4.1,421,True,https://www.croma.com/search?q=Samsung+Accessorie+500+Ergonomic+Optical+Mouse
326,Amazon,930.0,4.4,2600,True,https://www.amazon.com/search?q=Belkin+Accessorie+30+Wireless+Mechanical+Keyboard
326,Flipkart,950.0,4.5,3056,True,https://www.flipkart.com/search?q=Belkin+Accessorie+30+Wireless+Mechanical+Keyboard
326,Croma,960.0,4.4,789,True,https://www.croma.com/search?q=Belkin+Accessorie+30+Wireless+Mechanical+Keyboard
327,Amazon,8850.0,4.1,2285,True,https://www.amazon.com/search?q=Anker+Accessorie+24+100W+GaN+Fast+Charger
327,Flipkart,8480.0,4.8,8985,True,https://www.flipkart.com/search?q=Anker+Accessorie+24+100W+GaN+Fast+Charger
327,Croma,8870.0,4.7,7219,True,https://www.croma.com/search?q=Anker+Accessorie+24+100W+GaN+Fast+Charger
328,Amazon,7800.0,4.5,3909,True,https://www.amazon.com/search?q=Seagate+Accessorie+12+Ultra+High-Speed+NVMe+SSD+1TB
328,Flipkart,7560.0,4.8,8049,True,https://www.flipkart.com/search?q=Seagate+Accessorie+12+Ultra+High-Speed+NVMe+SSD+1TB
328,Croma,7650.0,4.7,6396,True,https://www.croma.com/search?q=Seagate+Accessorie+12+Ultra+High-Speed+NVMe+SSD+1TB
329,Amazon,7340.0,4.8,1750,True,https://www.amazon.com/search?q=Logitech+Accessorie+200+Ultra+High-Speed+NVMe+SSD+1TB
329,Flipkart,7400.0,4.4,4320,True,https://www.flipkart.com/search?q=Logitech+Accessorie+200+Ultra+High-Speed+NVMe+SSD+1TB
329,Croma,7680.0,4.4,3959,True,https://www.croma.com/search?q=Logitech+Accessorie+200+Ultra+High-Speed+NVMe+SSD+1TB
330,Amazon,10140.0,4.5,4373,True,https://www.amazon.com/search?q=Anker+Accessorie+1000+100W+GaN+Fast+Charger
330,Flipkart,9410.0,4.2,266,True,https://www.flipkart.com/search?q=Anker+Accessorie+1000+100W+GaN+Fast+Charger
330,Croma,10050.0,4.5,2080,True,https://www.croma.com/search?q=Anker+Accessorie+1000+100W+GaN+Fast+Charger
331,Amazon,1900.0,4.7,6848,True,https://www.amazon.com/search?q=Seagate+Accessorie+14+Wireless+Mechanical+Keyboard
331,Flipkart,1850.0,4.3,2685,True,https://www.flipkart.com/search?q=Seagate+Accessorie+14+Wireless+Mechanical+Keyboard
331,Croma,1880.0,4.4,4305,True,https://www.croma.com/search?q=Seagate+Accessorie+14+Wireless+Mechanical+Keyboard
332,Amazon,3460.0,4.6,6661,True,https://www.amazon.com/search?q=TP-Link+Accessorie+12+100W+GaN+Fast+Charger
332,Flipkart,3450.0,4.7,6920,True,https://www.flipkart.com/search?q=TP-Link+Accessorie+12+100W+GaN+Fast+Charger
332,Croma,3570.0,4.5,9285,True,https://www.croma.com/search?q=TP-Link+Accessorie+12+100W+GaN+Fast+Charger
333,Amazon,12050.0,4.2,5174,True,https://www.amazon.com/search?q=Samsung+Accessorie+50+100W+GaN+Fast+Charger
333,Flipkart,11710.0,4.5,6672,True,https://www.flipkart.com/search?q=Samsung+Accessorie+50+100W+GaN+Fast+Charger
333,Croma,12230.0,4.7,2101,True,https://www.croma.com/search?q=Samsung+Accessorie+50+100W+GaN+Fast+Charger
334,Amazon,3570.0,4.1,3663,True,https://www.amazon.com/search?q=Seagate+Accessorie+30+Ergonomic+Optical+Mouse
334,Flipkart,3430.0,4.5,5694,True,https://www.flipkart.com/search?q=Seagate+Accessorie+30+Ergonomic+Optical+Mouse
334,Croma,3600.0,4.7,1002,True,https://www.croma.com/search?q=Seagate+Accessorie+30+Ergonomic+Optical+Mouse
335,Amazon,11710.0,4.1,2531,True,https://www.amazon.com/search?q=Seagate+Accessorie+10+Ultra+High-Speed+NVMe+SSD+1TB
335,Flipkart,12070.0,4.4,7283,True,https://www.flipkart.com/search?q=Seagate+Accessorie+10+Ultra+High-Speed+NVMe+SSD+1TB
335,Croma,11720.0,4.1,4460,True,https://www.croma.com/search?q=Seagate+Accessorie+10+Ultra+High-Speed+NVMe+SSD+1TB
336,Amazon,11570.0,4.3,6714,True,https://www.amazon.com/search?q=WD+Accessorie+15+100W+GaN+Fast+Charger
336,Flipkart,11220.0,4.6,8686,True,https://www.flipkart.com/search?q=WD+Accessorie+15+100W+GaN+Fast+Charger
336,Croma,11560.0,4.3,1091,True,https://www.croma.com/search?q=WD+Accessorie+15+100W+GaN+Fast+Charger
337,Amazon,13190.0,4.4,3454,True,https://www.amazon.com/search?q=Belkin+Accessorie+10+Ultra+High-Speed+NVMe+SSD+1TB
337,Flipkart,12810.0,4.8,8639,True,https://www.flipkart.com/search?q=Belkin+Accessorie+10+Ultra+High-Speed+NVMe+SSD+1TB
337,Croma,13070.0,4.3,700,True,https://www.croma.com/search?q=Belkin+Accessorie+10+Ultra+High-Speed+NVMe+SSD+1TB
338,Amazon,3380.0,4.6,740,True,https://www.amazon.com/search?q=SanDisk+Accessorie+50+Wireless+Mechanical+Keyboard
338,Flipkart,3260.0,4.3,154,True,https://www.flipkart.com/search?q=SanDisk+Accessorie+50+Wireless+Mechanical+Keyboard
338,Croma,3400.0,4.9,1572,True,https://www.croma.com/search?q=SanDisk+Accessorie+50+Wireless+Mechanical+Keyboard
339,Amazon,11170.0,4.4,3431,True,https://www.amazon.com/search?q=SanDisk+Accessorie+10+Wireless+Mechanical+Keyboard
339,Flipkart,10790.0,4.5,1274,True,https://www.flipkart.com/search?q=SanDisk+Accessorie+10+Wireless+Mechanical+Keyboard
339,Croma,10840.0,4.8,9154,True,https://www.croma.com/search?q=SanDisk+Accessorie+10+Wireless+Mechanical+Keyboard
340,Amazon,17520.0,4.3,4680,True,https://www.amazon.com/search?q=Samsung+Accessorie+12+Ergonomic+Optical+Mouse
340,Flipkart,17760.0,4.2,3337,True,https://www.flipkart.com/search?q=Samsung+Accessorie+12+Ergonomic+Optical+Mouse
340,Croma,18420.0,4.4,6768,True,https://www.croma.com/search?q=Samsung+Accessorie+12+Ergonomic+Optical+Mouse
341,Amazon,5060.0,4.1,1335,True,https://www.amazon.com/search?q=SanDisk+Accessorie+24+Ergonomic+Optical+Mouse
341,Flipkart,4850.0,4.5,5720,True,https://www.flipkart.com/search?q=SanDisk+Accessorie+24+Ergonomic+Optical+Mouse
341,Croma,5060.0,4.9,8559,True,https://www.croma.com/search?q=SanDisk+Accessorie+24+Ergonomic+Optical+Mouse
342,Amazon,4690.0,4.5,7404,True,https://www.amazon.com/search?q=Logitech+Accessorie+14+Ultra+High-Speed+NVMe+SSD+1TB
342,Flipkart,4570.0,4.9,9376,True,https://www.flipkart.com/search?q=Logitech+Accessorie+14+Ultra+High-Speed+NVMe+SSD+1TB
342,Croma,4700.0,4.4,4135,True,https://www.croma.com/search?q=Logitech+Accessorie+14+Ultra+High-Speed+NVMe+SSD+1TB
343,Amazon,1260.0,4.4,598,True,https://www.amazon.com/search?q=TP-Link+Accessorie+12+Ergonomic+Optical+Mouse
343,Flipkart,1240.0,4.4,4374,True,https://www.flipkart.com/search?q=TP-Link+Accessorie+12+Ergonomic+Optical+Mouse
343,Croma,1240.0,4.1,3760,True,https://www.croma.com/search?q=TP-Link+Accessorie+12+Ergonomic+Optical+Mouse
344,Amazon,19020.0,4.9,8612,True,https://www.amazon.com/search?q=Logitech+Accessorie+15+Ultra+High-Speed+NVMe+SSD+1TB
344,Flipkart,18090.0,4.5,4464,True,https://www.flipkart.com/search?q=Logitech+Accessorie+15+Ultra+High-Speed+NVMe+SSD+1TB
344,Croma,18790.0,4.2,1673,True,https://www.croma.com/search?q=Logitech+Accessorie+15+Ultra+High-Speed+NVMe+SSD+1TB
345,Amazon,2080.0,4.5,3074,True,https://www.amazon.com/search?q=Logitech+Accessorie+20+Ergonomic+Optical+Mouse
345,Flipkart,2080.0,4.4,5942,True,https://www.flipkart.com/search?q=Logitech+Accessorie+20+Ergonomic+Optical+Mouse
345,Croma,2090.0,4.2,4558,True,https://www.croma.com/search?q=Logitech+Accessorie+20+Ergonomic+Optical+Mouse
346,Amazon,2420.0,4.2,3421,True,https://www.amazon.com/search?q=Seagate+Accessorie+1000+Wireless+Mechanical+Keyboard
346,Flipkart,2460.0,4.2,4115,True,https://www.flipkart.com/search?q=Seagate+Accessorie+1000+Wireless+Mechanical+Keyboard
346,Croma,2560.0,4.8,3537,True,https://www.croma.com/search?q=Seagate+Accessorie+1000+Wireless+Mechanical+Keyboard
347,Amazon,18680.0,4.3,1897,True,https://www.amazon.com/search?q=WD+Accessorie+100+Ultra+High-Speed+NVMe+SSD+1TB
347,Flipkart,19000.0,4.1,1435,True,https://www.flipkart.com/search?q=WD+Accessorie+100+Ultra+High-Speed+NVMe+SSD+1TB
347,Croma,19600.0,4.6,8221,True,https://www.croma.com/search?q=WD+Accessorie+100+Ultra+High-Speed+NVMe+SSD+1TB
348,Amazon,1820.0,4.0,8051,True,https://www.amazon.com/search?q=WD+Accessorie+200+Ergonomic+Optical+Mouse
348,Flipkart,1800.0,4.3,5317,True,https://www.flipkart.com/search?q=WD+Accessorie+200+Ergonomic+Optical+Mouse
348,Croma,1830.0,4.4,4651,True,https://www.croma.com/search?q=WD+Accessorie+200+Ergonomic+Optical+Mouse
349,Amazon,1420.0,4.3,3788,True,https://www.amazon.com/search?q=TP-Link+Accessorie+500+100W+GaN+Fast+Charger
349,Flipkart,1440.0,4.7,2251,True,https://www.flipkart.com/search?q=TP-Link+Accessorie+500+100W+GaN+Fast+Charger
349,Croma,1480.0,4.0,7083,True,https://www.croma.com/search?q=TP-Link+Accessorie+500+100W+GaN+Fast+Charger
350,Amazon,3790.0,4.4,3013,True,https://www.amazon.com/search?q=WD+Accessorie+30+100W+GaN+Fast+Charger
350,Flipkart,3730.0,4.4,2122,True,https://www.flipkart.com/search?q=WD+Accessorie+30+100W+GaN+Fast+Charger
350,Croma,3840.0,4.6,7687,True,https://www.croma.com/search?q=WD+Accessorie+30+100W+GaN+Fast+Charger
351,Amazon,7320.0,4.3,1800,True,https://www.amazon.com/search?q=Corsair+Gaming+12+Surround+Sound+Gaming+Headset
351,Flipkart,7020.0,4.3,4404,True,https://www.flipkart.com/search?q=Corsair+Gaming+12+Surround+Sound+Gaming+Headset
351,Croma,7570.0,4.2,4456,True,https://www.croma.com/search?q=Corsair+Gaming+12+Surround+Sound+Gaming+Headset
352,Amazon,10090.0,4.3,8321,True,https://www.amazon.com/search?q=Logitech+G+Gaming+12+Wireless+Controller
352,Flipkart,10030.0,4.4,7016,True,https://www.flipkart.com/search?q=Logitech+G+Gaming+12+Wireless+Controller
352,Croma,10440.0,4.6,6249,True,https://www.croma.com/search?q=Logitech+G+Gaming+12+Wireless+Controller
353,Amazon,39180.0,4.5,3894,True,https://www.amazon.com/search?q=Logitech+G+Gaming+30+Mechanical+Gaming+Keyboard
353,Flipkart,38440.0,4.7,4572,True,https://www.flipkart.com/search?q=Logitech+G+Gaming+30+Mechanical+Gaming+Keyboard
353,Croma,39810.0,4.7,9248,True,https://www.croma.com/search?q=Logitech+G+Gaming+30+Mechanical+Gaming+Keyboard
354,Amazon,51550.0,4.9,2600,True,https://www.amazon.com/search?q=Razer+Gaming+12+Surround+Sound+Gaming+Headset
354,Flipkart,50300.0,4.4,309,True,https://www.flipkart.com/search?q=Razer+Gaming+12+Surround+Sound+Gaming+Headset
354,Croma,51160.0,4.2,8335,True,https://www.croma.com/search?q=Razer+Gaming+12+Surround+Sound+Gaming+Headset
355,Amazon,29790.0,4.5,5322,True,https://www.amazon.com/search?q=Corsair+Gaming+30+Wireless+Controller
355,Flipkart,30610.0,4.7,5065,True,https://www.flipkart.com/search?q=Corsair+Gaming+30+Wireless+Controller
355,Croma,31070.0,4.2,9453,True,https://www.croma.com/search?q=Corsair+Gaming+30+Wireless+Controller
356,Amazon,26390.0,4.2,4316,True,https://www.amazon.com/search?q=Razer+Gaming+50+Mechanical+Gaming+Keyboard
356,Flipkart,25910.0,4.4,1727,True,https://www.flipkart.com/search?q=Razer+Gaming+50+Mechanical+Gaming+Keyboard
356,Croma,26880.0,4.4,5633,True,https://www.croma.com/search?q=Razer+Gaming+50+Mechanical+Gaming+Keyboard
357,Amazon,28540.0,4.7,5788,True,https://www.amazon.com/search?q=Corsair+Gaming+24+Console+Edition
357,Flipkart,28110.0,4.0,2136,True,https://www.flipkart.com/search?q=Corsair+Gaming+24+Console+Edition
357,Croma,29390.0,4.3,3409,True,https://www.croma.com/search?q=Corsair+Gaming+24+Console+Edition
358,Amazon,11930.0,4.9,4813,True,https://www.amazon.com/search?q=Corsair+Gaming+24+Mechanical+Gaming+Keyboard
358,Flipkart,11740.0,4.3,8513,True,https://www.flipkart.com/search?q=Corsair+Gaming+24+Mechanical+Gaming+Keyboard
358,Croma,12030.0,4.4,7472,True,https://www.croma.com/search?q=Corsair+Gaming+24+Mechanical+Gaming+Keyboard
359,Amazon,8370.0,4.6,2523,True,https://www.amazon.com/search?q=Sony+PlayStation+Gaming+12+Console+Edition
359,Flipkart,7940.0,4.8,5677,True,https://www.flipkart.com/search?q=Sony+PlayStation+Gaming+12+Console+Edition
359,Croma,8150.0,4.4,6781,True,https://www.croma.com/search?q=Sony+PlayStation+Gaming+12+Console+Edition
360,Amazon,37870.0,4.2,5341,True,https://www.amazon.com/search?q=Sony+PlayStation+Gaming+14+Mechanical+Gaming+Keyboard
360,Flipkart,35270.0,4.6,4532,True,https://www.flipkart.com/search?q=Sony+PlayStation+Gaming+14+Mechanical+Gaming+Keyboard
360,Croma,36650.0,4.5,6629,True,https://www.croma.com/search?q=Sony+PlayStation+Gaming+14+Mechanical+Gaming+Keyboard
361,Amazon,9830.0,4.3,8685,True,https://www.amazon.com/search?q=Logitech+G+Gaming+500+Mechanical+Gaming+Keyboard
361,Flipkart,9730.0,4.9,6932,True,https://www.flipkart.com/search?q=Logitech+G+Gaming+500+Mechanical+Gaming+Keyboard
361,Croma,10310.0,4.2,528,True,https://www.croma.com/search?q=Logitech+G+Gaming+500+Mechanical+Gaming+Keyboard
362,Amazon,5470.0,4.7,1461,True,https://www.amazon.com/search?q=Nintendo+Gaming+1000+Surround+Sound+Gaming+Headset
362,Flipkart,5390.0,4.2,6655,True,https://www.flipkart.com/search?q=Nintendo+Gaming+1000+Surround+Sound+Gaming+Headset
362,Croma,5580.0,4.1,1195,True,https://www.croma.com/search?q=Nintendo+Gaming+1000+Surround+Sound+Gaming+Headset
363,Amazon,9080.0,4.7,8734,True,https://www.amazon.com/search?q=Logitech+G+Gaming+24+Mechanical+Gaming+Keyboard
363,Flipkart,8630.0,4.7,1513,True,https://www.flipkart.com/search?q=Logitech+G+Gaming+24+Mechanical+Gaming+Keyboard
363,Croma,8680.0,4.1,2694,True,https://www.croma.com/search?q=Logitech+G+Gaming+24+Mechanical+Gaming+Keyboard
364,Amazon,53650.0,4.2,4805,True,https://www.amazon.com/search?q=Microsoft+Xbox+Gaming+15+Surround+Sound+Gaming+Headset
364,Flipkart,55440.0,4.4,2221,True,https://www.flipkart.com/search?q=Microsoft+Xbox+Gaming+15+Surround+Sound+Gaming+Headset
364,Croma,55300.0,4.1,2945,True,https://www.croma.com/search?q=Microsoft+Xbox+Gaming+15+Surround+Sound+Gaming+Headset
365,Amazon,48390.0,4.3,7951,True,https://www.amazon.com/search?q=Nintendo+Gaming+12+Mechanical+Gaming+Keyboard
365,Flipkart,49340.0,4.4,9006,True,https://www.flipkart.com/search?q=Nintendo+Gaming+12+Mechanical+Gaming+Keyboard
365,Croma,51540.0,4.8,9137,True,https://www.croma.com/search?q=Nintendo+Gaming+12+Mechanical+Gaming+Keyboard
366,Amazon,54810.0,4.2,7630,True,https://www.amazon.com/search?q=Logitech+G+Gaming+30+Wireless+Controller
366,Flipkart,55480.0,4.6,9390,True,https://www.flipkart.com/search?q=Logitech+G+Gaming+30+Wireless+Controller
366,Croma,56270.0,4.4,8895,True,https://www.croma.com/search?q=Logitech+G+Gaming+30+Wireless+Controller
367,Amazon,13420.0,4.7,7389,True,https://www.amazon.com/search?q=Logitech+G+Gaming+10+Mechanical+Gaming+Keyboard
367,Flipkart,13170.0,4.3,6903,True,https://www.flipkart.com/search?q=Logitech+G+Gaming+10+Mechanical+Gaming+Keyboard
367,Croma,13760.0,4.2,5123,True,https://www.croma.com/search?q=Logitech+G+Gaming+10+Mechanical+Gaming+Keyboard
368,Amazon,23480.0,4.1,4848,True,https://www.amazon.com/search?q=Corsair+Gaming+24+Mechanical+Gaming+Keyboard
368,Flipkart,23750.0,4.4,286,True,https://www.flipkart.com/search?q=Corsair+Gaming+24+Mechanical+Gaming+Keyboard
368,Croma,24880.0,4.6,8209,True,https://www.croma.com/search?q=Corsair+Gaming+24+Mechanical+Gaming+Keyboard
369,Amazon,44540.0,4.4,4949,True,https://www.amazon.com/search?q=Microsoft+Xbox+Gaming+200+Wireless+Controller
369,Flipkart,42350.0,4.5,268,True,https://www.flipkart.com/search?q=Microsoft+Xbox+Gaming+200+Wireless+Controller
369,Croma,42430.0,4.5,3239,True,https://www.croma.com/search?q=Microsoft+Xbox+Gaming+200+Wireless+Controller
370,Amazon,41570.0,4.1,6535,True,https://www.amazon.com/search?q=Sony+PlayStation+Gaming+1000+Wireless+Controller
370,Flipkart,41080.0,4.7,3764,True,https://www.flipkart.com/search?q=Sony+PlayStation+Gaming+1000+Wireless+Controller
370,Croma,41960.0,4.2,7067,True,https://www.croma.com/search?q=Sony+PlayStation+Gaming+1000+Wireless+Controller
371,Amazon,28730.0,4.6,4604,True,https://www.amazon.com/search?q=Sony+PlayStation+Gaming+30+Wireless+Controller
371,Flipkart,27930.0,4.3,8865,True,https://www.flipkart.com/search?q=Sony+PlayStation+Gaming+30+Wireless+Controller
371,Croma,29340.0,4.7,6915,True,https://www.croma.com/search?q=Sony+PlayStation+Gaming+30+Wireless+Controller
372,Amazon,21330.0,4.1,7610,True,https://www.amazon.com/search?q=Nintendo+Gaming+24+Wireless+Controller
372,Flipkart,20700.0,4.6,4608,True,https://www.flipkart.com/search?q=Nintendo+Gaming+24+Wireless+Controller
372,Croma,21480.0,4.6,8210,True,https://www.croma.com/search?q=Nintendo+Gaming+24+Wireless+Controller
373,Amazon,11830.0,4.5,3196,True,https://www.amazon.com/search?q=Logitech+G+Gaming+10+Console+Edition
373,Flipkart,11440.0,4.9,4772,True,https://www.flipkart.com/search?q=Logitech+G+Gaming+10+Console+Edition
373,Croma,11850.0,4.2,7333,True,https://www.croma.com/search?q=Logitech+G+Gaming+10+Console+Edition
374,Amazon,7520.0,4.4,5751,True,https://www.amazon.com/search?q=Logitech+G+Gaming+500+Console+Edition
374,Flipkart,7130.0,4.4,8315,True,https://www.flipkart.com/search?q=Logitech+G+Gaming+500+Console+Edition
374,Croma,7320.0,4.9,7747,True,https://www.croma.com/search?q=Logitech+G+Gaming+500+Console+Edition
375,Amazon,40680.0,4.7,2543,True,https://www.amazon.com/search?q=Razer+Gaming+50+Surround+Sound+Gaming+Headset
375,Flipkart,38150.0,4.1,6579,True,https://www.flipkart.com/search?q=Razer+Gaming+50+Surround+Sound+Gaming+Headset
375,Croma,39540.0,4.1,7852,True,https://www.croma.com/search?q=Razer+Gaming+50+Surround+Sound+Gaming+Headset
376,Amazon,48410.0,4.3,356,True,https://www.amazon.com/search?q=Razer+Gaming+15+Mechanical+Gaming+Keyboard
376,Flipkart,49590.0,4.1,4228,True,https://www.flipkart.com/search?q=Razer+Gaming+15+Mechanical+Gaming+Keyboard
376,Croma,49140.0,4.3,7407,True,https://www.croma.com/search?q=Razer+Gaming+15+Mechanical+Gaming+Keyboard
377,Amazon,19720.0,4.7,1689,True,https://www.amazon.com/search?q=Nintendo+Gaming+12+Surround+Sound+Gaming+Headset
377,Flipkart,20250.0,4.5,3565,True,https://www.flipkart.com/search?q=Nintendo+Gaming+12+Surround+Sound+Gaming+Headset
377,Croma,19880.0,4.4,5263,True,https://www.croma.com/search?q=Nintendo+Gaming+12+Surround+Sound+Gaming+Headset
378,Amazon,16590.0,4.7,9154,True,https://www.amazon.com/search?q=Logitech+G+Gaming+10+Mechanical+Gaming+Keyboard
378,Flipkart,15460.0,4.5,4300,True,https://www.flipkart.com/search?q=Logitech+G+Gaming+10+Mechanical+Gaming+Keyboard
378,Croma,16550.0,4.4,5045,True,https://www.croma.com/search?q=Logitech+G+Gaming+10+Mechanical+Gaming+Keyboard
379,Amazon,14820.0,4.2,2000,True,https://www.amazon.com/search?q=Logitech+G+Gaming+10+Console+Edition
379,Flipkart,15160.0,4.2,7263,True,https://www.flipkart.com/search?q=Logitech+G+Gaming+10+Console+Edition
379,Croma,15610.0,4.3,2892,True,https://www.croma.com/search?q=Logitech+G+Gaming+10+Console+Edition
380,Amazon,20800.0,4.2,838,True,https://www.amazon.com/search?q=Microsoft+Xbox+Gaming+20+Wireless+Controller
380,Flipkart,20100.0,4.5,7936,True,https://www.flipkart.com/search?q=Microsoft+Xbox+Gaming+20+Wireless+Controller
380,Croma,20510.0,4.6,2689,True,https://www.croma.com/search?q=Microsoft+Xbox+Gaming+20+Wireless+Controller
381,Amazon,48530.0,4.1,5694,True,https://www.amazon.com/search?q=Sony+PlayStation+Gaming+50+Console+Edition
381,Flipkart,46630.0,4.8,1133,True,https://www.flipkart.com/search?q=Sony+PlayStation+Gaming+50+Console+Edition
381,Croma,48380.0,4.1,2671,True,https://www.croma.com/search?q=Sony+PlayStation+Gaming+50+Console+Edition
382,Amazon,35980.0,4.2,9298,True,https://www.amazon.com/search?q=Microsoft+Xbox+Gaming+30+Wireless+Controller
382,Flipkart,35440.0,4.7,5840,True,https://www.flipkart.com/search?q=Microsoft+Xbox+Gaming+30+Wireless+Controller
382,Croma,35060.0,4.7,7337,True,https://www.croma.com/search?q=Microsoft+Xbox+Gaming+30+Wireless+Controller
383,Amazon,27470.0,4.7,4257,True,https://www.amazon.com/search?q=Logitech+G+Gaming+12+Mechanical+Gaming+Keyboard
383,Flipkart,25690.0,4.8,8101,True,https://www.flipkart.com/search?q=Logitech+G+Gaming+12+Mechanical+Gaming+Keyboard
383,Croma,27150.0,4.6,9309,True,https://www.croma.com/search?q=Logitech+G+Gaming+12+Mechanical+Gaming+Keyboard
384,Amazon,7130.0,4.2,5846,True,https://www.amazon.com/search?q=Razer+Gaming+50+Console+Edition
384,Flipkart,7160.0,4.3,7824,True,https://www.flipkart.com/search?q=Razer+Gaming+50+Console+Edition
384,Croma,7150.0,4.2,9235,True,https://www.croma.com/search?q=Razer+Gaming+50+Console+Edition
385,Amazon,26960.0,4.7,9023,True,https://www.amazon.com/search?q=Logitech+G+Gaming+200+Surround+Sound+Gaming+Headset
385,Flipkart,27020.0,4.3,161,True,https://www.flipkart.com/search?q=Logitech+G+Gaming+200+Surround+Sound+Gaming+Headset
385,Croma,27750.0,4.7,8439,True,https://www.croma.com/search?q=Logitech+G+Gaming+200+Surround+Sound+Gaming+Headset
386,Amazon,3680.0,4.8,4062,True,https://www.amazon.com/search?q=Nintendo+Gaming+30+Console+Edition
386,Flipkart,3550.0,4.3,1187,True,https://www.flipkart.com/search?q=Nintendo+Gaming+30+Console+Edition
386,Croma,3630.0,4.6,8980,True,https://www.croma.com/search?q=Nintendo+Gaming+30+Console+Edition
387,Amazon,25390.0,4.7,2675,True,https://www.amazon.com/search?q=Microsoft+Xbox+Gaming+1000+Surround+Sound+Gaming+Headset
387,Flipkart,23880.0,4.6,5435,True,https://www.flipkart.com/search?q=Microsoft+Xbox+Gaming+1000+Surround+Sound+Gaming+Headset
387,Croma,25440.0,4.4,5426,True,https://www.croma.com/search?q=Microsoft+Xbox+Gaming+1000+Surround+Sound+Gaming+Headset
388,Amazon,28820.0,4.8,2276,True,https://www.amazon.com/search?q=Razer+Gaming+15+Console+Edition
388,Flipkart,28970.0,4.2,662,True,https://www.flipkart.com/search?q=Razer+Gaming+15+Console+Edition
388,Croma,29050.0,4.2,8102,True,https://www.croma.com/search?q=Razer+Gaming+15+Console+Edition
389,Amazon,55420.0,4.3,8176,True,https://www.amazon.com/search?q=Logitech+G+Gaming+30+Console+Edition
389,Flipkart,53660.0,4.5,4343,True,https://www.flipkart.com/search?q=Logitech+G+Gaming+30+Console+Edition
389,Croma,57630.0,4.0,3766,True,https://www.croma.com/search?q=Logitech+G+Gaming+30+Console+Edition
390,Amazon,23240.0,4.2,8201,True,https://www.amazon.com/search?q=Corsair+Gaming+15+Mechanical+Gaming+Keyboard
390,Flipkart,21970.0,4.8,1460,True,https://www.flipkart.com/search?q=Corsair+Gaming+15+Mechanical+Gaming+Keyboard
390,Croma,23960.0,4.4,1144,True,https://www.croma.com/search?q=Corsair+Gaming+15+Mechanical+Gaming+Keyboard
391,Amazon,33810.0,4.7,1105,True,https://www.amazon.com/search?q=Sony+PlayStation+Gaming+100+Console+Edition
391,Flipkart,33910.0,4.7,4505,True,https://www.flipkart.com/search?q=Sony+PlayStation+Gaming+100+Console+Edition
391,Croma,35300.0,4.5,1303,True,https://www.croma.com/search?q=Sony+PlayStation+Gaming+100+Console+Edition
392,Amazon,54520.0,4.5,1808,True,https://www.amazon.com/search?q=Nintendo+Gaming+1000+Mechanical+Gaming+Keyboard
392,Flipkart,50840.0,4.7,8860,True,https://www.flipkart.com/search?q=Nintendo+Gaming+1000+Mechanical+Gaming+Keyboard
392,Croma,52990.0,4.3,3314,True,https://www.croma.com/search?q=Nintendo+Gaming+1000+Mechanical+Gaming+Keyboard
393,Amazon,18370.0,4.2,9294,True,https://www.amazon.com/search?q=Microsoft+Xbox+Gaming+14+Console+Edition
393,Flipkart,17660.0,4.4,1878,True,https://www.flipkart.com/search?q=Microsoft+Xbox+Gaming+14+Console+Edition
393,Croma,18670.0,4.7,6014,True,https://www.croma.com/search?q=Microsoft+Xbox+Gaming+14+Console+Edition
394,Amazon,7110.0,4.1,3105,True,https://www.amazon.com/search?q=Microsoft+Xbox+Gaming+500+Wireless+Controller
394,Flipkart,6970.0,4.5,8418,True,https://www.flipkart.com/search?q=Microsoft+Xbox+Gaming+500+Wireless+Controller
394,Croma,7070.0,4.3,2741,True,https://www.croma.com/search?q=Microsoft+Xbox+Gaming+500+Wireless+Controller
395,Amazon,49410.0,4.8,9162,True,https://www.amazon.com/search?q=Corsair+Gaming+50+Surround+Sound+Gaming+Headset
395,Flipkart,48580.0,4.9,5469,True,https://www.flipkart.com/search?q=Corsair+Gaming+50+Surround+Sound+Gaming+Headset
395,Croma,51170.0,4.8,6905,True,https://www.croma.com/search?q=Corsair+Gaming+50+Surround+Sound+Gaming+Headset
396,Amazon,22410.0,4.5,9376,True,https://www.amazon.com/search?q=Corsair+Gaming+500+Mechanical+Gaming+Keyboard
396,Flipkart,21480.0,4.5,6295,True,https://www.flipkart.com/search?q=Corsair+Gaming+500+Mechanical+Gaming+Keyboard
396,Croma,22590.0,4.7,4312,True,https://www.croma.com/search?q=Corsair+Gaming+500+Mechanical+Gaming+Keyboard
397,Amazon,29660.0,4.0,717,True,https://www.amazon.com/search?q=Razer+Gaming+50+Console+Edition
397,Flipkart,29210.0,4.9,417,True,https://www.flipkart.com/search?q=Razer+Gaming+50+Console+Edition
397,Croma,31110.0,4.5,5095,True,https://www.croma.com/search?q=Razer+Gaming+50+Console+Edition
398,Amazon,32860.0,4.3,4671,True,https://www.amazon.com/search?q=Nintendo+Gaming+24+Console+Edition
398,Flipkart,34240.0,4.8,8526,True,https://www.flipkart.com/search?q=Nintendo+Gaming+24+Console+Edition
398,Croma,33660.0,4.5,2684,True,https://www.croma.com/search?q=Nintendo+Gaming+24+Console+Edition
399,Amazon,4630.0,4.2,4243,True,https://www.amazon.com/search?q=Nintendo+Gaming+50+Surround+Sound+Gaming+Headset
399,Flipkart,4640.0,4.2,5070,True,https://www.flipkart.com/search?q=Nintendo+Gaming+50+Surround+Sound+Gaming+Headset
399,Croma,4700.0,4.1,6700,True,https://www.croma.com/search?q=Nintendo+Gaming+50+Surround+Sound+Gaming+Headset
400,Amazon,42650.0,4.3,8055,True,https://www.amazon.com/search?q=Nintendo+Gaming+12+Mechanical+Gaming+Keyboard
400,Flipkart,40810.0,4.2,1712,True,https://www.flipkart.com/search?q=Nintendo+Gaming+12+Mechanical+Gaming+Keyboard
400,Croma,41780.0,4.5,5071,True,https://www.croma.com/search?q=Nintendo+Gaming+12+Mechanical+Gaming+Keyboard
401,Amazon,42880.0,4.7,5628,True,https://www.amazon.com/search?q=GoPro+Cameras+&+Drone+50+Vlogging+Kit
401,Flipkart,44110.0,4.3,7265,True,https://www.flipkart.com/search?q=GoPro+Cameras+&+Drone+50+Vlogging+Kit
401,Croma,44310.0,4.4,2124,True,https://www.croma.com/search?q=GoPro+Cameras+&+Drone+50+Vlogging+Kit
402,Amazon,266770.0,4.5,337,True,https://www.amazon.com/search?q=GoPro+Cameras+&+Drone+24+Action+Camera+Waterproof
402,Flipkart,250690.0,4.6,6416,True,https://www.flipkart.com/search?q=GoPro+Cameras+&+Drone+24+Action+Camera+Waterproof
402,Croma,265940.0,4.0,8741,True,https://www.croma.com/search?q=GoPro+Cameras+&+Drone+24+Action+Camera+Waterproof
403,Amazon,189110.0,4.5,3767,True,https://www.amazon.com/search?q=Sony+Cameras+&+Drone+12+Vlogging+Kit
403,Flipkart,191140.0,4.1,6586,True,https://www.flipkart.com/search?q=Sony+Cameras+&+Drone+12+Vlogging+Kit
403,Croma,192490.0,4.9,8419,True,https://www.croma.com/search?q=Sony+Cameras+&+Drone+12+Vlogging+Kit
404,Amazon,143350.0,4.1,5657,True,https://www.amazon.com/search?q=GoPro+Cameras+&+Drone+10+Action+Camera+Waterproof
404,Flipkart,143420.0,4.1,957,True,https://www.flipkart.com/search?q=GoPro+Cameras+&+Drone+10+Action+Camera+Waterproof
404,Croma,151370.0,4.5,4451,True,https://www.croma.com/search?q=GoPro+Cameras+&+Drone+10+Action+Camera+Waterproof
405,Amazon,203990.0,4.1,2359,True,https://www.amazon.com/search?q=DJI+Cameras+&+Drone+24+Action+Camera+Waterproof
405,Flipkart,205090.0,4.4,3395,True,https://www.flipkart.com/search?q=DJI+Cameras+&+Drone+24+Action+Camera+Waterproof
405,Croma,215300.0,4.4,3362,True,https://www.croma.com/search?q=DJI+Cameras+&+Drone+24+Action+Camera+Waterproof
406,Amazon,49970.0,4.2,4512,True,https://www.amazon.com/search?q=DJI+Cameras+&+Drone+24+Vlogging+Kit
406,Flipkart,50290.0,4.7,5448,True,https://www.flipkart.com/search?q=DJI+Cameras+&+Drone+24+Vlogging+Kit
406,Croma,50380.0,4.6,1617,True,https://www.croma.com/search?q=DJI+Cameras+&+Drone+24+Vlogging+Kit
407,Amazon,211020.0,4.2,5794,True,https://www.amazon.com/search?q=Sony+Cameras+&+Drone+12+Compact+4K+Drone
407,Flipkart,210580.0,4.5,546,True,https://www.flipkart.com/search?q=Sony+Cameras+&+Drone+12+Compact+4K+Drone
407,Croma,216750.0,4.7,2923,True,https://www.croma.com/search?q=Sony+Cameras+&+Drone+12+Compact+4K+Drone
408,Amazon,66300.0,4.4,2539,True,https://www.amazon.com/search?q=Nikon+Cameras+&+Drone+24+Action+Camera+Waterproof
408,Flipkart,63430.0,4.4,3975,True,https://www.flipkart.com/search?q=Nikon+Cameras+&+Drone+24+Action+Camera+Waterproof
408,Croma,66980.0,4.2,6274,True,https://www.croma.com/search?q=Nikon+Cameras+&+Drone+24+Action+Camera+Waterproof
409,Amazon,214220.0,4.7,4132,True,https://www.amazon.com/search?q=Nikon+Cameras+&+Drone+500+Compact+4K+Drone
409,Flipkart,217520.0,4.9,2569,True,https://www.flipkart.com/search?q=Nikon+Cameras+&+Drone+500+Compact+4K+Drone
409,Croma,215550.0,4.8,4863,True,https://www.croma.com/search?q=Nikon+Cameras+&+Drone+500+Compact+4K+Drone
410,Amazon,204880.0,4.4,522,True,https://www.amazon.com/search?q=GoPro+Cameras+&+Drone+20+Mirrorless+Camera+4K
410,Flipkart,209510.0,4.3,8964,True,https://www.flipkart.com/search?q=GoPro+Cameras+&+Drone+20+Mirrorless+Camera+4K
410,Croma,208410.0,4.2,9102,True,https://www.croma.com/search?q=GoPro+Cameras+&+Drone+20+Mirrorless+Camera+4K
411,Amazon,234990.0,4.7,2465,True,https://www.amazon.com/search?q=Canon+Cameras+&+Drone+500+Mirrorless+Camera+4K
411,Flipkart,226130.0,4.6,451,True,https://www.flipkart.com/search?q=Canon+Cameras+&+Drone+500+Mirrorless+Camera+4K
411,Croma,236870.0,4.3,8781,True,https://www.croma.com/search?q=Canon+Cameras+&+Drone+500+Mirrorless+Camera+4K
412,Amazon,110250.0,4.7,4594,True,https://www.amazon.com/search?q=Sony+Cameras+&+Drone+20+Compact+4K+Drone
412,Flipkart,108770.0,4.0,286,True,https://www.flipkart.com/search?q=Sony+Cameras+&+Drone+20+Compact+4K+Drone
412,Croma,113170.0,4.1,4595,True,https://www.croma.com/search?q=Sony+Cameras+&+Drone+20+Compact+4K+Drone
413,Amazon,138020.0,4.1,4942,True,https://www.amazon.com/search?q=Nikon+Cameras+&+Drone+15+Vlogging+Kit
413,Flipkart,137300.0,4.8,6482,True,https://www.flipkart.com/search?q=Nikon+Cameras+&+Drone+15+Vlogging+Kit
413,Croma,136840.0,4.2,6387,True,https://www.croma.com/search?q=Nikon+Cameras+&+Drone+15+Vlogging+Kit
414,Amazon,74140.0,4.4,8859,True,https://www.amazon.com/search?q=Canon+Cameras+&+Drone+20+Mirrorless+Camera+4K
414,Flipkart,73520.0,4.1,3408,True,https://www.flipkart.com/search?q=Canon+Cameras+&+Drone+20+Mirrorless+Camera+4K
414,Croma,76770.0,4.5,7653,True,https://www.croma.com/search?q=Canon+Cameras+&+Drone+20+Mirrorless+Camera+4K
415,Amazon,89360.0,4.8,5145,True,https://www.amazon.com/search?q=Fujifilm+Cameras+&+Drone+200+Compact+4K+Drone
415,Flipkart,88340.0,4.3,6595,True,https://www.flipkart.com/search?q=Fujifilm+Cameras+&+Drone+200+Compact+4K+Drone
415,Croma,87360.0,4.7,451,True,https://www.croma.com/search?q=Fujifilm+Cameras+&+Drone+200+Compact+4K+Drone
416,Amazon,105180.0,4.2,8362,True,https://www.amazon.com/search?q=Canon+Cameras+&+Drone+14+Action+Camera+Waterproof
416,Flipkart,102980.0,4.2,1165,True,https://www.flipkart.com/search?q=Canon+Cameras+&+Drone+14+Action+Camera+Waterproof
416,Croma,108170.0,4.6,6493,True,https://www.croma.com/search?q=Canon+Cameras+&+Drone+14+Action+Camera+Waterproof
417,Amazon,145530.0,4.5,4740,True,https://www.amazon.com/search?q=Sony+Cameras+&+Drone+24+Vlogging+Kit
417,Flipkart,141860.0,4.2,5749,True,https://www.flipkart.com/search?q=Sony+Cameras+&+Drone+24+Vlogging+Kit
417,Croma,139300.0,4.8,2398,True,https://www.croma.com/search?q=Sony+Cameras+&+Drone+24+Vlogging+Kit
418,Amazon,240940.0,4.6,3876,True,https://www.amazon.com/search?q=GoPro+Cameras+&+Drone+1000+Compact+4K+Drone
418,Flipkart,240330.0,4.4,2652,True,https://www.flipkart.com/search?q=GoPro+Cameras+&+Drone+1000+Compact+4K+Drone
418,Croma,257180.0,4.4,5268,True,https://www.croma.com/search?q=GoPro+Cameras+&+Drone+1000+Compact+4K+Drone
419,Amazon,264010.0,4.2,2420,True,https://www.amazon.com/search?q=GoPro+Cameras+&+Drone+20+Action+Camera+Waterproof
419,Flipkart,249160.0,4.5,3464,True,https://www.flipkart.com/search?q=GoPro+Cameras+&+Drone+20+Action+Camera+Waterproof
419,Croma,260750.0,4.8,5212,True,https://www.croma.com/search?q=GoPro+Cameras+&+Drone+20+Action+Camera+Waterproof
420,Amazon,166020.0,4.4,2528,True,https://www.amazon.com/search?q=Nikon+Cameras+&+Drone+50+Vlogging+Kit
420,Flipkart,164740.0,4.6,9404,True,https://www.flipkart.com/search?q=Nikon+Cameras+&+Drone+50+Vlogging+Kit
420,Croma,170040.0,4.8,5351,True,https://www.croma.com/search?q=Nikon+Cameras+&+Drone+50+Vlogging+Kit
421,Amazon,119850.0,4.2,2534,True,https://www.amazon.com/search?q=GoPro+Cameras+&+Drone+14+Vlogging+Kit
421,Flipkart,120880.0,4.7,5371,True,https://www.flipkart.com/search?q=GoPro+Cameras+&+Drone+14+Vlogging+Kit
421,Croma,126220.0,4.8,6933,True,https://www.croma.com/search?q=GoPro+Cameras+&+Drone+14+Vlogging+Kit
422,Amazon,270820.0,4.7,4635,True,https://www.amazon.com/search?q=Nikon+Cameras+&+Drone+500+Mirrorless+Camera+4K
422,Flipkart,254340.0,4.1,3229,True,https://www.flipkart.com/search?q=Nikon+Cameras+&+Drone+500+Mirrorless+Camera+4K
422,Croma,270000.0,4.1,3176,True,https://www.croma.com/search?q=Nikon+Cameras+&+Drone+500+Mirrorless+Camera+4K
423,Amazon,83310.0,4.5,3933,True,https://www.amazon.com/search?q=GoPro+Cameras+&+Drone+1000+Mirrorless+Camera+4K
423,Flipkart,86710.0,4.5,3933,True,https://www.flipkart.com/search?q=GoPro+Cameras+&+Drone+1000+Mirrorless+Camera+4K
423,Croma,87420.0,4.6,6036,True,https://www.croma.com/search?q=GoPro+Cameras+&+Drone+1000+Mirrorless+Camera+4K
424,Amazon,240990.0,4.8,7830,True,https://www.amazon.com/search?q=Sony+Cameras+&+Drone+20+Action+Camera+Waterproof
424,Flipkart,246730.0,4.6,6276,True,https://www.flipkart.com/search?q=Sony+Cameras+&+Drone+20+Action+Camera+Waterproof
424,Croma,244450.0,4.2,6498,True,https://www.croma.com/search?q=Sony+Cameras+&+Drone+20+Action+Camera+Waterproof
425,Amazon,248290.0,4.0,395,True,https://www.amazon.com/search?q=DJI+Cameras+&+Drone+15+Mirrorless+Camera+4K
425,Flipkart,237510.0,4.8,6917,True,https://www.flipkart.com/search?q=DJI+Cameras+&+Drone+15+Mirrorless+Camera+4K
425,Croma,246230.0,4.2,3473,True,https://www.croma.com/search?q=DJI+Cameras+&+Drone+15+Mirrorless+Camera+4K
426,Amazon,224760.0,4.9,8177,True,https://www.amazon.com/search?q=Sony+Cameras+&+Drone+10+Vlogging+Kit
426,Flipkart,210440.0,4.6,7646,True,https://www.flipkart.com/search?q=Sony+Cameras+&+Drone+10+Vlogging+Kit
426,Croma,229450.0,4.8,7155,True,https://www.croma.com/search?q=Sony+Cameras+&+Drone+10+Vlogging+Kit
427,Amazon,209260.0,4.3,5276,True,https://www.amazon.com/search?q=Canon+Cameras+&+Drone+12+Vlogging+Kit
427,Flipkart,200000.0,4.4,8934,True,https://www.flipkart.com/search?q=Canon+Cameras+&+Drone+12+Vlogging+Kit
427,Croma,215860.0,4.5,780,True,https://www.croma.com/search?q=Canon+Cameras+&+Drone+12+Vlogging+Kit
428,Amazon,191010.0,4.0,4175,True,https://www.amazon.com/search?q=Sony+Cameras+&+Drone+12+Compact+4K+Drone
428,Flipkart,186160.0,4.5,6631,True,https://www.flipkart.com/search?q=Sony+Cameras+&+Drone+12+Compact+4K+Drone
428,Croma,196710.0,4.9,793,True,https://www.croma.com/search?q=Sony+Cameras+&+Drone+12+Compact+4K+Drone
429,Amazon,260010.0,4.0,4920,True,https://www.amazon.com/search?q=Canon+Cameras+&+Drone+20+Mirrorless+Camera+4K
429,Flipkart,253870.0,4.4,5139,True,https://www.flipkart.com/search?q=Canon+Cameras+&+Drone+20+Mirrorless+Camera+4K
429,Croma,263930.0,4.7,4834,True,https://www.croma.com/search?q=Canon+Cameras+&+Drone+20+Mirrorless+Camera+4K
430,Amazon,26250.0,4.0,8620,True,https://www.amazon.com/search?q=Fujifilm+Cameras+&+Drone+50+Vlogging+Kit
430,Flipkart,25630.0,4.8,7745,True,https://www.flipkart.com/search?q=Fujifilm+Cameras+&+Drone+50+Vlogging+Kit
430,Croma,26780.0,4.7,7550,True,https://www.croma.com/search?q=Fujifilm+Cameras+&+Drone+50+Vlogging+Kit
431,Amazon,95690.0,4.5,9102,True,https://www.amazon.com/search?q=Sony+Cameras+&+Drone+15+Compact+4K+Drone
431,Flipkart,96170.0,4.1,6925,True,https://www.flipkart.com/search?q=Sony+Cameras+&+Drone+15+Compact+4K+Drone
431,Croma,97280.0,4.3,558,True,https://www.croma.com/search?q=Sony+Cameras+&+Drone+15+Compact+4K+Drone
432,Amazon,170230.0,4.2,7599,True,https://www.amazon.com/search?q=Sony+Cameras+&+Drone+15+Compact+4K+Drone
432,Flipkart,171090.0,4.1,5459,True,https://www.flipkart.com/search?q=Sony+Cameras+&+Drone+15+Compact+4K+Drone
432,Croma,177920.0,4.6,2836,True,https://www.croma.com/search?q=Sony+Cameras+&+Drone+15+Compact+4K+Drone
433,Amazon,254840.0,4.4,6096,True,https://www.amazon.com/search?q=Sony+Cameras+&+Drone+30+Action+Camera+Waterproof
433,Flipkart,240100.0,4.1,6442,True,https://www.flipkart.com/search?q=Sony+Cameras+&+Drone+30+Action+Camera+Waterproof
433,Croma,247890.0,4.7,8533,True,https://www.croma.com/search?q=Sony+Cameras+&+Drone+30+Action+Camera+Waterproof
434,Amazon,32150.0,4.0,2949,True,https://www.amazon.com/search?q=Sony+Cameras+&+Drone+200+Vlogging+Kit
434,Flipkart,30560.0,4.8,9415,True,https://www.flipkart.com/search?q=Sony+Cameras+&+Drone+200+Vlogging+Kit
434,Croma,32360.0,4.8,2609,True,https://www.croma.com/search?q=Sony+Cameras+&+Drone+200+Vlogging+Kit
435,Amazon,232430.0,4.0,5197,True,https://www.amazon.com/search?q=Fujifilm+Cameras+&+Drone+20+Action+Camera+Waterproof
435,Flipkart,227170.0,4.3,7461,True,https://www.flipkart.com/search?q=Fujifilm+Cameras+&+Drone+20+Action+Camera+Waterproof
435,Croma,244040.0,4.3,3110,True,https://www.croma.com/search?q=Fujifilm+Cameras+&+Drone+20+Action+Camera+Waterproof
436,Amazon,225640.0,4.6,4296,True,https://www.amazon.com/search?q=GoPro+Cameras+&+Drone+15+Compact+4K+Drone
436,Flipkart,220980.0,4.0,8303,True,https://www.flipkart.com/search?q=GoPro+Cameras+&+Drone+15+Compact+4K+Drone
436,Croma,229320.0,4.8,9054,True,https://www.croma.com/search?q=GoPro+Cameras+&+Drone+15+Compact+4K+Drone
437,Amazon,207250.0,4.2,7944,True,https://www.amazon.com/search?q=Fujifilm+Cameras+&+Drone+100+Mirrorless+Camera+4K
437,Flipkart,200410.0,4.4,7389,True,https://www.flipkart.com/search?q=Fujifilm+Cameras+&+Drone+100+Mirrorless+Camera+4K
437,Croma,205360.0,4.1,257,True,https://www.croma.com/search?q=Fujifilm+Cameras+&+Drone+100+Mirrorless+Camera+4K
438,Amazon,253770.0,4.5,3551,True,https://www.amazon.com/search?q=GoPro+Cameras+&+Drone+30+Mirrorless+Camera+4K
438,Flipkart,253270.0,4.0,2579,True,https://www.flipkart.com/search?q=GoPro+Cameras+&+Drone+30+Mirrorless+Camera+4K
438,Croma,262590.0,4.0,5868,True,https://www.croma.com/search?q=GoPro+Cameras+&+Drone+30+Mirrorless+Camera+4K
439,Amazon,145710.0,4.8,5039,True,https://www.amazon.com/search?q=Fujifilm+Cameras+&+Drone+24+Vlogging+Kit
439,Flipkart,150290.0,4.3,1586,True,https://www.flipkart.com/search?q=Fujifilm+Cameras+&+Drone+24+Vlogging+Kit
439,Croma,153260.0,4.0,6981,True,https://www.croma.com/search?q=Fujifilm+Cameras+&+Drone+24+Vlogging+Kit
440,Amazon,148320.0,4.6,9360,True,https://www.amazon.com/search?q=Nikon+Cameras+&+Drone+24+Mirrorless+Camera+4K
440,Flipkart,137730.0,4.2,7610,True,https://www.flipkart.com/search?q=Nikon+Cameras+&+Drone+24+Mirrorless+Camera+4K
440,Croma,143390.0,4.7,6051,True,https://www.croma.com/search?q=Nikon+Cameras+&+Drone+24+Mirrorless+Camera+4K
441,Amazon,47040.0,4.3,6358,True,https://www.amazon.com/search?q=GoPro+Cameras+&+Drone+14+Compact+4K+Drone
441,Flipkart,43650.0,4.7,7151,True,https://www.flipkart.com/search?q=GoPro+Cameras+&+Drone+14+Compact+4K+Drone
441,Croma,45690.0,4.8,1213,True,https://www.croma.com/search?q=GoPro+Cameras+&+Drone+14+Compact+4K+Drone
442,Amazon,109510.0,4.2,8785,True,https://www.amazon.com/search?q=GoPro+Cameras+&+Drone+500+Compact+4K+Drone
442,Flipkart,106060.0,4.4,3588,True,https://www.flipkart.com/search?q=GoPro+Cameras+&+Drone+500+Compact+4K+Drone
442,Croma,113490.0,4.6,1103,True,https://www.croma.com/search?q=GoPro+Cameras+&+Drone+500+Compact+4K+Drone
443,Amazon,111740.0,4.9,8074,True,https://www.amazon.com/search?q=Fujifilm+Cameras+&+Drone+500+Vlogging+Kit
443,Flipkart,113820.0,4.7,4855,True,https://www.flipkart.com/search?q=Fujifilm+Cameras+&+Drone+500+Vlogging+Kit
443,Croma,116710.0,4.4,5335,True,https://www.croma.com/search?q=Fujifilm+Cameras+&+Drone+500+Vlogging+Kit
444,Amazon,167280.0,4.8,9368,True,https://www.amazon.com/search?q=Sony+Cameras+&+Drone+10+Vlogging+Kit
444,Flipkart,167090.0,4.4,8304,True,https://www.flipkart.com/search?q=Sony+Cameras+&+Drone+10+Vlogging+Kit
444,Croma,172970.0,4.4,3097,True,https://www.croma.com/search?q=Sony+Cameras+&+Drone+10+Vlogging+Kit
445,Amazon,185360.0,4.2,2086,True,https://www.amazon.com/search?q=Sony+Cameras+&+Drone+10+Action+Camera+Waterproof
445,Flipkart,174110.0,4.0,2082,True,https://www.flipkart.com/search?q=Sony+Cameras+&+Drone+10+Action+Camera+Waterproof
445,Croma,180490.0,4.7,3546,True,https://www.croma.com/search?q=Sony+Cameras+&+Drone+10+Action+Camera+Waterproof
446,Amazon,264450.0,4.3,9331,True,https://www.amazon.com/search?q=GoPro+Cameras+&+Drone+100+Vlogging+Kit
446,Flipkart,262260.0,4.7,3628,True,https://www.flipkart.com/search?q=GoPro+Cameras+&+Drone+100+Vlogging+Kit
446,Croma,260860.0,4.0,3446,True,https://www.croma.com/search?q=GoPro+Cameras+&+Drone+100+Vlogging+Kit
447,Amazon,203910.0,4.3,9161,True,https://www.amazon.com/search?q=Sony+Cameras+&+Drone+20+Action+Camera+Waterproof
447,Flipkart,194130.0,4.3,250,True,https://www.flipkart.com/search?q=Sony+Cameras+&+Drone+20+Action+Camera+Waterproof
447,Croma,198120.0,4.1,5610,True,https://www.croma.com/search?q=Sony+Cameras+&+Drone+20+Action+Camera+Waterproof
448,Amazon,84830.0,4.0,3027,True,https://www.amazon.com/search?q=Fujifilm+Cameras+&+Drone+20+Compact+4K+Drone
448,Flipkart,85100.0,4.2,5686,True,https://www.flipkart.com/search?q=Fujifilm+Cameras+&+Drone+20+Compact+4K+Drone
448,Croma,87220.0,4.8,7999,True,https://www.croma.com/search?q=Fujifilm+Cameras+&+Drone+20+Compact+4K+Drone
449,Amazon,249100.0,4.4,7696,True,https://www.amazon.com/search?q=DJI+Cameras+&+Drone+1000+Vlogging+Kit
449,Flipkart,242170.0,4.8,8947,True,https://www.flipkart.com/search?q=DJI+Cameras+&+Drone+1000+Vlogging+Kit
449,Croma,247510.0,4.8,7727,True,https://www.croma.com/search?q=DJI+Cameras+&+Drone+1000+Vlogging+Kit
450,Amazon,276380.0,4.8,5054,True,https://www.amazon.com/search?q=Nikon+Cameras+&+Drone+50+Action+Camera+Waterproof
450,Flipkart,264320.0,4.5,5319,True,https://www.flipkart.com/search?q=Nikon+Cameras+&+Drone+50+Action+Camera+Waterproof
450,Croma,278530.0,4.5,456,True,https://www.croma.com/search?q=Nikon+Cameras+&+Drone+50+Action+Camera+Waterproof
451,Amazon,34130.0,4.8,5943,True,https://www.amazon.com/search?q=Hisense+Smart+TVs+&+Home+20+Dolby+Vision+Smart+TV+55+inch
451,Flipkart,34450.0,4.1,2596,True,https://www.flipkart.com/search?q=Hisense+Smart+TVs+&+Home+20+Dolby+Vision+Smart+TV+55+inch
451,Croma,35790.0,4.3,660,True,https://www.croma.com/search?q=Hisense+Smart+TVs+&+Home+20+Dolby+Vision+Smart+TV+55+inch
452,Amazon,58580.0,4.1,6532,True,https://www.amazon.com/search?q=Sony+Smart+TVs+&+Home+200+OLED+Cinema+Display+TV
452,Flipkart,57470.0,4.2,2064,True,https://www.flipkart.com/search?q=Sony+Smart+TVs+&+Home+200+OLED+Cinema+Display+TV
452,Croma,59940.0,4.8,5200,True,https://www.croma.com/search?q=Sony+Smart+TVs+&+Home+200+OLED+Cinema+Display+TV
453,Amazon,97190.0,4.4,8293,True,https://www.amazon.com/search?q=LG+Smart+TVs+&+Home+12+4K+Ultra+HD+Smart+QLED+TV
453,Flipkart,92810.0,4.8,6238,True,https://www.flipkart.com/search?q=LG+Smart+TVs+&+Home+12+4K+Ultra+HD+Smart+QLED+TV
453,Croma,94120.0,4.4,5108,True,https://www.croma.com/search?q=LG+Smart+TVs+&+Home+12+4K+Ultra+HD+Smart+QLED+TV
454,Amazon,118210.0,4.7,3461,True,https://www.amazon.com/search?q=LG+Smart+TVs+&+Home+200+OLED+Cinema+Display+TV
454,Flipkart,116330.0,4.8,7420,True,https://www.flipkart.com/search?q=LG+Smart+TVs+&+Home+200+OLED+Cinema+Display+TV
454,Croma,118680.0,4.5,8057,True,https://www.croma.com/search?q=LG+Smart+TVs+&+Home+200+OLED+Cinema+Display+TV
455,Amazon,128800.0,4.4,8729,True,https://www.amazon.com/search?q=OnePlus+Smart+TVs+&+Home+24+OLED+Cinema+Display+TV
455,Flipkart,120200.0,4.3,5513,True,https://www.flipkart.com/search?q=OnePlus+Smart+TVs+&+Home+24+OLED+Cinema+Display+TV
455,Croma,125640.0,4.1,1759,True,https://www.croma.com/search?q=OnePlus+Smart+TVs+&+Home+24+OLED+Cinema+Display+TV
456,Amazon,125040.0,4.1,748,True,https://www.amazon.com/search?q=OnePlus+Smart+TVs+&+Home+200+OLED+Cinema+Display+TV
456,Flipkart,123360.0,4.4,8708,True,https://www.flipkart.com/search?q=OnePlus+Smart+TVs+&+Home+200+OLED+Cinema+Display+TV
456,Croma,125210.0,4.1,5245,True,https://www.croma.com/search?q=OnePlus+Smart+TVs+&+Home+200+OLED+Cinema+Display+TV
457,Amazon,186310.0,4.1,7799,True,https://www.amazon.com/search?q=OnePlus+Smart+TVs+&+Home+12+4K+Ultra+HD+Smart+QLED+TV
457,Flipkart,179680.0,4.8,1839,True,https://www.flipkart.com/search?q=OnePlus+Smart+TVs+&+Home+12+4K+Ultra+HD+Smart+QLED+TV
457,Croma,184340.0,4.5,5269,True,https://www.croma.com/search?q=OnePlus+Smart+TVs+&+Home+12+4K+Ultra+HD+Smart+QLED+TV
458,Amazon,177910.0,4.2,3435,True,https://www.amazon.com/search?q=LG+Smart+TVs+&+Home+1000+Dolby+Vision+Smart+TV+55+inch
458,Flipkart,182580.0,4.2,4682,True,https://www.flipkart.com/search?q=LG+Smart+TVs+&+Home+1000+Dolby+Vision+Smart+TV+55+inch
458,Croma,186980.0,4.5,7377,True,https://www.croma.com/search?q=LG+Smart+TVs+&+Home+1000+Dolby+Vision+Smart+TV+55+inch
459,Amazon,185040.0,4.1,9318,True,https://www.amazon.com/search?q=Sony+Smart+TVs+&+Home+200+4K+Ultra+HD+Smart+QLED+TV
459,Flipkart,176580.0,4.5,3534,True,https://www.flipkart.com/search?q=Sony+Smart+TVs+&+Home+200+4K+Ultra+HD+Smart+QLED+TV
459,Croma,181030.0,4.5,9150,True,https://www.croma.com/search?q=Sony+Smart+TVs+&+Home+200+4K+Ultra+HD+Smart+QLED+TV
460,Amazon,72220.0,4.3,4161,True,https://www.amazon.com/search?q=Sony+Smart+TVs+&+Home+12+4K+Ultra+HD+Smart+QLED+TV
460,Flipkart,69860.0,4.2,5251,True,https://www.flipkart.com/search?q=Sony+Smart+TVs+&+Home+12+4K+Ultra+HD+Smart+QLED+TV
460,Croma,74770.0,4.6,5699,True,https://www.croma.com/search?q=Sony+Smart+TVs+&+Home+12+4K+Ultra+HD+Smart+QLED+TV
461,Amazon,22380.0,4.8,976,True,https://www.amazon.com/search?q=LG+Smart+TVs+&+Home+200+OLED+Cinema+Display+TV
461,Flipkart,21220.0,4.1,1031,True,https://www.flipkart.com/search?q=LG+Smart+TVs+&+Home+200+OLED+Cinema+Display+TV
461,Croma,21900.0,4.1,6571,True,https://www.croma.com/search?q=LG+Smart+TVs+&+Home+200+OLED+Cinema+Display+TV
462,Amazon,104710.0,4.8,7454,True,https://www.amazon.com/search?q=OnePlus+Smart+TVs+&+Home+24+OLED+Cinema+Display+TV
462,Flipkart,105270.0,4.6,5269,True,https://www.flipkart.com/search?q=OnePlus+Smart+TVs+&+Home+24+OLED+Cinema+Display+TV
462,Croma,108630.0,4.3,3396,True,https://www.croma.com/search?q=OnePlus+Smart+TVs+&+Home+24+OLED+Cinema+Display+TV
463,Amazon,49200.0,4.9,7779,True,https://www.amazon.com/search?q=Hisense+Smart+TVs+&+Home+200+4K+Ultra+HD+Smart+QLED+TV
463,Flipkart,48050.0,4.5,1672,True,https://www.flipkart.com/search?q=Hisense+Smart+TVs+&+Home+200+4K+Ultra+HD+Smart+QLED+TV
463,Croma,49160.0,4.7,7822,True,https://www.croma.com/search?q=Hisense+Smart+TVs+&+Home+200+4K+Ultra+HD+Smart+QLED+TV
464,Amazon,81470.0,4.7,7859,True,https://www.amazon.com/search?q=TCL+Smart+TVs+&+Home+500+OLED+Cinema+Display+TV
464,Flipkart,80840.0,4.2,3816,True,https://www.flipkart.com/search?q=TCL+Smart+TVs+&+Home+500+OLED+Cinema+Display+TV
464,Croma,85240.0,4.1,4377,True,https://www.croma.com/search?q=TCL+Smart+TVs+&+Home+500+OLED+Cinema+Display+TV
465,Amazon,62190.0,4.6,5470,True,https://www.amazon.com/search?q=Sony+Smart+TVs+&+Home+1000+4K+Ultra+HD+Smart+QLED+TV
465,Flipkart,58920.0,4.4,645,True,https://www.flipkart.com/search?q=Sony+Smart+TVs+&+Home+1000+4K+Ultra+HD+Smart+QLED+TV
465,Croma,62010.0,4.1,1999,True,https://www.croma.com/search?q=Sony+Smart+TVs+&+Home+1000+4K+Ultra+HD+Smart+QLED+TV
466,Amazon,43200.0,4.7,2237,True,https://www.amazon.com/search?q=Xiaomi+Smart+TVs+&+Home+100+OLED+Cinema+Display+TV
466,Flipkart,42580.0,4.5,6796,True,https://www.flipkart.com/search?q=Xiaomi+Smart+TVs+&+Home+100+OLED+Cinema+Display+TV
466,Croma,43160.0,4.7,1902,True,https://www.croma.com/search?q=Xiaomi+Smart+TVs+&+Home+100+OLED+Cinema+Display+TV
467,Amazon,124020.0,4.5,6716,True,https://www.amazon.com/search?q=Hisense+Smart+TVs+&+Home+1000+OLED+Cinema+Display+TV
467,Flipkart,123940.0,4.5,4058,True,https://www.flipkart.com/search?q=Hisense+Smart+TVs+&+Home+1000+OLED+Cinema+Display+TV
467,Croma,129040.0,4.6,9127,True,https://www.croma.com/search?q=Hisense+Smart+TVs+&+Home+1000+OLED+Cinema+Display+TV
468,Amazon,133670.0,4.2,7213,True,https://www.amazon.com/search?q=Xiaomi+Smart+TVs+&+Home+1000+OLED+Cinema+Display+TV
468,Flipkart,133580.0,4.7,7282,True,https://www.flipkart.com/search?q=Xiaomi+Smart+TVs+&+Home+1000+OLED+Cinema+Display+TV
468,Croma,134300.0,4.5,5756,True,https://www.croma.com/search?q=Xiaomi+Smart+TVs+&+Home+1000+OLED+Cinema+Display+TV
469,Amazon,127180.0,4.1,8122,True,https://www.amazon.com/search?q=Sony+Smart+TVs+&+Home+12+4K+Ultra+HD+Smart+QLED+TV
469,Flipkart,122040.0,4.1,7734,True,https://www.flipkart.com/search?q=Sony+Smart+TVs+&+Home+12+4K+Ultra+HD+Smart+QLED+TV
469,Croma,129460.0,4.3,1749,True,https://www.croma.com/search?q=Sony+Smart+TVs+&+Home+12+4K+Ultra+HD+Smart+QLED+TV
470,Amazon,187850.0,4.1,1931,True,https://www.amazon.com/search?q=OnePlus+Smart+TVs+&+Home+12+OLED+Cinema+Display+TV
470,Flipkart,176470.0,4.6,6358,True,https://www.flipkart.com/search?q=OnePlus+Smart+TVs+&+Home+12+OLED+Cinema+Display+TV
470,Croma,191350.0,4.3,1157,True,https://www.croma.com/search?q=OnePlus+Smart+TVs+&+Home+12+OLED+Cinema+Display+TV
471,Amazon,29610.0,4.8,153,True,https://www.amazon.com/search?q=OnePlus+Smart+TVs+&+Home+1000+OLED+Cinema+Display+TV
471,Flipkart,30370.0,4.7,2594,True,https://www.flipkart.com/search?q=OnePlus+Smart+TVs+&+Home+1000+OLED+Cinema+Display+TV
471,Croma,31460.0,4.4,4925,True,https://www.croma.com/search?q=OnePlus+Smart+TVs+&+Home+1000+OLED+Cinema+Display+TV
472,Amazon,187260.0,4.6,5337,True,https://www.amazon.com/search?q=LG+Smart+TVs+&+Home+1000+4K+Ultra+HD+Smart+QLED+TV
472,Flipkart,185530.0,4.3,5139,True,https://www.flipkart.com/search?q=LG+Smart+TVs+&+Home+1000+4K+Ultra+HD+Smart+QLED+TV
472,Croma,186940.0,4.8,7272,True,https://www.croma.com/search?q=LG+Smart+TVs+&+Home+1000+4K+Ultra+HD+Smart+QLED+TV
473,Amazon,71070.0,4.5,8512,True,https://www.amazon.com/search?q=Hisense+Smart+TVs+&+Home+100+OLED+Cinema+Display+TV
473,Flipkart,70470.0,4.4,2239,True,https://www.flipkart.com/search?q=Hisense+Smart+TVs+&+Home+100+OLED+Cinema+Display+TV
473,Croma,73020.0,4.8,1172,True,https://www.croma.com/search?q=Hisense+Smart+TVs+&+Home+100+OLED+Cinema+Display+TV
474,Amazon,136140.0,4.6,6035,True,https://www.amazon.com/search?q=Samsung+Smart+TVs+&+Home+15+4K+Ultra+HD+Smart+QLED+TV
474,Flipkart,134810.0,4.1,4773,True,https://www.flipkart.com/search?q=Samsung+Smart+TVs+&+Home+15+4K+Ultra+HD+Smart+QLED+TV
474,Croma,134850.0,4.8,4004,True,https://www.croma.com/search?q=Samsung+Smart+TVs+&+Home+15+4K+Ultra+HD+Smart+QLED+TV
475,Amazon,105660.0,4.6,6802,True,https://www.amazon.com/search?q=LG+Smart+TVs+&+Home+200+Dolby+Vision+Smart+TV+55+inch
475,Flipkart,104490.0,4.3,9081,True,https://www.flipkart.com/search?q=LG+Smart+TVs+&+Home+200+Dolby+Vision+Smart+TV+55+inch
475,Croma,108070.0,4.2,2991,True,https://www.croma.com/search?q=LG+Smart+TVs+&+Home+200+Dolby+Vision+Smart+TV+55+inch
476,Amazon,166370.0,4.8,6985,True,https://www.amazon.com/search?q=Hisense+Smart+TVs+&+Home+14+Dolby+Vision+Smart+TV+55+inch
476,Flipkart,159840.0,4.1,2206,True,https://www.flipkart.com/search?q=Hisense+Smart+TVs+&+Home+14+Dolby+Vision+Smart+TV+55+inch
476,Croma,167170.0,4.1,1325,True,https://www.croma.com/search?q=Hisense+Smart+TVs+&+Home+14+Dolby+Vision+Smart+TV+55+inch
477,Amazon,134730.0,4.6,2374,True,https://www.amazon.com/search?q=Sony+Smart+TVs+&+Home+30+OLED+Cinema+Display+TV
477,Flipkart,127660.0,4.1,6963,True,https://www.flipkart.com/search?q=Sony+Smart+TVs+&+Home+30+OLED+Cinema+Display+TV
477,Croma,138120.0,4.8,7124,True,https://www.croma.com/search?q=Sony+Smart+TVs+&+Home+30+OLED+Cinema+Display+TV
478,Amazon,32840.0,4.7,6453,True,https://www.amazon.com/search?q=Hisense+Smart+TVs+&+Home+200+OLED+Cinema+Display+TV
478,Flipkart,31810.0,4.3,3194,True,https://www.flipkart.com/search?q=Hisense+Smart+TVs+&+Home+200+OLED+Cinema+Display+TV
478,Croma,32770.0,4.4,271,True,https://www.croma.com/search?q=Hisense+Smart+TVs+&+Home+200+OLED+Cinema+Display+TV
479,Amazon,126880.0,4.5,6881,True,https://www.amazon.com/search?q=LG+Smart+TVs+&+Home+12+Dolby+Vision+Smart+TV+55+inch
479,Flipkart,126360.0,4.8,6162,True,https://www.flipkart.com/search?q=LG+Smart+TVs+&+Home+12+Dolby+Vision+Smart+TV+55+inch
479,Croma,125480.0,4.0,770,True,https://www.croma.com/search?q=LG+Smart+TVs+&+Home+12+Dolby+Vision+Smart+TV+55+inch
480,Amazon,46370.0,4.4,1461,True,https://www.amazon.com/search?q=OnePlus+Smart+TVs+&+Home+24+Dolby+Vision+Smart+TV+55+inch
480,Flipkart,45800.0,4.1,8774,True,https://www.flipkart.com/search?q=OnePlus+Smart+TVs+&+Home+24+Dolby+Vision+Smart+TV+55+inch
480,Croma,45530.0,4.9,4728,True,https://www.croma.com/search?q=OnePlus+Smart+TVs+&+Home+24+Dolby+Vision+Smart+TV+55+inch
481,Amazon,139150.0,4.1,7890,True,https://www.amazon.com/search?q=Hisense+Smart+TVs+&+Home+30+4K+Ultra+HD+Smart+QLED+TV
481,Flipkart,132810.0,4.6,1429,True,https://www.flipkart.com/search?q=Hisense+Smart+TVs+&+Home+30+4K+Ultra+HD+Smart+QLED+TV
481,Croma,144360.0,4.6,8984,True,https://www.croma.com/search?q=Hisense+Smart+TVs+&+Home+30+4K+Ultra+HD+Smart+QLED+TV
482,Amazon,53330.0,4.3,326,True,https://www.amazon.com/search?q=Hisense+Smart+TVs+&+Home+100+4K+Ultra+HD+Smart+QLED+TV
482,Flipkart,50620.0,4.4,8549,True,https://www.flipkart.com/search?q=Hisense+Smart+TVs+&+Home+100+4K+Ultra+HD+Smart+QLED+TV
482,Croma,51420.0,4.8,5581,True,https://www.croma.com/search?q=Hisense+Smart+TVs+&+Home+100+4K+Ultra+HD+Smart+QLED+TV
483,Amazon,70040.0,4.3,728,True,https://www.amazon.com/search?q=Samsung+Smart+TVs+&+Home+24+4K+Ultra+HD+Smart+QLED+TV
483,Flipkart,70960.0,4.6,5131,True,https://www.flipkart.com/search?q=Samsung+Smart+TVs+&+Home+24+4K+Ultra+HD+Smart+QLED+TV
483,Croma,72460.0,4.7,9385,True,https://www.croma.com/search?q=Samsung+Smart+TVs+&+Home+24+4K+Ultra+HD+Smart+QLED+TV
484,Amazon,75510.0,4.5,4930,True,https://www.amazon.com/search?q=Xiaomi+Smart+TVs+&+Home+12+OLED+Cinema+Display+TV
484,Flipkart,75680.0,4.7,597,True,https://www.flipkart.com/search?q=Xiaomi+Smart+TVs+&+Home+12+OLED+Cinema+Display+TV
484,Croma,77850.0,4.3,1501,True,https://www.croma.com/search?q=Xiaomi+Smart+TVs+&+Home+12+OLED+Cinema+Display+TV
485,Amazon,44340.0,4.2,4753,True,https://www.amazon.com/search?q=OnePlus+Smart+TVs+&+Home+20+Dolby+Vision+Smart+TV+55+inch
485,Flipkart,43240.0,4.2,4359,True,https://www.flipkart.com/search?q=OnePlus+Smart+TVs+&+Home+20+Dolby+Vision+Smart+TV+55+inch
485,Croma,46700.0,4.0,1977,True,https://www.croma.com/search?q=OnePlus+Smart+TVs+&+Home+20+Dolby+Vision+Smart+TV+55+inch
486,Amazon,140280.0,4.6,6208,True,https://www.amazon.com/search?q=Xiaomi+Smart+TVs+&+Home+12+Dolby+Vision+Smart+TV+55+inch
486,Flipkart,140040.0,4.7,4430,True,https://www.flipkart.com/search?q=Xiaomi+Smart+TVs+&+Home+12+Dolby+Vision+Smart+TV+55+inch
486,Croma,142940.0,4.7,4019,True,https://www.croma.com/search?q=Xiaomi+Smart+TVs+&+Home+12+Dolby+Vision+Smart+TV+55+inch
487,Amazon,56850.0,4.3,1532,True,https://www.amazon.com/search?q=Xiaomi+Smart+TVs+&+Home+14+Dolby+Vision+Smart+TV+55+inch
487,Flipkart,56780.0,4.9,2675,True,https://www.flipkart.com/search?q=Xiaomi+Smart+TVs+&+Home+14+Dolby+Vision+Smart+TV+55+inch
487,Croma,58810.0,4.8,6915,True,https://www.croma.com/search?q=Xiaomi+Smart+TVs+&+Home+14+Dolby+Vision+Smart+TV+55+inch
488,Amazon,21640.0,4.6,3604,True,https://www.amazon.com/search?q=Hisense+Smart+TVs+&+Home+10+Dolby+Vision+Smart+TV+55+inch
488,Flipkart,20480.0,4.5,5803,True,https://www.flipkart.com/search?q=Hisense+Smart+TVs+&+Home+10+Dolby+Vision+Smart+TV+55+inch
488,Croma,21420.0,4.0,4481,True,https://www.croma.com/search?q=Hisense+Smart+TVs+&+Home+10+Dolby+Vision+Smart+TV+55+inch
489,Amazon,81470.0,4.4,5087,True,https://www.amazon.com/search?q=Sony+Smart+TVs+&+Home+200+Dolby+Vision+Smart+TV+55+inch
489,Flipkart,76550.0,4.4,8874,True,https://www.flipkart.com/search?q=Sony+Smart+TVs+&+Home+200+Dolby+Vision+Smart+TV+55+inch
489,Croma,79340.0,4.2,6540,True,https://www.croma.com/search?q=Sony+Smart+TVs+&+Home+200+Dolby+Vision+Smart+TV+55+inch
490,Amazon,167880.0,4.0,7503,True,https://www.amazon.com/search?q=Hisense+Smart+TVs+&+Home+30+Dolby+Vision+Smart+TV+55+inch
490,Flipkart,160840.0,4.3,5322,True,https://www.flipkart.com/search?q=Hisense+Smart+TVs+&+Home+30+Dolby+Vision+Smart+TV+55+inch
490,Croma,173850.0,4.9,822,True,https://www.croma.com/search?q=Hisense+Smart+TVs+&+Home+30+Dolby+Vision+Smart+TV+55+inch
491,Amazon,84160.0,4.8,4616,True,https://www.amazon.com/search?q=TCL+Smart+TVs+&+Home+100+Dolby+Vision+Smart+TV+55+inch
491,Flipkart,84710.0,4.3,4525,True,https://www.flipkart.com/search?q=TCL+Smart+TVs+&+Home+100+Dolby+Vision+Smart+TV+55+inch
491,Croma,86470.0,4.7,4333,True,https://www.croma.com/search?q=TCL+Smart+TVs+&+Home+100+Dolby+Vision+Smart+TV+55+inch
492,Amazon,116450.0,4.7,3343,True,https://www.amazon.com/search?q=TCL+Smart+TVs+&+Home+500+4K+Ultra+HD+Smart+QLED+TV
492,Flipkart,112110.0,4.5,3097,True,https://www.flipkart.com/search?q=TCL+Smart+TVs+&+Home+500+4K+Ultra+HD+Smart+QLED+TV
492,Croma,118530.0,4.3,323,True,https://www.croma.com/search?q=TCL+Smart+TVs+&+Home+500+4K+Ultra+HD+Smart+QLED+TV
493,Amazon,29480.0,4.1,1852,True,https://www.amazon.com/search?q=TCL+Smart+TVs+&+Home+1000+4K+Ultra+HD+Smart+QLED+TV
493,Flipkart,29160.0,4.6,5909,True,https://www.flipkart.com/search?q=TCL+Smart+TVs+&+Home+1000+4K+Ultra+HD+Smart+QLED+TV
493,Croma,28570.0,4.2,4791,True,https://www.croma.com/search?q=TCL+Smart+TVs+&+Home+1000+4K+Ultra+HD+Smart+QLED+TV
494,Amazon,127830.0,4.1,3702,True,https://www.amazon.com/search?q=TCL+Smart+TVs+&+Home+50+OLED+Cinema+Display+TV
494,Flipkart,123310.0,4.9,2145,True,https://www.flipkart.com/search?q=TCL+Smart+TVs+&+Home+50+OLED+Cinema+Display+TV
494,Croma,132210.0,4.6,2115,True,https://www.croma.com/search?q=TCL+Smart+TVs+&+Home+50+OLED+Cinema+Display+TV
495,Amazon,89650.0,4.7,9424,True,https://www.amazon.com/search?q=LG+Smart+TVs+&+Home+14+Dolby+Vision+Smart+TV+55+inch
495,Flipkart,90730.0,4.7,3177,True,https://www.flipkart.com/search?q=LG+Smart+TVs+&+Home+14+Dolby+Vision+Smart+TV+55+inch
495,Croma,92300.0,4.8,3168,True,https://www.croma.com/search?q=LG+Smart+TVs+&+Home+14+Dolby+Vision+Smart+TV+55+inch
496,Amazon,46110.0,4.6,4678,True,https://www.amazon.com/search?q=OnePlus+Smart+TVs+&+Home+30+OLED+Cinema+Display+TV
496,Flipkart,45750.0,4.7,5448,True,https://www.flipkart.com/search?q=OnePlus+Smart+TVs+&+Home+30+OLED+Cinema+Display+TV
496,Croma,48620.0,4.2,1362,True,https://www.croma.com/search?q=OnePlus+Smart+TVs+&+Home+30+OLED+Cinema+Display+TV
497,Amazon,92350.0,4.9,4380,True,https://www.amazon.com/search?q=Xiaomi+Smart+TVs+&+Home+12+Dolby+Vision+Smart+TV+55+inch
497,Flipkart,89110.0,4.9,4486,True,https://www.flipkart.com/search?q=Xiaomi+Smart+TVs+&+Home+12+Dolby+Vision+Smart+TV+55+inch
497,Croma,94000.0,4.2,1287,True,https://www.croma.com/search?q=Xiaomi+Smart+TVs+&+Home+12+Dolby+Vision+Smart+TV+55+inch
498,Amazon,126090.0,4.2,8211,True,https://www.amazon.com/search?q=TCL+Smart+TVs+&+Home+20+4K+Ultra+HD+Smart+QLED+TV
498,Flipkart,126920.0,4.1,9007,True,https://www.flipkart.com/search?q=TCL+Smart+TVs+&+Home+20+4K+Ultra+HD+Smart+QLED+TV
498,Croma,128370.0,4.7,3728,True,https://www.croma.com/search?q=TCL+Smart+TVs+&+Home+20+4K+Ultra+HD+Smart+QLED+TV
499,Amazon,87170.0,4.2,721,True,https://www.amazon.com/search?q=Samsung+Smart+TVs+&+Home+10+4K+Ultra+HD+Smart+QLED+TV
499,Flipkart,82570.0,4.1,4255,True,https://www.flipkart.com/search?q=Samsung+Smart+TVs+&+Home+10+4K+Ultra+HD+Smart+QLED+TV
499,Croma,87140.0,4.7,457,True,https://www.croma.com/search?q=Samsung+Smart+TVs+&+Home+10+4K+Ultra+HD+Smart+QLED+TV
500,Amazon,78000.0,4.8,6547,True,https://www.amazon.com/search?q=Hisense+Smart+TVs+&+Home+30+Dolby+Vision+Smart+TV+55+inch
500,Flipkart,72810.0,4.2,5553,True,https://www.flipkart.com/search?q=Hisense+Smart+TVs+&+Home+30+Dolby+Vision+Smart+TV+55+inch
500,Croma,77570.0,4.8,210,True,https://www.croma.com/search?q=Hisense+Smart+TVs+&+Home+30+Dolby+Vision+Smart+TV+55+inch
501,Amazon,48500.0,4.4,1298,True,https://www.amazon.com/search?q=Lenovo+Tablets+&+E-Reader+1000+Pro+12.9+Tablet
501,Flipkart,48780.0,4.5,204,True,https://www.flipkart.com/search?q=Lenovo+Tablets+&+E-Reader+1000+Pro+12.9+Tablet
501,Croma,48930.0,4.3,8048,True,https://www.croma.com/search?q=Lenovo+Tablets+&+E-Reader+1000+Pro+12.9+Tablet
502,Amazon,66020.0,4.3,5111,True,https://www.amazon.com/search?q=Samsung+Tablets+&+E-Reader+100+Paperwhite+E-Reader
502,Flipkart,66370.0,4.4,1635,True,https://www.flipkart.com/search?q=Samsung+Tablets+&+E-Reader+100+Paperwhite+E-Reader
502,Croma,70450.0,4.3,5721,True,https://www.croma.com/search?q=Samsung+Tablets+&+E-Reader+100+Paperwhite+E-Reader
503,Amazon,20160.0,4.6,3043,True,https://www.amazon.com/search?q=Lenovo+Tablets+&+E-Reader+10+Paperwhite+E-Reader
503,Flipkart,20220.0,4.5,6444,True,https://www.flipkart.com/search?q=Lenovo+Tablets+&+E-Reader+10+Paperwhite+E-Reader
503,Croma,21280.0,4.6,5046,True,https://www.croma.com/search?q=Lenovo+Tablets+&+E-Reader+10+Paperwhite+E-Reader
504,Amazon,36740.0,4.3,1540,True,https://www.amazon.com/search?q=Xiaomi+Tablets+&+E-Reader+15+Paperwhite+E-Reader
504,Flipkart,36430.0,4.8,7325,True,https://www.flipkart.com/search?q=Xiaomi+Tablets+&+E-Reader+15+Paperwhite+E-Reader
504,Croma,36970.0,4.7,2442,True,https://www.croma.com/search?q=Xiaomi+Tablets+&+E-Reader+15+Paperwhite+E-Reader
505,Amazon,69070.0,4.2,6519,True,https://www.amazon.com/search?q=Apple+Tablets+&+E-Reader+20+11-inch+Wi-Fi+Tablet
505,Flipkart,67520.0,4.1,9006,True,https://www.flipkart.com/search?q=Apple+Tablets+&+E-Reader+20+11-inch+Wi-Fi+Tablet
505,Croma,74130.0,4.6,8336,True,https://www.croma.com/search?q=Apple+Tablets+&+E-Reader+20+11-inch+Wi-Fi+Tablet
506,Amazon,115200.0,4.9,756,True,https://www.amazon.com/search?q=Lenovo+Tablets+&+E-Reader+10+Pro+12.9+Tablet
506,Flipkart,114960.0,4.3,5683,True,https://www.flipkart.com/search?q=Lenovo+Tablets+&+E-Reader+10+Pro+12.9+Tablet
506,Croma,115790.0,4.7,851,True,https://www.croma.com/search?q=Lenovo+Tablets+&+E-Reader+10+Pro+12.9+Tablet
507,Amazon,99530.0,4.5,8941,True,https://www.amazon.com/search?q=Amazon+Kindle+Tablets+&+E-Reader+20+11-inch+Wi-Fi+Tablet
507,Flipkart,96200.0,4.1,3967,True,https://www.flipkart.com/search?q=Amazon+Kindle+Tablets+&+E-Reader+20+11-inch+Wi-Fi+Tablet
507,Croma,102160.0,4.8,754,True,https://www.croma.com/search?q=Amazon+Kindle+Tablets+&+E-Reader+20+11-inch+Wi-Fi+Tablet
508,Amazon,60260.0,4.8,900,True,https://www.amazon.com/search?q=Amazon+Kindle+Tablets+&+E-Reader+10+Paperwhite+E-Reader
508,Flipkart,58080.0,4.2,2288,True,https://www.flipkart.com/search?q=Amazon+Kindle+Tablets+&+E-Reader+10+Paperwhite+E-Reader
508,Croma,58200.0,4.0,968,True,https://www.croma.com/search?q=Amazon+Kindle+Tablets+&+E-Reader+10+Paperwhite+E-Reader
509,Amazon,56020.0,4.6,1197,True,https://www.amazon.com/search?q=Xiaomi+Tablets+&+E-Reader+15+Pro+12.9+Tablet
509,Flipkart,54580.0,4.7,1892,True,https://www.flipkart.com/search?q=Xiaomi+Tablets+&+E-Reader+15+Pro+12.9+Tablet
509,Croma,53810.0,4.1,3763,True,https://www.croma.com/search?q=Xiaomi+Tablets+&+E-Reader+15+Pro+12.9+Tablet
510,Amazon,63740.0,4.8,6736,True,https://www.amazon.com/search?q=Apple+Tablets+&+E-Reader+100+Paperwhite+E-Reader
510,Flipkart,62940.0,4.3,9093,True,https://www.flipkart.com/search?q=Apple+Tablets+&+E-Reader+100+Paperwhite+E-Reader
510,Croma,65570.0,4.1,3643,True,https://www.croma.com/search?q=Apple+Tablets+&+E-Reader+100+Paperwhite+E-Reader
511,Amazon,24730.0,4.1,2464,True,https://www.amazon.com/search?q=Xiaomi+Tablets+&+E-Reader+200+Pro+12.9+Tablet
511,Flipkart,23950.0,4.7,2903,True,https://www.flipkart.com/search?q=Xiaomi+Tablets+&+E-Reader+200+Pro+12.9+Tablet
511,Croma,24320.0,4.6,9217,True,https://www.croma.com/search?q=Xiaomi+Tablets+&+E-Reader+200+Pro+12.9+Tablet
512,Amazon,106190.0,4.1,6312,True,https://www.amazon.com/search?q=Apple+Tablets+&+E-Reader+24+Paperwhite+E-Reader
512,Flipkart,104450.0,4.7,406,True,https://www.flipkart.com/search?q=Apple+Tablets+&+E-Reader+24+Paperwhite+E-Reader
512,Croma,110190.0,4.8,1472,True,https://www.croma.com/search?q=Apple+Tablets+&+E-Reader+24+Paperwhite+E-Reader
513,Amazon,33230.0,4.6,4798,True,https://www.amazon.com/search?q=Xiaomi+Tablets+&+E-Reader+14+Paperwhite+E-Reader
513,Flipkart,32880.0,4.4,7948,True,https://www.flipkart.com/search?q=Xiaomi+Tablets+&+E-Reader+14+Paperwhite+E-Reader
513,Croma,33770.0,4.6,3527,True,https://www.croma.com/search?q=Xiaomi+Tablets+&+E-Reader+14+Paperwhite+E-Reader
514,Amazon,14020.0,4.2,3009,True,https://www.amazon.com/search?q=Xiaomi+Tablets+&+E-Reader+10+11-inch+Wi-Fi+Tablet
514,Flipkart,13840.0,4.5,766,True,https://www.flipkart.com/search?q=Xiaomi+Tablets+&+E-Reader+10+11-inch+Wi-Fi+Tablet
514,Croma,14450.0,4.5,8340,True,https://www.croma.com/search?q=Xiaomi+Tablets+&+E-Reader+10+11-inch+Wi-Fi+Tablet
515,Amazon,66870.0,4.3,7011,True,https://www.amazon.com/search?q=Lenovo+Tablets+&+E-Reader+100+Paperwhite+E-Reader
515,Flipkart,63280.0,4.0,4010,True,https://www.flipkart.com/search?q=Lenovo+Tablets+&+E-Reader+100+Paperwhite+E-Reader
515,Croma,68470.0,4.2,8836,True,https://www.croma.com/search?q=Lenovo+Tablets+&+E-Reader+100+Paperwhite+E-Reader
516,Amazon,51870.0,4.9,8465,True,https://www.amazon.com/search?q=Xiaomi+Tablets+&+E-Reader+14+Pro+12.9+Tablet
516,Flipkart,49670.0,4.2,3559,True,https://www.flipkart.com/search?q=Xiaomi+Tablets+&+E-Reader+14+Pro+12.9+Tablet
516,Croma,52030.0,4.2,3323,True,https://www.croma.com/search?q=Xiaomi+Tablets+&+E-Reader+14+Pro+12.9+Tablet
517,Amazon,99070.0,4.8,8301,True,https://www.amazon.com/search?q=Samsung+Tablets+&+E-Reader+200+Paperwhite+E-Reader
517,Flipkart,97170.0,4.2,856,True,https://www.flipkart.com/search?q=Samsung+Tablets+&+E-Reader+200+Paperwhite+E-Reader
517,Croma,104830.0,4.0,6116,True,https://www.croma.com/search?q=Samsung+Tablets+&+E-Reader+200+Paperwhite+E-Reader
518,Amazon,111140.0,4.7,7574,True,https://www.amazon.com/search?q=Xiaomi+Tablets+&+E-Reader+100+Paperwhite+E-Reader
518,Flipkart,109830.0,4.0,1009,True,https://www.flipkart.com/search?q=Xiaomi+Tablets+&+E-Reader+100+Paperwhite+E-Reader
518,Croma,112680.0,4.8,3031,True,https://www.croma.com/search?q=Xiaomi+Tablets+&+E-Reader+100+Paperwhite+E-Reader
519,Amazon,108660.0,4.1,4005,True,https://www.amazon.com/search?q=Xiaomi+Tablets+&+E-Reader+50+Paperwhite+E-Reader
519,Flipkart,105410.0,4.6,5490,True,https://www.flipkart.com/search?q=Xiaomi+Tablets+&+E-Reader+50+Paperwhite+E-Reader
519,Croma,112330.0,4.4,5486,True,https://www.croma.com/search?q=Xiaomi+Tablets+&+E-Reader+50+Paperwhite+E-Reader
520,Amazon,22780.0,4.2,6909,True,https://www.amazon.com/search?q=Lenovo+Tablets+&+E-Reader+500+Paperwhite+E-Reader
520,Flipkart,22120.0,4.8,6302,True,https://www.flipkart.com/search?q=Lenovo+Tablets+&+E-Reader+500+Paperwhite+E-Reader
520,Croma,23030.0,4.8,1354,True,https://www.croma.com/search?q=Lenovo+Tablets+&+E-Reader+500+Paperwhite+E-Reader
521,Amazon,117870.0,4.1,7604,True,https://www.amazon.com/search?q=Xiaomi+Tablets+&+E-Reader+1000+Paperwhite+E-Reader
521,Flipkart,115480.0,4.2,6269,True,https://www.flipkart.com/search?q=Xiaomi+Tablets+&+E-Reader+1000+Paperwhite+E-Reader
521,Croma,122240.0,4.1,3331,True,https://www.croma.com/search?q=Xiaomi+Tablets+&+E-Reader+1000+Paperwhite+E-Reader
522,Amazon,91860.0,4.1,9467,True,https://www.amazon.com/search?q=Xiaomi+Tablets+&+E-Reader+20+Paperwhite+E-Reader
522,Flipkart,91920.0,4.1,2386,True,https://www.flipkart.com/search?q=Xiaomi+Tablets+&+E-Reader+20+Paperwhite+E-Reader
522,Croma,90350.0,4.1,7777,True,https://www.croma.com/search?q=Xiaomi+Tablets+&+E-Reader+20+Paperwhite+E-Reader
523,Amazon,30600.0,4.8,2718,True,https://www.amazon.com/search?q=Apple+Tablets+&+E-Reader+50+Pro+12.9+Tablet
523,Flipkart,29400.0,4.7,2934,True,https://www.flipkart.com/search?q=Apple+Tablets+&+E-Reader+50+Pro+12.9+Tablet
523,Croma,30700.0,4.5,9206,True,https://www.croma.com/search?q=Apple+Tablets+&+E-Reader+50+Pro+12.9+Tablet
524,Amazon,13700.0,4.4,3696,True,https://www.amazon.com/search?q=Samsung+Tablets+&+E-Reader+15+Pro+12.9+Tablet
524,Flipkart,12760.0,4.5,7731,True,https://www.flipkart.com/search?q=Samsung+Tablets+&+E-Reader+15+Pro+12.9+Tablet
524,Croma,13840.0,4.3,7164,True,https://www.croma.com/search?q=Samsung+Tablets+&+E-Reader+15+Pro+12.9+Tablet
525,Amazon,49270.0,4.5,2590,True,https://www.amazon.com/search?q=Samsung+Tablets+&+E-Reader+50+11-inch+Wi-Fi+Tablet
525,Flipkart,46750.0,4.8,233,True,https://www.flipkart.com/search?q=Samsung+Tablets+&+E-Reader+50+11-inch+Wi-Fi+Tablet
525,Croma,48530.0,4.4,874,True,https://www.croma.com/search?q=Samsung+Tablets+&+E-Reader+50+11-inch+Wi-Fi+Tablet
526,Amazon,33850.0,4.0,8851,True,https://www.amazon.com/search?q=Samsung+Tablets+&+E-Reader+1000+Paperwhite+E-Reader
526,Flipkart,34070.0,4.4,1755,True,https://www.flipkart.com/search?q=Samsung+Tablets+&+E-Reader+1000+Paperwhite+E-Reader
526,Croma,35820.0,4.4,4090,True,https://www.croma.com/search?q=Samsung+Tablets+&+E-Reader+1000+Paperwhite+E-Reader
527,Amazon,115070.0,4.4,3721,True,https://www.amazon.com/search?q=Xiaomi+Tablets+&+E-Reader+50+Pro+12.9+Tablet
527,Flipkart,117580.0,4.1,4996,True,https://www.flipkart.com/search?q=Xiaomi+Tablets+&+E-Reader+50+Pro+12.9+Tablet
527,Croma,120870.0,4.2,1636,True,https://www.croma.com/search?q=Xiaomi+Tablets+&+E-Reader+50+Pro+12.9+Tablet
528,Amazon,76900.0,4.4,9495,True,https://www.amazon.com/search?q=Samsung+Tablets+&+E-Reader+15+Pro+12.9+Tablet
528,Flipkart,78500.0,4.7,549,True,https://www.flipkart.com/search?q=Samsung+Tablets+&+E-Reader+15+Pro+12.9+Tablet
528,Croma,78470.0,4.9,7748,True,https://www.croma.com/search?q=Samsung+Tablets+&+E-Reader+15+Pro+12.9+Tablet
529,Amazon,49380.0,4.7,6218,True,https://www.amazon.com/search?q=Amazon+Kindle+Tablets+&+E-Reader+30+Pro+12.9+Tablet
529,Flipkart,48670.0,4.6,172,True,https://www.flipkart.com/search?q=Amazon+Kindle+Tablets+&+E-Reader+30+Pro+12.9+Tablet
529,Croma,48770.0,4.8,1308,True,https://www.croma.com/search?q=Amazon+Kindle+Tablets+&+E-Reader+30+Pro+12.9+Tablet
530,Amazon,76960.0,4.3,4570,True,https://www.amazon.com/search?q=Amazon+Kindle+Tablets+&+E-Reader+24+Pro+12.9+Tablet
530,Flipkart,76820.0,4.6,9037,True,https://www.flipkart.com/search?q=Amazon+Kindle+Tablets+&+E-Reader+24+Pro+12.9+Tablet
530,Croma,78490.0,4.5,3543,True,https://www.croma.com/search?q=Amazon+Kindle+Tablets+&+E-Reader+24+Pro+12.9+Tablet
531,Amazon,34050.0,4.7,1048,True,https://www.amazon.com/search?q=Lenovo+Tablets+&+E-Reader+50+Pro+12.9+Tablet
531,Flipkart,31850.0,4.5,6113,True,https://www.flipkart.com/search?q=Lenovo+Tablets+&+E-Reader+50+Pro+12.9+Tablet
531,Croma,34600.0,4.8,1968,True,https://www.croma.com/search?q=Lenovo+Tablets+&+E-Reader+50+Pro+12.9+Tablet
532,Amazon,37250.0,4.3,9305,True,https://www.amazon.com/search?q=Lenovo+Tablets+&+E-Reader+20+Pro+12.9+Tablet
532,Flipkart,36650.0,4.6,9337,True,https://www.flipkart.com/search?q=Lenovo+Tablets+&+E-Reader+20+Pro+12.9+Tablet
532,Croma,36830.0,4.6,3504,True,https://www.croma.com/search?q=Lenovo+Tablets+&+E-Reader+20+Pro+12.9+Tablet
533,Amazon,93290.0,4.6,3587,True,https://www.amazon.com/search?q=Lenovo+Tablets+&+E-Reader+15+Pro+12.9+Tablet
533,Flipkart,92470.0,4.7,3843,True,https://www.flipkart.com/search?q=Lenovo+Tablets+&+E-Reader+15+Pro+12.9+Tablet
533,Croma,96720.0,4.3,4530,True,https://www.croma.com/search?q=Lenovo+Tablets+&+E-Reader+15+Pro+12.9+Tablet
534,Amazon,79340.0,4.3,7562,True,https://www.amazon.com/search?q=Lenovo+Tablets+&+E-Reader+24+Paperwhite+E-Reader
534,Flipkart,77270.0,4.4,8779,True,https://www.flipkart.com/search?q=Lenovo+Tablets+&+E-Reader+24+Paperwhite+E-Reader
534,Croma,77930.0,4.7,7853,True,https://www.croma.com/search?q=Lenovo+Tablets+&+E-Reader+24+Paperwhite+E-Reader
535,Amazon,95010.0,4.3,6181,True,https://www.amazon.com/search?q=Lenovo+Tablets+&+E-Reader+200+11-inch+Wi-Fi+Tablet
535,Flipkart,92850.0,4.7,1225,True,https://www.flipkart.com/search?q=Lenovo+Tablets+&+E-Reader+200+11-inch+Wi-Fi+Tablet
535,Croma,94950.0,4.2,7651,True,https://www.croma.com/search?q=Lenovo+Tablets+&+E-Reader+200+11-inch+Wi-Fi+Tablet
536,Amazon,44500.0,4.9,1410,True,https://www.amazon.com/search?q=Amazon+Kindle+Tablets+&+E-Reader+14+Paperwhite+E-Reader
536,Flipkart,44420.0,4.1,4671,True,https://www.flipkart.com/search?q=Amazon+Kindle+Tablets+&+E-Reader+14+Paperwhite+E-Reader
536,Croma,45250.0,4.1,2574,True,https://www.croma.com/search?q=Amazon+Kindle+Tablets+&+E-Reader+14+Paperwhite+E-Reader
537,Amazon,52620.0,4.6,4953,True,https://www.amazon.com/search?q=Lenovo+Tablets+&+E-Reader+12+Pro+12.9+Tablet
537,Flipkart,52770.0,4.4,9020,True,https://www.flipkart.com/search?q=Lenovo+Tablets+&+E-Reader+12+Pro+12.9+Tablet
537,Croma,53250.0,4.8,7914,True,https://www.croma.com/search?q=Lenovo+Tablets+&+E-Reader+12+Pro+12.9+Tablet
538,Amazon,35750.0,4.3,1181,True,https://www.amazon.com/search?q=Lenovo+Tablets+&+E-Reader+50+Pro+12.9+Tablet
538,Flipkart,35210.0,4.0,3956,True,https://www.flipkart.com/search?q=Lenovo+Tablets+&+E-Reader+50+Pro+12.9+Tablet
538,Croma,36810.0,4.8,8663,True,https://www.croma.com/search?q=Lenovo+Tablets+&+E-Reader+50+Pro+12.9+Tablet
539,Amazon,97020.0,4.6,5496,True,https://www.amazon.com/search?q=Xiaomi+Tablets+&+E-Reader+100+Paperwhite+E-Reader
539,Flipkart,93580.0,4.4,8836,True,https://www.flipkart.com/search?q=Xiaomi+Tablets+&+E-Reader+100+Paperwhite+E-Reader
539,Croma,96200.0,4.8,7445,True,https://www.croma.com/search?q=Xiaomi+Tablets+&+E-Reader+100+Paperwhite+E-Reader
540,Amazon,101480.0,4.3,4409,True,https://www.amazon.com/search?q=Samsung+Tablets+&+E-Reader+200+11-inch+Wi-Fi+Tablet
540,Flipkart,100040.0,4.2,6243,True,https://www.flipkart.com/search?q=Samsung+Tablets+&+E-Reader+200+11-inch+Wi-Fi+Tablet
540,Croma,105380.0,4.9,925,True,https://www.croma.com/search?q=Samsung+Tablets+&+E-Reader+200+11-inch+Wi-Fi+Tablet
541,Amazon,119460.0,4.6,2784,True,https://www.amazon.com/search?q=Samsung+Tablets+&+E-Reader+500+11-inch+Wi-Fi+Tablet
541,Flipkart,117930.0,4.6,4823,True,https://www.flipkart.com/search?q=Samsung+Tablets+&+E-Reader+500+11-inch+Wi-Fi+Tablet
541,Croma,126980.0,4.2,3023,True,https://www.croma.com/search?q=Samsung+Tablets+&+E-Reader+500+11-inch+Wi-Fi+Tablet
542,Amazon,62300.0,4.1,4047,True,https://www.amazon.com/search?q=Samsung+Tablets+&+E-Reader+12+11-inch+Wi-Fi+Tablet
542,Flipkart,60450.0,4.1,5337,True,https://www.flipkart.com/search?q=Samsung+Tablets+&+E-Reader+12+11-inch+Wi-Fi+Tablet
542,Croma,62270.0,4.5,7373,True,https://www.croma.com/search?q=Samsung+Tablets+&+E-Reader+12+11-inch+Wi-Fi+Tablet
543,Amazon,103850.0,4.0,5342,True,https://www.amazon.com/search?q=Amazon+Kindle+Tablets+&+E-Reader+500+11-inch+Wi-Fi+Tablet
543,Flipkart,101130.0,4.9,2573,True,https://www.flipkart.com/search?q=Amazon+Kindle+Tablets+&+E-Reader+500+11-inch+Wi-Fi+Tablet
543,Croma,106980.0,4.3,8995,True,https://www.croma.com/search?q=Amazon+Kindle+Tablets+&+E-Reader+500+11-inch+Wi-Fi+Tablet
544,Amazon,61940.0,4.0,8332,True,https://www.amazon.com/search?q=Apple+Tablets+&+E-Reader+14+Pro+12.9+Tablet
544,Flipkart,59000.0,4.7,7654,True,https://www.flipkart.com/search?q=Apple+Tablets+&+E-Reader+14+Pro+12.9+Tablet
544,Croma,59330.0,4.8,2706,True,https://www.croma.com/search?q=Apple+Tablets+&+E-Reader+14+Pro+12.9+Tablet
545,Amazon,100400.0,4.3,4992,True,https://www.amazon.com/search?q=Amazon+Kindle+Tablets+&+E-Reader+15+Pro+12.9+Tablet
545,Flipkart,103020.0,4.4,4898,True,https://www.flipkart.com/search?q=Amazon+Kindle+Tablets+&+E-Reader+15+Pro+12.9+Tablet
545,Croma,107850.0,4.9,2559,True,https://www.croma.com/search?q=Amazon+Kindle+Tablets+&+E-Reader+15+Pro+12.9+Tablet
546,Amazon,17230.0,4.3,1990,True,https://www.amazon.com/search?q=Lenovo+Tablets+&+E-Reader+500+Paperwhite+E-Reader
546,Flipkart,16800.0,4.7,806,True,https://www.flipkart.com/search?q=Lenovo+Tablets+&+E-Reader+500+Paperwhite+E-Reader
546,Croma,17540.0,4.1,9176,True,https://www.croma.com/search?q=Lenovo+Tablets+&+E-Reader+500+Paperwhite+E-Reader
547,Amazon,99000.0,4.2,6005,True,https://www.amazon.com/search?q=Xiaomi+Tablets+&+E-Reader+100+11-inch+Wi-Fi+Tablet
547,Flipkart,96280.0,4.1,1051,True,https://www.flipkart.com/search?q=Xiaomi+Tablets+&+E-Reader+100+11-inch+Wi-Fi+Tablet
547,Croma,103280.0,4.5,3347,True,https://www.croma.com/search?q=Xiaomi+Tablets+&+E-Reader+100+11-inch+Wi-Fi+Tablet
548,Amazon,14130.0,4.3,519,True,https://www.amazon.com/search?q=Samsung+Tablets+&+E-Reader+14+Paperwhite+E-Reader
548,Flipkart,13520.0,4.1,7448,True,https://www.flipkart.com/search?q=Samsung+Tablets+&+E-Reader+14+Paperwhite+E-Reader
548,Croma,14590.0,4.6,1581,True,https://www.croma.com/search?q=Samsung+Tablets+&+E-Reader+14+Paperwhite+E-Reader
549,Amazon,121630.0,4.5,8531,True,https://www.amazon.com/search?q=Amazon+Kindle+Tablets+&+E-Reader+1000+11-inch+Wi-Fi+Tablet
549,Flipkart,114810.0,4.8,6065,True,https://www.flipkart.com/search?q=Amazon+Kindle+Tablets+&+E-Reader+1000+11-inch+Wi-Fi+Tablet
549,Croma,119260.0,4.4,7156,True,https://www.croma.com/search?q=Amazon+Kindle+Tablets+&+E-Reader+1000+11-inch+Wi-Fi+Tablet
550,Amazon,79520.0,4.3,7450,True,https://www.amazon.com/search?q=Apple+Tablets+&+E-Reader+20+11-inch+Wi-Fi+Tablet
550,Flipkart,77850.0,4.8,1585,True,https://www.flipkart.com/search?q=Apple+Tablets+&+E-Reader+20+11-inch+Wi-Fi+Tablet
550,Croma,79930.0,4.2,7428,True,https://www.croma.com/search?q=Apple+Tablets+&+E-Reader+20+11-inch+Wi-Fi+Tablet
551,Amazon,76390.0,4.1,7094,True,https://www.amazon.com/search?q=Dell+Monitors+&+Display+50+4K+IPS+Color+Accurate+Monitor
551,Flipkart,73250.0,4.7,6936,True,https://www.flipkart.com/search?q=Dell+Monitors+&+Display+50+4K+IPS+Color+Accurate+Monitor
551,Croma,75760.0,4.1,1560,True,https://www.croma.com/search?q=Dell+Monitors+&+Display+50+4K+IPS+Color+Accurate+Monitor
552,Amazon,40670.0,4.5,5645,True,https://www.amazon.com/search?q=Samsung+Monitors+&+Display+50+34-inch+Curved+Ultrawide+Monitor
552,Flipkart,40220.0,4.1,6306,True,https://www.flipkart.com/search?q=Samsung+Monitors+&+Display+50+34-inch+Curved+Ultrawide+Monitor
552,Croma,43330.0,4.1,6858,True,https://www.croma.com/search?q=Samsung+Monitors+&+Display+50+34-inch+Curved+Ultrawide+Monitor
553,Amazon,65260.0,4.4,9454,True,https://www.amazon.com/search?q=LG+Monitors+&+Display+14+4K+IPS+Color+Accurate+Monitor
553,Flipkart,62410.0,4.7,2393,True,https://www.flipkart.com/search?q=LG+Monitors+&+Display+14+4K+IPS+Color+Accurate+Monitor
553,Croma,64050.0,4.2,6404,True,https://www.croma.com/search?q=LG+Monitors+&+Display+14+4K+IPS+Color+Accurate+Monitor
554,Amazon,48930.0,4.3,5129,True,https://www.amazon.com/search?q=ViewSonic+Monitors+&+Display+10+27-inch+144Hz+Gaming+Monitor
554,Flipkart,48520.0,4.4,7743,True,https://www.flipkart.com/search?q=ViewSonic+Monitors+&+Display+10+27-inch+144Hz+Gaming+Monitor
554,Croma,51120.0,4.2,190,True,https://www.croma.com/search?q=ViewSonic+Monitors+&+Display+10+27-inch+144Hz+Gaming+Monitor
555,Amazon,28810.0,4.6,2184,True,https://www.amazon.com/search?q=Acer+Monitors+&+Display+15+34-inch+Curved+Ultrawide+Monitor
555,Flipkart,28460.0,4.6,4863,True,https://www.flipkart.com/search?q=Acer+Monitors+&+Display+15+34-inch+Curved+Ultrawide+Monitor
555,Croma,30020.0,4.4,8209,True,https://www.croma.com/search?q=Acer+Monitors+&+Display+15+34-inch+Curved+Ultrawide+Monitor
556,Amazon,18900.0,4.7,8228,True,https://www.amazon.com/search?q=BenQ+Monitors+&+Display+24+34-inch+Curved+Ultrawide+Monitor
556,Flipkart,18210.0,4.9,1243,True,https://www.flipkart.com/search?q=BenQ+Monitors+&+Display+24+34-inch+Curved+Ultrawide+Monitor
556,Croma,18080.0,4.5,6077,True,https://www.croma.com/search?q=BenQ+Monitors+&+Display+24+34-inch+Curved+Ultrawide+Monitor
557,Amazon,25210.0,4.6,7949,True,https://www.amazon.com/search?q=ViewSonic+Monitors+&+Display+14+27-inch+144Hz+Gaming+Monitor
557,Flipkart,24660.0,4.9,2109,True,https://www.flipkart.com/search?q=ViewSonic+Monitors+&+Display+14+27-inch+144Hz+Gaming+Monitor
557,Croma,25930.0,4.3,437,True,https://www.croma.com/search?q=ViewSonic+Monitors+&+Display+14+27-inch+144Hz+Gaming+Monitor
558,Amazon,40960.0,4.3,2369,True,https://www.amazon.com/search?q=Dell+Monitors+&+Display+10+27-inch+144Hz+Gaming+Monitor
558,Flipkart,38390.0,4.3,1016,True,https://www.flipkart.com/search?q=Dell+Monitors+&+Display+10+27-inch+144Hz+Gaming+Monitor
558,Croma,39390.0,4.2,7023,True,https://www.croma.com/search?q=Dell+Monitors+&+Display+10+27-inch+144Hz+Gaming+Monitor
559,Amazon,49060.0,4.3,1408,True,https://www.amazon.com/search?q=Samsung+Monitors+&+Display+20+4K+IPS+Color+Accurate+Monitor
559,Flipkart,49010.0,4.5,3152,True,https://www.flipkart.com/search?q=Samsung+Monitors+&+Display+20+4K+IPS+Color+Accurate+Monitor
559,Croma,47770.0,4.7,2888,True,https://www.croma.com/search?q=Samsung+Monitors+&+Display+20+4K+IPS+Color+Accurate+Monitor
560,Amazon,9050.0,4.6,5082,True,https://www.amazon.com/search?q=Acer+Monitors+&+Display+200+34-inch+Curved+Ultrawide+Monitor
560,Flipkart,9050.0,4.2,6089,True,https://www.flipkart.com/search?q=Acer+Monitors+&+Display+200+34-inch+Curved+Ultrawide+Monitor
560,Croma,9310.0,4.1,5911,True,https://www.croma.com/search?q=Acer+Monitors+&+Display+200+34-inch+Curved+Ultrawide+Monitor
561,Amazon,37810.0,4.3,8094,True,https://www.amazon.com/search?q=ViewSonic+Monitors+&+Display+1000+4K+IPS+Color+Accurate+Monitor
561,Flipkart,35130.0,4.4,2821,True,https://www.flipkart.com/search?q=ViewSonic+Monitors+&+Display+1000+4K+IPS+Color+Accurate+Monitor
561,Croma,37480.0,4.1,2682,True,https://www.croma.com/search?q=ViewSonic+Monitors+&+Display+1000+4K+IPS+Color+Accurate+Monitor
562,Amazon,45800.0,4.5,8762,True,https://www.amazon.com/search?q=ViewSonic+Monitors+&+Display+50+27-inch+144Hz+Gaming+Monitor
562,Flipkart,45780.0,4.8,9179,True,https://www.flipkart.com/search?q=ViewSonic+Monitors+&+Display+50+27-inch+144Hz+Gaming+Monitor
562,Croma,47130.0,4.6,2017,True,https://www.croma.com/search?q=ViewSonic+Monitors+&+Display+50+27-inch+144Hz+Gaming+Monitor
563,Amazon,46120.0,4.1,434,True,https://www.amazon.com/search?q=BenQ+Monitors+&+Display+100+34-inch+Curved+Ultrawide+Monitor
563,Flipkart,46600.0,4.4,5254,True,https://www.flipkart.com/search?q=BenQ+Monitors+&+Display+100+34-inch+Curved+Ultrawide+Monitor
563,Croma,45730.0,4.6,2427,True,https://www.croma.com/search?q=BenQ+Monitors+&+Display+100+34-inch+Curved+Ultrawide+Monitor
564,Amazon,85860.0,4.7,5754,True,https://www.amazon.com/search?q=ViewSonic+Monitors+&+Display+24+4K+IPS+Color+Accurate+Monitor
564,Flipkart,84470.0,4.2,5141,True,https://www.flipkart.com/search?q=ViewSonic+Monitors+&+Display+24+4K+IPS+Color+Accurate+Monitor
564,Croma,85580.0,4.0,2093,True,https://www.croma.com/search?q=ViewSonic+Monitors+&+Display+24+4K+IPS+Color+Accurate+Monitor
565,Amazon,26230.0,4.2,2203,True,https://www.amazon.com/search?q=Samsung+Monitors+&+Display+50+27-inch+144Hz+Gaming+Monitor
565,Flipkart,26730.0,4.2,1437,True,https://www.flipkart.com/search?q=Samsung+Monitors+&+Display+50+27-inch+144Hz+Gaming+Monitor
565,Croma,26370.0,4.4,1980,True,https://www.croma.com/search?q=Samsung+Monitors+&+Display+50+27-inch+144Hz+Gaming+Monitor
566,Amazon,57790.0,4.0,1916,True,https://www.amazon.com/search?q=ViewSonic+Monitors+&+Display+24+34-inch+Curved+Ultrawide+Monitor
566,Flipkart,59160.0,4.0,8562,True,https://www.flipkart.com/search?q=ViewSonic+Monitors+&+Display+24+34-inch+Curved+Ultrawide+Monitor
566,Croma,60970.0,4.5,7835,True,https://www.croma.com/search?q=ViewSonic+Monitors+&+Display+24+34-inch+Curved+Ultrawide+Monitor
567,Amazon,37460.0,4.6,1731,True,https://www.amazon.com/search?q=Acer+Monitors+&+Display+15+34-inch+Curved+Ultrawide+Monitor
567,Flipkart,36970.0,4.7,3515,True,https://www.flipkart.com/search?q=Acer+Monitors+&+Display+15+34-inch+Curved+Ultrawide+Monitor
567,Croma,37730.0,4.5,3427,True,https://www.croma.com/search?q=Acer+Monitors+&+Display+15+34-inch+Curved+Ultrawide+Monitor
568,Amazon,51580.0,4.8,4694,True,https://www.amazon.com/search?q=Acer+Monitors+&+Display+100+4K+IPS+Color+Accurate+Monitor
568,Flipkart,51030.0,4.9,5848,True,https://www.flipkart.com/search?q=Acer+Monitors+&+Display+100+4K+IPS+Color+Accurate+Monitor
568,Croma,51820.0,4.3,8352,True,https://www.croma.com/search?q=Acer+Monitors+&+Display+100+4K+IPS+Color+Accurate+Monitor
569,Amazon,77150.0,4.1,379,True,https://www.amazon.com/search?q=Acer+Monitors+&+Display+10+27-inch+144Hz+Gaming+Monitor
569,Flipkart,74750.0,4.5,3288,True,https://www.flipkart.com/search?q=Acer+Monitors+&+Display+10+27-inch+144Hz+Gaming+Monitor
569,Croma,76630.0,4.9,2964,True,https://www.croma.com/search?q=Acer+Monitors+&+Display+10+27-inch+144Hz+Gaming+Monitor
570,Amazon,28830.0,4.1,3656,True,https://www.amazon.com/search?q=Acer+Monitors+&+Display+14+34-inch+Curved+Ultrawide+Monitor
570,Flipkart,27590.0,4.8,7927,True,https://www.flipkart.com/search?q=Acer+Monitors+&+Display+14+34-inch+Curved+Ultrawide+Monitor
570,Croma,29260.0,4.3,3183,True,https://www.croma.com/search?q=Acer+Monitors+&+Display+14+34-inch+Curved+Ultrawide+Monitor
571,Amazon,33030.0,4.3,6369,True,https://www.amazon.com/search?q=Acer+Monitors+&+Display+12+4K+IPS+Color+Accurate+Monitor
571,Flipkart,33420.0,4.4,8575,True,https://www.flipkart.com/search?q=Acer+Monitors+&+Display+12+4K+IPS+Color+Accurate+Monitor
571,Croma,32840.0,4.2,1998,True,https://www.croma.com/search?q=Acer+Monitors+&+Display+12+4K+IPS+Color+Accurate+Monitor
572,Amazon,14770.0,4.5,8273,True,https://www.amazon.com/search?q=LG+Monitors+&+Display+50+34-inch+Curved+Ultrawide+Monitor
572,Flipkart,14060.0,4.7,4873,True,https://www.flipkart.com/search?q=LG+Monitors+&+Display+50+34-inch+Curved+Ultrawide+Monitor
572,Croma,14660.0,4.5,815,True,https://www.croma.com/search?q=LG+Monitors+&+Display+50+34-inch+Curved+Ultrawide+Monitor
573,Amazon,62800.0,4.4,5261,True,https://www.amazon.com/search?q=Samsung+Monitors+&+Display+30+34-inch+Curved+Ultrawide+Monitor
573,Flipkart,63120.0,4.6,7423,True,https://www.flipkart.com/search?q=Samsung+Monitors+&+Display+30+34-inch+Curved+Ultrawide+Monitor
573,Croma,64710.0,4.2,6822,True,https://www.croma.com/search?q=Samsung+Monitors+&+Display+30+34-inch+Curved+Ultrawide+Monitor
574,Amazon,45370.0,4.1,7943,True,https://www.amazon.com/search?q=Acer+Monitors+&+Display+500+4K+IPS+Color+Accurate+Monitor
574,Flipkart,46040.0,4.8,6170,True,https://www.flipkart.com/search?q=Acer+Monitors+&+Display+500+4K+IPS+Color+Accurate+Monitor
574,Croma,45560.0,4.2,8205,True,https://www.croma.com/search?q=Acer+Monitors+&+Display+500+4K+IPS+Color+Accurate+Monitor
575,Amazon,35150.0,4.6,2103,True,https://www.amazon.com/search?q=BenQ+Monitors+&+Display+10+4K+IPS+Color+Accurate+Monitor
575,Flipkart,33810.0,4.1,6713,True,https://www.flipkart.com/search?q=BenQ+Monitors+&+Display+10+4K+IPS+Color+Accurate+Monitor
575,Croma,35190.0,4.6,1816,True,https://www.croma.com/search?q=BenQ+Monitors+&+Display+10+4K+IPS+Color+Accurate+Monitor
576,Amazon,15820.0,4.3,3411,True,https://www.amazon.com/search?q=LG+Monitors+&+Display+24+4K+IPS+Color+Accurate+Monitor
576,Flipkart,15640.0,4.3,6773,True,https://www.flipkart.com/search?q=LG+Monitors+&+Display+24+4K+IPS+Color+Accurate+Monitor
576,Croma,15420.0,4.1,7108,True,https://www.croma.com/search?q=LG+Monitors+&+Display+24+4K+IPS+Color+Accurate+Monitor
577,Amazon,43940.0,4.5,4622,True,https://www.amazon.com/search?q=LG+Monitors+&+Display+10+4K+IPS+Color+Accurate+Monitor
577,Flipkart,41800.0,4.7,6707,True,https://www.flipkart.com/search?q=LG+Monitors+&+Display+10+4K+IPS+Color+Accurate+Monitor
577,Croma,44360.0,4.3,6776,True,https://www.croma.com/search?q=LG+Monitors+&+Display+10+4K+IPS+Color+Accurate+Monitor
578,Amazon,61790.0,4.4,2151,True,https://www.amazon.com/search?q=Samsung+Monitors+&+Display+500+27-inch+144Hz+Gaming+Monitor
578,Flipkart,58730.0,4.2,8297,True,https://www.flipkart.com/search?q=Samsung+Monitors+&+Display+500+27-inch+144Hz+Gaming+Monitor
578,Croma,59240.0,4.2,2355,True,https://www.croma.com/search?q=Samsung+Monitors+&+Display+500+27-inch+144Hz+Gaming+Monitor
579,Amazon,52730.0,4.4,588,True,https://www.amazon.com/search?q=BenQ+Monitors+&+Display+30+4K+IPS+Color+Accurate+Monitor
579,Flipkart,54010.0,4.9,6419,True,https://www.flipkart.com/search?q=BenQ+Monitors+&+Display+30+4K+IPS+Color+Accurate+Monitor
579,Croma,56050.0,4.5,5506,True,https://www.croma.com/search?q=BenQ+Monitors+&+Display+30+4K+IPS+Color+Accurate+Monitor
580,Amazon,23600.0,4.1,8668,True,https://www.amazon.com/search?q=ViewSonic+Monitors+&+Display+100+34-inch+Curved+Ultrawide+Monitor
580,Flipkart,23810.0,4.7,7785,True,https://www.flipkart.com/search?q=ViewSonic+Monitors+&+Display+100+34-inch+Curved+Ultrawide+Monitor
580,Croma,23770.0,4.2,8307,True,https://www.croma.com/search?q=ViewSonic+Monitors+&+Display+100+34-inch+Curved+Ultrawide+Monitor
581,Amazon,56490.0,4.8,9105,True,https://www.amazon.com/search?q=LG+Monitors+&+Display+100+27-inch+144Hz+Gaming+Monitor
581,Flipkart,54480.0,4.0,667,True,https://www.flipkart.com/search?q=LG+Monitors+&+Display+100+27-inch+144Hz+Gaming+Monitor
581,Croma,56560.0,4.9,2101,True,https://www.croma.com/search?q=LG+Monitors+&+Display+100+27-inch+144Hz+Gaming+Monitor
582,Amazon,10370.0,4.4,688,True,https://www.amazon.com/search?q=ViewSonic+Monitors+&+Display+10+27-inch+144Hz+Gaming+Monitor
582,Flipkart,10110.0,4.2,5115,True,https://www.flipkart.com/search?q=ViewSonic+Monitors+&+Display+10+27-inch+144Hz+Gaming+Monitor
582,Croma,10480.0,4.8,2839,True,https://www.croma.com/search?q=ViewSonic+Monitors+&+Display+10+27-inch+144Hz+Gaming+Monitor
583,Amazon,75390.0,4.4,1942,True,https://www.amazon.com/search?q=BenQ+Monitors+&+Display+1000+34-inch+Curved+Ultrawide+Monitor
583,Flipkart,72100.0,4.5,8187,True,https://www.flipkart.com/search?q=BenQ+Monitors+&+Display+1000+34-inch+Curved+Ultrawide+Monitor
583,Croma,77250.0,4.6,8987,True,https://www.croma.com/search?q=BenQ+Monitors+&+Display+1000+34-inch+Curved+Ultrawide+Monitor
584,Amazon,38560.0,4.5,6562,True,https://www.amazon.com/search?q=Acer+Monitors+&+Display+15+4K+IPS+Color+Accurate+Monitor
584,Flipkart,37510.0,4.2,6339,True,https://www.flipkart.com/search?q=Acer+Monitors+&+Display+15+4K+IPS+Color+Accurate+Monitor
584,Croma,39640.0,4.6,5929,True,https://www.croma.com/search?q=Acer+Monitors+&+Display+15+4K+IPS+Color+Accurate+Monitor
585,Amazon,31590.0,4.5,2250,True,https://www.amazon.com/search?q=Dell+Monitors+&+Display+20+27-inch+144Hz+Gaming+Monitor
585,Flipkart,29990.0,4.8,5865,True,https://www.flipkart.com/search?q=Dell+Monitors+&+Display+20+27-inch+144Hz+Gaming+Monitor
585,Croma,30530.0,4.7,590,True,https://www.croma.com/search?q=Dell+Monitors+&+Display+20+27-inch+144Hz+Gaming+Monitor
586,Amazon,85580.0,4.4,6005,True,https://www.amazon.com/search?q=LG+Monitors+&+Display+30+34-inch+Curved+Ultrawide+Monitor
586,Flipkart,83060.0,4.4,1074,True,https://www.flipkart.com/search?q=LG+Monitors+&+Display+30+34-inch+Curved+Ultrawide+Monitor
586,Croma,84420.0,4.6,4206,True,https://www.croma.com/search?q=LG+Monitors+&+Display+30+34-inch+Curved+Ultrawide+Monitor
587,Amazon,19800.0,4.6,5145,True,https://www.amazon.com/search?q=Samsung+Monitors+&+Display+12+27-inch+144Hz+Gaming+Monitor
587,Flipkart,19480.0,4.1,2931,True,https://www.flipkart.com/search?q=Samsung+Monitors+&+Display+12+27-inch+144Hz+Gaming+Monitor
587,Croma,19820.0,4.0,5493,True,https://www.croma.com/search?q=Samsung+Monitors+&+Display+12+27-inch+144Hz+Gaming+Monitor
588,Amazon,13280.0,4.5,7050,True,https://www.amazon.com/search?q=BenQ+Monitors+&+Display+500+34-inch+Curved+Ultrawide+Monitor
588,Flipkart,13530.0,4.2,7845,True,https://www.flipkart.com/search?q=BenQ+Monitors+&+Display+500+34-inch+Curved+Ultrawide+Monitor
588,Croma,13760.0,4.5,5335,True,https://www.croma.com/search?q=BenQ+Monitors+&+Display+500+34-inch+Curved+Ultrawide+Monitor
589,Amazon,61740.0,4.7,1789,True,https://www.amazon.com/search?q=ViewSonic+Monitors+&+Display+30+27-inch+144Hz+Gaming+Monitor
589,Flipkart,60480.0,4.6,3523,True,https://www.flipkart.com/search?q=ViewSonic+Monitors+&+Display+30+27-inch+144Hz+Gaming+Monitor
589,Croma,63170.0,4.3,8387,True,https://www.croma.com/search?q=ViewSonic+Monitors+&+Display+30+27-inch+144Hz+Gaming+Monitor
590,Amazon,25570.0,4.3,7293,True,https://www.amazon.com/search?q=Acer+Monitors+&+Display+10+27-inch+144Hz+Gaming+Monitor
590,Flipkart,24820.0,4.2,1384,True,https://www.flipkart.com/search?q=Acer+Monitors+&+Display+10+27-inch+144Hz+Gaming+Monitor
590,Croma,24820.0,4.8,8929,True,https://www.croma.com/search?q=Acer+Monitors+&+Display+10+27-inch+144Hz+Gaming+Monitor
591,Amazon,46460.0,4.5,3850,True,https://www.amazon.com/search?q=Samsung+Monitors+&+Display+200+34-inch+Curved+Ultrawide+Monitor
591,Flipkart,45610.0,4.6,1656,True,https://www.flipkart.com/search?q=Samsung+Monitors+&+Display+200+34-inch+Curved+Ultrawide+Monitor
591,Croma,47200.0,4.6,1702,True,https://www.croma.com/search?q=Samsung+Monitors+&+Display+200+34-inch+Curved+Ultrawide+Monitor
592,Amazon,72910.0,4.5,7147,True,https://www.amazon.com/search?q=Samsung+Monitors+&+Display+14+4K+IPS+Color+Accurate+Monitor
592,Flipkart,69920.0,4.2,1406,True,https://www.flipkart.com/search?q=Samsung+Monitors+&+Display+14+4K+IPS+Color+Accurate+Monitor
592,Croma,73550.0,4.6,5095,True,https://www.croma.com/search?q=Samsung+Monitors+&+Display+14+4K+IPS+Color+Accurate+Monitor
593,Amazon,15200.0,4.3,6938,True,https://www.amazon.com/search?q=BenQ+Monitors+&+Display+20+4K+IPS+Color+Accurate+Monitor
593,Flipkart,14690.0,4.4,8593,True,https://www.flipkart.com/search?q=BenQ+Monitors+&+Display+20+4K+IPS+Color+Accurate+Monitor
593,Croma,15520.0,4.4,9121,True,https://www.croma.com/search?q=BenQ+Monitors+&+Display+20+4K+IPS+Color+Accurate+Monitor
594,Amazon,75300.0,4.8,8328,True,https://www.amazon.com/search?q=ViewSonic+Monitors+&+Display+30+34-inch+Curved+Ultrawide+Monitor
594,Flipkart,72900.0,4.2,7806,True,https://www.flipkart.com/search?q=ViewSonic+Monitors+&+Display+30+34-inch+Curved+Ultrawide+Monitor
594,Croma,78650.0,4.2,8878,True,https://www.croma.com/search?q=ViewSonic+Monitors+&+Display+30+34-inch+Curved+Ultrawide+Monitor
595,Amazon,56180.0,4.8,1131,True,https://www.amazon.com/search?q=LG+Monitors+&+Display+500+4K+IPS+Color+Accurate+Monitor
595,Flipkart,55170.0,4.5,6118,True,https://www.flipkart.com/search?q=LG+Monitors+&+Display+500+4K+IPS+Color+Accurate+Monitor
595,Croma,57100.0,4.4,4088,True,https://www.croma.com/search?q=LG+Monitors+&+Display+500+4K+IPS+Color+Accurate+Monitor
596,Amazon,25640.0,4.4,5370,True,https://www.amazon.com/search?q=ViewSonic+Monitors+&+Display+30+4K+IPS+Color+Accurate+Monitor
596,Flipkart,25970.0,4.8,1205,True,https://www.flipkart.com/search?q=ViewSonic+Monitors+&+Display+30+4K+IPS+Color+Accurate+Monitor
596,Croma,26170.0,4.6,6907,True,https://www.croma.com/search?q=ViewSonic+Monitors+&+Display+30+4K+IPS+Color+Accurate+Monitor
597,Amazon,65610.0,4.6,4018,True,https://www.amazon.com/search?q=BenQ+Monitors+&+Display+100+27-inch+144Hz+Gaming+Monitor
597,Flipkart,64300.0,4.4,2010,True,https://www.flipkart.com/search?q=BenQ+Monitors+&+Display+100+27-inch+144Hz+Gaming+Monitor
597,Croma,65870.0,4.1,603,True,https://www.croma.com/search?q=BenQ+Monitors+&+Display+100+27-inch+144Hz+Gaming+Monitor
598,Amazon,25140.0,4.5,7295,True,https://www.amazon.com/search?q=Samsung+Monitors+&+Display+1000+4K+IPS+Color+Accurate+Monitor
598,Flipkart,25550.0,4.4,756,True,https://www.flipkart.com/search?q=Samsung+Monitors+&+Display+1000+4K+IPS+Color+Accurate+Monitor
598,Croma,25770.0,4.2,4618,True,https://www.croma.com/search?q=Samsung+Monitors+&+Display+1000+4K+IPS+Color+Accurate+Monitor
599,Amazon,58100.0,4.6,3033,True,https://www.amazon.com/search?q=LG+Monitors+&+Display+30+34-inch+Curved+Ultrawide+Monitor
599,Flipkart,57310.0,4.6,841,True,https://www.flipkart.com/search?q=LG+Monitors+&+Display+30+34-inch+Curved+Ultrawide+Monitor
599,Croma,61240.0,4.9,8110,True,https://www.croma.com/search?q=LG+Monitors+&+Display+30+34-inch+Curved+Ultrawide+Monitor
600,Amazon,33460.0,4.3,5032,True,https://www.amazon.com/search?q=BenQ+Monitors+&+Display+20+27-inch+144Hz+Gaming+Monitor
600,Flipkart,31250.0,4.8,6818,True,https://www.flipkart.com/search?q=BenQ+Monitors+&+Display+20+27-inch+144Hz+Gaming+Monitor
600,Croma,34040.0,4.8,1629,True,https://www.croma.com/search?q=BenQ+Monitors+&+Display+20+27-inch+144Hz+Gaming+Monitor
