product_id,date,price
101,2026-08-24,87880.0
101,2026-08-25,87120.0
101,2026-08-26,87290.0
101,2026-08-27,87520.0
101,2026-08-28,86020.0
101,2026-08-29,85680.0
101,2026-08-30,86530.0
101,2026-08-31,85650.0
101,2026-09-01,84490.0
101,2026-09-02,84810.0
101,2026-09-03,83810.0
101,2026-09-04,83460.0
101,2026-09-05,83580.0
101,2026-09-06,81820.0
101,2026-09-07,81600.0
101,2026-09-08,82020.0
101,2026-09-09,81380.0
101,2026-09-10,81910.0
101,2026-09-11,80760.0
101,2026-09-12,80080.0
101,2026-09-13,81630.0
101,2026-09-14,80180.0
101,2026-09-15,80020.0
101,2026-09-16,78700.0
101,2026-09-17,78930.0
101,2026-09-18,79020.0
101,2026-09-19,77850.0
101,2026-09-20,78500.0
101,2026-09-21,77520.0
101,2026-09-22,77380.0
102,2026-08-24,39260.0
102,2026-08-25,39830.0
102,2026-08-26,39130.0
102,2026-08-27,38670.0
102,2026-08-28,39080.0
102,2026-08-29,38330.0
102,2026-08-30,38600.0
102,2026-08-31,37810.0
102,2026-09-01,37840.0
102,2026-09-02,38140.0
102,2026-09-03,38150.0
102,2026-09-04,37840.0
102,2026-09-05,37600.0
102,2026-09-06,37400.0
102,2026-09-07,36900.0
102,2026-09-08,36970.0
102,2026-09-09,36900.0
102,2026-09-10,37190.0
102,2026-09-11,36830.0
102,2026-09-12,36060.0
102,2026-09-13,36530.0
102,2026-09-14,36170.0
102,2026-09-15,35930.0
102,2026-09-16,36160.0
102,2026-09-17,36140.0
102,2026-09-18,35960.0
102,2026-09-19,35280.0
102,2026-09-20,35290.0
102,2026-09-21,35330.0
102,2026-09-22,35370.0
103,2026-08-24,18970.0
103,2026-08-25,18930.0
103,2026-08-26,18710.0
103,2026-08-27,18610.0
103,2026-08-28,18800.0
103,2026-08-29,18790.0
103,2026-08-30,18500.0
103,2026-08-31,18570.0
103,2026-09-01,18390.0
103,2026-09-02,18160.0
103,2026-09-03,18210.0
103,2026-09-04,18290.0
103,2026-09-05,17980.0
103,2026-09-06,18120.0
103,2026-09-07,17440.0
103,2026-09-08,17840.0
103,2026-09-09,17650.0
103,2026-09-10,17500.0
103,2026-09-11,17470.0
103,2026-09-12,17090.0
103,2026-09-13,17250.0
103,2026-09-14,17250.0
103,2026-09-15,17320.0
103,2026-09-16,16950.0
103,2026-09-17,16820.0
103,2026-09-18,16770.0
103,2026-09-19,16890.0
103,2026-09-20,16710.0
103,2026-09-21,16500.0
103,2026-09-22,16560.0
104,2026-08-24,17760.0
104,2026-08-25,17810.0
104,2026-08-26,17530.0
104,2026-08-27,17520.0
104,2026-08-28,17450.0
104,2026-08-29,17240.0
104,2026-08-30,17420.0
104,2026-08-31,17360.0
104,2026-09-01,17260.0
104,2026-09-02,17170.0
104,2026-09-03,16950.0
104,2026-09-04,17020.0
104,2026-09-05,16970.0
104,2026-09-06,16850.0
104,2026-09-07,16880.0
104,2026-09-08,16890.0
104,2026-09-09,17030.0
104,2026-09-10,16740.0
104,2026-09-11,16690.0
104,2026-09-12,16590.0
104,2026-09-13,16280.0
104,2026-09-14,16470.0
104,2026-09-15,16430.0
104,2026-09-16,16690.0
104,2026-09-17,16270.0
104,2026-09-18,16280.0
104,2026-09-19,16170.0
104,2026-09-20,15960.0
104,2026-09-21,16210.0
104,2026-09-22,16100.0
105,2026-08-24,135970.0
105,2026-08-25,133660.0
105,2026-08-26,135450.0
105,2026-08-27,132010.0
105,2026-08-28,133470.0
105,2026-08-29,134540.0
105,2026-08-30,130710.0
105,2026-08-31,130580.0
105,2026-09-01,130680.0
105,2026-09-02,129500.0
105,2026-09-03,127850.0
105,2026-09-04,128940.0
105,2026-09-05,127210.0
105,2026-09-06,128210.0
105,2026-09-07,126210.0
105,2026-09-08,128160.0
105,2026-09-09,125200.0
105,2026-09-10,125100.0
105,2026-09-11,125690.0
105,2026-09-12,123030.0
105,2026-09-13,123950.0
105,2026-09-14,124480.0
105,2026-09-15,120930.0
105,2026-09-16,122190.0
105,2026-09-17,121690.0
105,2026-09-18,121660.0
105,2026-09-19,119020.0
105,2026-09-20,118360.0
105,2026-09-21,119670.0
105,2026-09-22,118870.0
106,2026-08-24,129460.0
106,2026-08-25,129050.0
106,2026-08-26,127560.0
106,2026-08-27,127950.0
106,2026-08-28,127510.0
106,2026-08-29,126040.0
106,2026-08-30,128030.0
106,2026-08-31,126190.0
106,2026-09-01,124080.0
106,2026-09-02,125370.0
106,2026-09-03,123300.0
106,2026-09-04,124500.0
106,2026-09-05,124370.0
106,2026-09-06,121960.0
106,2026-09-07,123180.0
106,2026-09-08,122150.0
106,2026-09-09,122050.0
106,2026-09-10,122590.0
106,2026-09-11,120030.0
106,2026-09-12,119040.0
106,2026-09-13,118410.0
106,2026-09-14,117980.0
106,2026-09-15,118200.0
106,2026-09-16,118110.0
106,2026-09-17,117550.0
106,2026-09-18,117580.0
106,2026-09-19,116300.0
106,2026-09-20,117190.0
106,2026-09-21,115040.0
106,2026-09-22,117420.0
107,2026-08-24,103020.0
107,2026-08-25,101480.0
107,2026-08-26,100940.0
107,2026-08-27,101780.0
107,2026-08-28,100850.0
107,2026-08-29,101220.0
107,2026-08-30,100650.0
107,2026-08-31,99850.0
107,2026-09-01,98870.0
107,2026-09-02,97970.0
107,2026-09-03,98440.0
107,2026-09-04,99090.0
107,2026-09-05,98210.0
107,2026-09-06,96690.0
107,2026-09-07,97430.0
107,2026-09-08,97220.0
107,2026-09-09,95850.0
107,2026-09-10,96290.0
107,2026-09-11,95840.0
107,2026-09-12,94520.0
107,2026-09-13,95330.0
107,2026-09-14,95110.0
107,2026-09-15,95150.0
107,2026-09-16,94750.0
107,2026-09-17,92470.0
107,2026-09-18,92440.0
107,2026-09-19,93210.0
107,2026-09-20,92830.0
107,2026-09-21,92460.0
107,2026-09-22,94710.0
108,2026-08-24,109320.0
108,2026-08-25,109450.0
108,2026-08-26,108950.0
108,2026-08-27,108360.0
108,2026-08-28,107210.0
108,2026-08-29,107770.0
108,2026-08-30,106150.0
108,2026-08-31,106250.0
108,2026-09-01,105700.0
108,2026-09-02,105830.0
108,2026-09-03,107350.0
108,2026-09-04,103530.0
108,2026-09-05,105310.0
108,2026-09-06,103050.0
108,2026-09-07,103660.0
108,2026-09-08,104620.0
108,2026-09-09,103420.0
108,2026-09-10,102130.0
108,2026-09-11,102090.0
108,2026-09-12,102910.0
108,2026-09-13,101390.0
108,2026-09-14,101840.0
108,2026-09-15,101360.0
108,2026-09-16,100430.0
108,2026-09-17,102420.0
108,2026-09-18,100820.0
108,2026-09-19,98260.0
108,2026-09-20,99760.0
108,2026-09-21,98710.0
108,2026-09-22,99630.0
109,2026-08-24,134030.0
109,2026-08-25,134310.0
109,2026-08-26,134540.0
109,2026-08-27,134490.0
109,2026-08-28,131920.0
109,2026-08-29,132400.0
109,2026-08-30,131830.0
109,2026-08-31,131220.0
109,2026-09-01,133330.0
109,2026-09-02,131480.0
109,2026-09-03,129330.0
109,2026-09-04,131180.0
109,2026-09-05,132010.0
109,2026-09-06,130460.0
109,2026-09-07,127370.0
109,2026-09-08,128030.0
109,2026-09-09,129440.0
109,2026-09-10,126960.0
109,2026-09-11,127740.0
109,2026-09-12,127660.0
109,2026-09-13,125460.0
109,2026-09-14,125950.0
109,2026-09-15,122210.0
109,2026-09-16,124100.0
109,2026-09-17,124480.0
109,2026-09-18,123020.0
109,2026-09-19,125610.0
109,2026-09-20,121990.0
109,2026-09-21,122600.0
109,2026-09-22,122780.0
110,2026-08-24,93330.0
110,2026-08-25,90930.0
110,2026-08-26,92330.0
110,2026-08-27,91130.0
110,2026-08-28,90040.0
110,2026-08-29,90640.0
110,2026-08-30,90060.0
110,2026-08-31,89100.0
110,2026-09-01,89170.0
110,2026-09-02,88450.0
110,2026-09-03,88390.0
110,2026-09-04,88370.0
110,2026-09-05,88610.0
110,2026-09-06,86250.0
110,2026-09-07,88190.0
110,2026-09-08,84950.0
110,2026-09-09,85800.0
110,2026-09-10,85910.0
110,2026-09-11,85300.0
110,2026-09-12,84270.0
110,2026-09-13,84150.0
110,2026-09-14,83560.0
110,2026-09-15,83090.0
110,2026-09-16,83690.0
110,2026-09-17,82940.0
110,2026-09-18,81810.0
110,2026-09-19,82520.0
110,2026-09-20,81700.0
110,2026-09-21,81650.0
110,2026-09-22,81120.0
111,2026-08-24,29070.0
111,2026-08-25,29040.0
111,2026-08-26,29250.0
111,2026-08-27,29130.0
111,2026-08-28,28900.0
111,2026-08-29,28840.0
111,2026-08-30,29010.0
111,2026-08-31,28500.0
111,2026-09-01,28670.0
111,2026-09-02,28410.0
111,2026-09-03,28320.0
111,2026-09-04,28520.0
111,2026-09-05,28370.0
111,2026-09-06,28280.0
111,2026-09-07,28300.0
111,2026-09-08,27920.0
111,2026-09-09,27980.0
111,2026-09-10,27670.0
111,2026-09-11,27720.0
111,2026-09-12,27530.0
111,2026-09-13,27490.0
111,2026-09-14,27510.0
111,2026-09-15,27110.0
111,2026-09-16,27670.0
111,2026-09-17,26880.0
111,2026-09-18,26750.0
111,2026-09-19,27190.0
111,2026-09-20,27020.0
111,2026-09-21,26890.0
111,2026-09-22,26800.0
112,2026-08-24,32780.0
112,2026-08-25,32440.0
112,2026-08-26,32570.0
112,2026-08-27,32260.0
112,2026-08-28,32550.0
112,2026-08-29,32160.0
112,2026-08-30,31870.0
112,2026-08-31,31880.0
112,2026-09-01,31940.0
112,2026-09-02,31580.0
112,2026-09-03,31400.0
112,2026-09-04,31540.0
112,2026-09-05,31420.0
112,2026-09-06,31120.0
112,2026-09-07,31010.0
112,2026-09-08,31070.0
112,2026-09-09,30530.0
112,2026-09-10,30420.0
112,2026-09-11,30480.0
112,2026-09-12,30480.0
112,2026-09-13,30490.0
112,2026-09-14,30660.0
112,2026-09-15,30390.0
112,2026-09-16,30020.0
112,2026-09-17,29940.0
112,2026-09-18,29580.0
112,2026-09-19,29700.0
112,2026-09-20,29520.0
112,2026-09-21,29550.0
112,2026-09-22,29150.0
113,2026-08-24,133650.0
113,2026-08-25,134370.0
113,2026-08-26,132350.0
113,2026-08-27,132550.0
113,2026-08-28,132530.0
113,2026-08-29,131080.0
113,2026-08-30,131400.0
113,2026-08-31,130860.0
113,2026-09-01,130620.0
113,2026-09-02,129400.0
113,2026-09-03,129890.0
113,2026-09-04,130060.0
113,2026-09-05,130720.0
113,2026-09-06,129890.0
113,2026-09-07,130790.0
113,2026-09-08,127460.0
113,2026-09-09,128820.0
113,2026-09-10,127790.0
113,2026-09-11,129530.0
113,2026-09-12,126120.0
113,2026-09-13,125760.0
113,2026-09-14,125680.0
113,2026-09-15,123790.0
113,2026-09-16,125110.0
113,2026-09-17,124550.0
113,2026-09-18,125160.0
113,2026-09-19,125030.0
113,2026-09-20,126290.0
113,2026-09-21,125010.0
113,2026-09-22,123110.0
114,2026-08-24,66970.0
114,2026-08-25,67480.0
114,2026-08-26,66330.0
114,2026-08-27,67760.0
114,2026-08-28,67220.0
114,2026-08-29,66150.0
114,2026-08-30,65300.0
114,2026-08-31,66680.0
114,2026-09-01,65710.0
114,2026-09-02,66210.0
114,2026-09-03,64530.0
114,2026-09-04,64840.0
114,2026-09-05,64950.0
114,2026-09-06,64760.0
114,2026-09-07,64290.0
114,2026-09-08,64640.0
114,2026-09-09,63560.0
114,2026-09-10,63830.0
114,2026-09-11,63760.0
114,2026-09-12,63760.0
114,2026-09-13,63650.0
114,2026-09-14,62490.0
114,2026-09-15,62070.0
114,2026-09-16,63320.0
114,2026-09-17,62620.0
114,2026-09-18,61860.0
114,2026-09-19,62840.0
114,2026-09-20,61890.0
114,2026-09-21,62230.0
114,2026-09-22,61450.0
115,2026-08-24,59460.0
115,2026-08-25,59080.0
115,2026-08-26,57960.0
115,2026-08-27,58260.0
115,2026-08-28,57880.0
115,2026-08-29,57950.0
115,2026-08-30,56690.0
115,2026-08-31,57170.0
115,2026-09-01,57100.0
115,2026-09-02,55620.0
115,2026-09-03,55630.0
115,2026-09-04,55020.0
115,2026-09-05,55550.0
115,2026-09-06,55750.0
115,2026-09-07,55850.0
115,2026-09-08,54990.0
115,2026-09-09,55430.0
115,2026-09-10,53870.0
115,2026-09-11,53480.0
115,2026-09-12,53970.0
115,2026-09-13,53920.0
115,2026-09-14,53500.0
115,2026-09-15,52370.0
115,2026-09-16,52990.0
115,2026-09-17,52220.0
115,2026-09-18,52850.0
115,2026-09-19,52470.0
115,2026-09-20,51660.0
115,2026-09-21,51610.0
115,2026-09-22,51130.0
116,2026-08-24,85670.0
116,2026-08-25,85980.0
116,2026-08-26,84380.0
116,2026-08-27,84990.0
116,2026-08-28,83980.0
116,2026-08-29,83460.0
116,2026-08-30,83550.0
116,2026-08-31,82600.0
116,2026-09-01,82560.0
116,2026-09-02,81800.0
116,2026-09-03,83490.0
116,2026-09-04,81900.0
116,2026-09-05,81070.0
116,2026-09-06,81310.0
116,2026-09-07,80750.0
116,2026-09-08,80330.0
116,2026-09-09,80520.0
116,2026-09-10,80270.0
116,2026-09-11,79090.0
116,2026-09-12,78710.0
116,2026-09-13,78550.0
116,2026-09-14,76890.0
116,2026-09-15,77050.0
116,2026-09-16,78570.0
116,2026-09-17,78400.0
116,2026-09-18,76820.0
116,2026-09-19,77010.0
116,2026-09-20,76490.0
116,2026-09-21,77930.0
116,2026-09-22,76310.0
117,2026-08-24,73830.0
117,2026-08-25,73060.0
117,2026-08-26,72380.0
117,2026-08-27,73090.0
117,2026-08-28,72240.0
117,2026-08-29,71560.0
117,2026-08-30,71690.0
117,2026-08-31,71140.0
117,2026-09-01,72380.0
117,2026-09-02,71620.0
117,2026-09-03,70810.0
117,2026-09-04,71340.0
117,2026-09-05,70240.0
117,2026-09-06,69410.0
117,2026-09-07,70440.0
117,2026-09-08,69580.0
117,2026-09-09,68380.0
117,2026-09-10,68550.0
117,2026-09-11,67860.0
117,2026-09-12,67270.0
117,2026-09-13,68250.0
117,2026-09-14,68490.0
117,2026-09-15,66330.0
117,2026-09-16,67120.0
117,2026-09-17,66130.0
117,2026-09-18,65920.0
117,2026-09-19,65550.0
117,2026-09-20,65090.0
117,2026-09-21,65290.0
117,2026-09-22,64490.0
118,2026-08-24,28220.0
118,2026-08-25,28070.0
118,2026-08-26,27940.0
118,2026-08-27,27700.0
118,2026-08-28,27690.0
118,2026-08-29,27890.0
118,2026-08-30,27750.0
118,2026-08-31,27330.0
118,2026-09-01,27480.0
118,2026-09-02,27540.0
118,2026-09-03,26920.0
118,2026-09-04,27310.0
118,2026-09-05,26960.0
118,2026-09-06,27140.0
118,2026-09-07,26770.0
118,2026-09-08,26450.0
118,2026-09-09,26400.0
118,2026-09-10,26680.0
118,2026-09-11,26640.0
118,2026-09-12,26290.0
118,2026-09-13,26540.0
118,2026-09-14,25950.0
118,2026-09-15,26210.0
118,2026-09-16,25870.0
118,2026-09-17,25910.0
118,2026-09-18,25970.0
118,2026-09-19,25690.0
118,2026-09-20,25700.0
118,2026-09-21,25920.0
118,2026-09-22,25480.0
119,2026-08-24,146090.0
119,2026-08-25,143410.0
119,2026-08-26,144810.0
119,2026-08-27,145370.0
119,2026-08-28,140500.0
119,2026-08-29,141920.0
119,2026-08-30,143000.0
119,2026-08-31,141660.0
119,2026-09-01,141840.0
119,2026-09-02,140270.0
119,2026-09-03,140580.0
119,2026-09-04,139850.0
119,2026-09-05,140870.0
119,2026-09-06,139380.0
119,2026-09-07,139000.0
119,2026-09-08,137690.0
119,2026-09-09,137140.0
119,2026-09-10,136740.0
119,2026-09-11,137200.0
119,2026-09-12,135820.0
119,2026-09-13,136150.0
119,2026-09-14,137700.0
119,2026-09-15,135880.0
119,2026-09-16,134060.0
119,2026-09-17,135320.0
119,2026-09-18,133040.0
119,2026-09-19,130730.0
119,2026-09-20,131430.0
119,2026-09-21,129990.0
119,2026-09-22,131230.0
120,2026-08-24,84930.0
120,2026-08-25,85680.0
120,2026-08-26,84510.0
120,2026-08-27,83860.0
120,2026-08-28,84220.0
120,2026-08-29,81980.0
120,2026-08-30,83230.0
120,2026-08-31,83260.0
120,2026-09-01,81520.0
120,2026-09-02,82880.0
120,2026-09-03,82060.0
120,2026-09-04,81280.0
120,2026-09-05,81640.0
120,2026-09-06,82370.0
120,2026-09-07,80740.0
120,2026-09-08,80470.0
120,2026-09-09,79710.0
120,2026-09-10,79160.0
120,2026-09-11,79920.0
120,2026-09-12,78540.0
120,2026-09-13,78820.0
120,2026-09-14,78170.0
120,2026-09-15,78470.0
120,2026-09-16,78070.0
120,2026-09-17,78210.0
120,2026-09-18,76920.0
120,2026-09-19,76760.0
120,2026-09-20,76010.0
120,2026-09-21,76040.0
120,2026-09-22,76250.0
121,2026-08-24,129880.0
121,2026-08-25,127740.0
121,2026-08-26,128990.0
121,2026-08-27,128960.0
121,2026-08-28,127530.0
121,2026-08-29,128460.0
121,2026-08-30,125370.0
121,2026-08-31,124400.0
121,2026-09-01,123380.0
121,2026-09-02,126080.0
121,2026-09-03,124750.0
121,2026-09-04,123550.0
121,2026-09-05,123380.0
121,2026-09-06,121500.0
121,2026-09-07,124490.0
121,2026-09-08,121720.0
121,2026-09-09,121200.0
121,2026-09-10,121300.0
121,2026-09-11,120550.0
121,2026-09-12,119800.0
121,2026-09-13,118300.0
121,2026-09-14,119040.0
121,2026-09-15,119910.0
121,2026-09-16,118880.0
121,2026-09-17,118620.0
121,2026-09-18,116060.0
121,2026-09-19,115090.0
121,2026-09-20,115430.0
121,2026-09-21,115110.0
121,2026-09-22,115620.0
122,2026-08-24,150770.0
122,2026-08-25,153960.0
122,2026-08-26,151500.0
122,2026-08-27,150670.0
122,2026-08-28,149480.0
122,2026-08-29,148220.0
122,2026-08-30,150550.0
122,2026-08-31,149170.0
122,2026-09-01,147090.0
122,2026-09-02,146560.0
122,2026-09-03,147150.0
122,2026-09-04,148930.0
122,2026-09-05,146200.0
122,2026-09-06,144250.0
122,2026-09-07,145180.0
122,2026-09-08,144630.0
122,2026-09-09,141320.0
122,2026-09-10,143840.0
122,2026-09-11,143120.0
122,2026-09-12,143670.0
122,2026-09-13,144470.0
122,2026-09-14,143120.0
122,2026-09-15,141000.0
122,2026-09-16,139520.0
122,2026-09-17,143230.0
122,2026-09-18,139820.0
122,2026-09-19,139250.0
122,2026-09-20,138690.0
122,2026-09-21,138430.0
122,2026-09-22,137520.0
123,2026-08-24,53100.0
123,2026-08-25,52870.0
123,2026-08-26,52830.0
123,2026-08-27,52380.0
123,2026-08-28,52070.0
123,2026-08-29,52150.0
123,2026-08-30,51770.0
123,2026-08-31,52230.0
123,2026-09-01,50320.0
123,2026-09-02,51570.0
123,2026-09-03,51390.0
123,2026-09-04,49820.0
123,2026-09-05,50270.0
123,2026-09-06,50010.0
123,2026-09-07,49350.0
123,2026-09-08,49360.0
123,2026-09-09,48990.0
123,2026-09-10,49890.0
123,2026-09-11,49320.0
123,2026-09-12,49210.0
123,2026-09-13,48750.0
123,2026-09-14,47760.0
123,2026-09-15,47760.0
123,2026-09-16,47920.0
123,2026-09-17,46990.0
123,2026-09-18,47520.0
123,2026-09-19,46900.0
123,2026-09-20,46600.0
123,2026-09-21,46790.0
123,2026-09-22,46440.0
124,2026-08-24,28320.0
124,2026-08-25,28540.0
124,2026-08-26,27950.0
124,2026-08-27,28200.0
124,2026-08-28,28090.0
124,2026-08-29,27780.0
124,2026-08-30,27810.0
124,2026-08-31,27360.0
124,2026-09-01,27720.0
124,2026-09-02,27370.0
124,2026-09-03,27190.0
124,2026-09-04,27410.0
124,2026-09-05,26930.0
124,2026-09-06,26670.0
124,2026-09-07,26520.0
124,2026-09-08,26870.0
124,2026-09-09,26360.0
124,2026-09-10,26900.0
124,2026-09-11,25970.0
124,2026-09-12,26670.0
124,2026-09-13,26240.0
124,2026-09-14,26060.0
124,2026-09-15,25860.0
124,2026-09-16,25950.0
124,2026-09-17,25740.0
124,2026-09-18,25880.0
124,2026-09-19,25550.0
124,2026-09-20,25450.0
124,2026-09-21,25230.0
124,2026-09-22,25190.0
125,2026-08-24,80070.0
125,2026-08-25,78510.0
125,2026-08-26,78390.0
125,2026-08-27,79330.0
125,2026-08-28,78650.0
125,2026-08-29,78100.0
125,2026-08-30,77890.0
125,2026-08-31,77750.0
125,2026-09-01,76880.0
125,2026-09-02,76400.0
125,2026-09-03,76660.0
125,2026-09-04,75610.0
125,2026-09-05,76120.0
125,2026-09-06,74500.0
125,2026-09-07,75820.0
125,2026-09-08,75150.0
125,2026-09-09,74690.0
125,2026-09-10,74790.0
125,2026-09-11,74870.0
125,2026-09-12,74140.0
125,2026-09-13,72070.0
125,2026-09-14,72080.0
125,2026-09-15,72140.0
125,2026-09-16,72200.0
125,2026-09-17,72170.0
125,2026-09-18,71080.0
125,2026-09-19,71300.0
125,2026-09-20,70390.0
125,2026-09-21,70140.0
125,2026-09-22,69330.0
126,2026-08-24,155030.0
126,2026-08-25,154010.0
126,2026-08-26,153970.0
126,2026-08-27,155920.0
126,2026-08-28,153010.0
126,2026-08-29,156830.0
126,2026-08-30,153750.0
126,2026-08-31,152880.0
126,2026-09-01,151130.0
126,2026-09-02,152510.0
126,2026-09-03,150470.0
126,2026-09-04,150820.0
126,2026-09-05,153260.0
126,2026-09-06,149560.0
126,2026-09-07,150570.0
126,2026-09-08,147830.0
126,2026-09-09,148140.0
126,2026-09-10,149820.0
126,2026-09-11,146430.0
126,2026-09-12,148880.0
126,2026-09-13,147050.0
126,2026-09-14,145020.0
126,2026-09-15,145960.0
126,2026-09-16,145880.0
126,2026-09-17,144960.0
126,2026-09-18,141810.0
126,2026-09-19,142330.0
126,2026-09-20,142410.0
126,2026-09-21,142130.0
126,2026-09-22,142470.0
127,2026-08-24,93090.0
127,2026-08-25,91680.0
127,2026-08-26,92510.0
127,2026-08-27,92310.0
127,2026-08-28,91910.0
127,2026-08-29,91910.0
127,2026-08-30,91380.0
127,2026-08-31,90750.0
127,2026-09-01,90020.0
127,2026-09-02,88560.0
127,2026-09-03,89650.0
127,2026-09-04,89130.0
127,2026-09-05,88810.0
127,2026-09-06,87380.0
127,2026-09-07,87150.0
127,2026-09-08,88270.0
127,2026-09-09,87150.0
127,2026-09-10,87290.0
127,2026-09-11,86470.0
127,2026-09-12,86110.0
127,2026-09-13,86380.0
127,2026-09-14,85010.0
127,2026-09-15,85070.0
127,2026-09-16,84320.0
127,2026-09-17,83980.0
127,2026-09-18,83700.0
127,2026-09-19,83710.0
127,2026-09-20,82860.0
127,2026-09-21,83710.0
127,2026-09-22,81850.0
128,2026-08-24,82330.0
128,2026-08-25,81900.0
128,2026-08-26,82820.0
128,2026-08-27,81760.0
128,2026-08-28,82020.0
128,2026-08-29,80160.0
128,2026-08-30,81000.0
128,2026-08-31,81130.0
128,2026-09-01,80350.0
128,2026-09-02,80700.0
128,2026-09-03,79430.0
128,2026-09-04,80380.0
128,2026-09-05,80680.0
128,2026-09-06,78720.0
128,2026-09-07,78400.0
128,2026-09-08,79330.0
128,2026-09-09,79150.0
128,2026-09-10,77550.0
128,2026-09-11,77340.0
128,2026-09-12,77160.0
128,2026-09-13,76220.0
128,2026-09-14,76220.0
128,2026-09-15,75900.0
128,2026-09-16,75780.0
128,2026-09-17,75980.0
128,2026-09-18,75880.0
128,2026-09-19,76440.0
128,2026-09-20,74560.0
128,2026-09-21,75550.0
128,2026-09-22,74520.0
129,2026-08-24,90930.0
129,2026-08-25,91200.0
129,2026-08-26,89690.0
129,2026-08-27,90520.0
129,2026-08-28,90130.0
129,2026-08-29,90120.0
129,2026-08-30,89740.0
129,2026-08-31,91030.0
129,2026-09-01,88620.0
129,2026-09-02,88450.0
129,2026-09-03,88150.0
129,2026-09-04,87960.0
129,2026-09-05,87670.0
129,2026-09-06,88720.0
129,2026-09-07,88650.0
129,2026-09-08,87000.0
129,2026-09-09,86580.0
129,2026-09-10,87270.0
129,2026-09-11,86310.0
129,2026-09-12,86910.0
129,2026-09-13,86370.0
129,2026-09-14,84920.0
129,2026-09-15,86840.0
129,2026-09-16,86780.0
129,2026-09-17,84840.0
129,2026-09-18,84760.0
129,2026-09-19,85000.0
129,2026-09-20,84800.0
129,2026-09-21,84790.0
129,2026-09-22,85510.0
130,2026-08-24,157650.0
130,2026-08-25,156320.0
130,2026-08-26,155040.0
130,2026-08-27,155250.0
130,2026-08-28,155520.0
130,2026-08-29,157160.0
130,2026-08-30,153780.0
130,2026-08-31,154110.0
130,2026-09-01,153240.0
130,2026-09-02,154120.0
130,2026-09-03,155170.0
130,2026-09-04,150890.0
130,2026-09-05,150370.0
130,2026-09-06,151650.0
130,2026-09-07,150630.0
130,2026-09-08,151470.0
130,2026-09-09,149360.0
130,2026-09-10,147650.0
130,2026-09-11,148220.0
130,2026-09-12,148270.0
130,2026-09-13,147350.0
130,2026-09-14,146390.0
130,2026-09-15,146500.0
130,2026-09-16,146050.0
130,2026-09-17,145730.0
130,2026-09-18,144260.0
130,2026-09-19,142700.0
130,2026-09-20,142510.0
130,2026-09-21,143210.0
130,2026-09-22,140190.0
131,2026-08-24,16090.0
131,2026-08-25,15930.0
131,2026-08-26,15920.0
131,2026-08-27,16000.0
131,2026-08-28,15800.0
131,2026-08-29,15710.0
131,2026-08-30,15480.0
131,2026-08-31,15660.0
131,2026-09-01,15580.0
131,2026-09-02,15700.0
131,2026-09-03,15330.0
131,2026-09-04,15320.0
131,2026-09-05,15260.0
131,2026-09-06,15350.0
131,2026-09-07,15080.0
131,2026-09-08,15060.0
131,2026-09-09,15030.0
131,2026-09-10,14910.0
131,2026-09-11,14770.0
131,2026-09-12,14780.0
131,2026-09-13,14810.0
131,2026-09-14,14490.0
131,2026-09-15,14560.0
131,2026-09-16,14390.0
131,2026-09-17,14560.0
131,2026-09-18,14160.0
131,2026-09-19,14210.0
131,2026-09-20,14250.0
131,2026-09-21,14330.0
131,2026-09-22,14060.0
132,2026-08-24,26710.0
132,2026-08-25,27080.0
132,2026-08-26,26280.0
132,2026-08-27,26010.0
132,2026-08-28,26420.0
132,2026-08-29,26100.0
132,2026-08-30,25870.0
132,2026-08-31,26100.0
132,2026-09-01,25880.0
132,2026-09-02,25600.0
132,2026-09-03,25330.0
132,2026-09-04,25640.0
132,2026-09-05,25470.0
132,2026-09-06,25200.0
132,2026-09-07,25460.0
132,2026-09-08,24750.0
132,2026-09-09,24540.0
132,2026-09-10,24580.0
132,2026-09-11,24590.0
132,2026-09-12,24520.0
132,2026-09-13,24300.0
132,2026-09-14,24300.0
132,2026-09-15,23850.0
132,2026-09-16,24270.0
132,2026-09-17,23840.0
132,2026-09-18,23960.0
132,2026-09-19,23680.0
132,2026-09-20,23580.0
132,2026-09-21,23480.0
132,2026-09-22,23330.0
133,2026-08-24,143880.0
133,2026-08-25,144240.0
133,2026-08-26,142600.0
133,2026-08-27,142770.0
133,2026-08-28,141490.0
133,2026-08-29,142780.0
133,2026-08-30,140060.0
133,2026-08-31,142380.0
133,2026-09-01,139960.0
133,2026-09-02,138040.0
133,2026-09-03,139360.0
133,2026-09-04,138070.0
133,2026-09-05,139350.0
133,2026-09-06,137310.0
133,2026-09-07,137150.0
133,2026-09-08,135160.0
133,2026-09-09,136350.0
133,2026-09-10,133790.0
133,2026-09-11,134310.0
133,2026-09-12,136500.0
133,2026-09-13,136130.0
133,2026-09-14,135340.0
133,2026-09-15,133410.0
133,2026-09-16,134030.0
133,2026-09-17,133680.0
133,2026-09-18,132010.0
133,2026-09-19,134550.0
133,2026-09-20,133460.0
133,2026-09-21,131860.0
133,2026-09-22,131740.0
134,2026-08-24,139600.0
134,2026-08-25,136690.0
134,2026-08-26,138130.0
134,2026-08-27,137180.0
134,2026-08-28,136340.0
134,2026-08-29,136630.0
134,2026-08-30,138380.0
134,2026-08-31,136650.0
134,2026-09-01,134860.0
134,2026-09-02,135600.0
134,2026-09-03,136000.0
134,2026-09-04,135000.0
134,2026-09-05,133580.0
134,2026-09-06,132330.0
134,2026-09-07,133290.0
134,2026-09-08,132480.0
134,2026-09-09,132530.0
134,2026-09-10,131760.0
134,2026-09-11,131720.0
134,2026-09-12,129530.0
134,2026-09-13,131030.0
134,2026-09-14,129340.0
134,2026-09-15,130870.0
134,2026-09-16,127410.0
134,2026-09-17,129530.0
134,2026-09-18,127390.0
134,2026-09-19,125990.0
134,2026-09-20,125680.0
134,2026-09-21,125370.0
134,2026-09-22,125680.0
135,2026-08-24,158870.0
135,2026-08-25,156920.0
135,2026-08-26,156970.0
135,2026-08-27,158970.0
135,2026-08-28,157850.0
135,2026-08-29,155660.0
135,2026-08-30,154560.0
135,2026-08-31,154040.0
135,2026-09-01,154010.0
135,2026-09-02,151410.0
135,2026-09-03,151710.0
135,2026-09-04,149380.0
135,2026-09-05,151270.0
135,2026-09-06,150940.0
135,2026-09-07,148950.0
135,2026-09-08,150820.0
135,2026-09-09,146810.0
135,2026-09-10,145900.0
135,2026-09-11,147320.0
135,2026-09-12,147700.0
135,2026-09-13,147850.0
135,2026-09-14,144630.0
135,2026-09-15,145870.0
135,2026-09-16,143900.0
135,2026-09-17,143110.0
135,2026-09-18,143770.0
135,2026-09-19,142870.0
135,2026-09-20,139550.0
135,2026-09-21,142620.0
135,2026-09-22,141890.0
136,2026-08-24,112060.0
136,2026-08-25,112550.0
136,2026-08-26,112230.0
136,2026-08-27,111630.0
136,2026-08-28,110530.0
136,2026-08-29,110030.0
136,2026-08-30,110190.0
136,2026-08-31,110830.0
136,2026-09-01,109890.0
136,2026-09-02,108700.0
136,2026-09-03,109280.0
136,2026-09-04,105760.0
136,2026-09-05,108810.0
136,2026-09-06,105920.0
136,2026-09-07,106710.0
136,2026-09-08,105660.0
136,2026-09-09,105110.0
136,2026-09-10,106830.0
136,2026-09-11,105030.0
136,2026-09-12,105330.0
136,2026-09-13,104590.0
136,2026-09-14,104650.0
136,2026-09-15,103900.0
136,2026-09-16,102330.0
136,2026-09-17,103900.0
136,2026-09-18,102210.0
136,2026-09-19,100900.0
136,2026-09-20,101470.0
136,2026-09-21,102740.0
136,2026-09-22,101780.0
137,2026-08-24,77260.0
137,2026-08-25,77030.0
137,2026-08-26,76810.0
137,2026-08-27,78010.0
137,2026-08-28,76750.0
137,2026-08-29,76540.0
137,2026-08-30,76670.0
137,2026-08-31,75960.0
137,2026-09-01,75420.0
137,2026-09-02,75220.0
137,2026-09-03,75060.0
137,2026-09-04,74840.0
137,2026-09-05,75060.0
137,2026-09-06,74420.0
137,2026-09-07,74590.0
137,2026-09-08,73870.0
137,2026-09-09,73720.0
137,2026-09-10,72240.0
137,2026-09-11,73750.0
137,2026-09-12,73170.0
137,2026-09-13,73330.0
137,2026-09-14,70750.0
137,2026-09-15,73510.0
137,2026-09-16,71930.0
137,2026-09-17,72440.0
137,2026-09-18,70920.0
137,2026-09-19,71670.0
137,2026-09-20,70440.0
137,2026-09-21,70460.0
137,2026-09-22,71740.0
138,2026-08-24,160090.0
138,2026-08-25,160050.0
138,2026-08-26,160330.0
138,2026-08-27,159320.0
138,2026-08-28,158350.0
138,2026-08-29,158080.0
138,2026-08-30,160070.0
138,2026-08-31,156480.0
138,2026-09-01,156260.0
138,2026-09-02,156780.0
138,2026-09-03,156310.0
138,2026-09-04,155870.0
138,2026-09-05,154650.0
138,2026-09-06,151900.0
138,2026-09-07,154810.0
138,2026-09-08,150820.0
138,2026-09-09,152080.0
138,2026-09-10,150230.0
138,2026-09-11,150550.0
138,2026-09-12,150490.0
138,2026-09-13,149950.0
138,2026-09-14,149530.0
138,2026-09-15,150470.0
138,2026-09-16,148490.0
138,2026-09-17,147090.0
138,2026-09-18,148050.0
138,2026-09-19,147790.0
138,2026-09-20,144250.0
138,2026-09-21,145980.0
138,2026-09-22,145570.0
139,2026-08-24,29730.0
139,2026-08-25,30000.0
139,2026-08-26,29530.0
139,2026-08-27,29470.0
139,2026-08-28,29280.0
139,2026-08-29,29210.0
139,2026-08-30,28830.0
139,2026-08-31,28640.0
139,2026-09-01,29210.0
139,2026-09-02,28530.0
139,2026-09-03,28380.0
139,2026-09-04,27990.0
139,2026-09-05,28220.0
139,2026-09-06,27950.0
139,2026-09-07,28500.0
139,2026-09-08,28240.0
139,2026-09-09,27730.0
139,2026-09-10,28290.0
139,2026-09-11,27880.0
139,2026-09-12,27460.0
139,2026-09-13,26840.0
139,2026-09-14,27820.0
139,2026-09-15,26860.0
139,2026-09-16,26680.0
139,2026-09-17,27170.0
139,2026-09-18,27370.0
139,2026-09-19,27010.0
139,2026-09-20,26710.0
139,2026-09-21,26590.0
139,2026-09-22,26530.0
140,2026-08-24,103880.0
140,2026-08-25,103050.0
140,2026-08-26,102460.0
140,2026-08-27,101880.0
140,2026-08-28,100890.0
140,2026-08-29,100810.0
140,2026-08-30,99260.0
140,2026-08-31,100040.0
140,2026-09-01,98900.0
140,2026-09-02,98360.0
140,2026-09-03,98890.0
140,2026-09-04,99380.0
140,2026-09-05,98560.0
140,2026-09-06,96180.0
140,2026-09-07,96180.0
140,2026-09-08,97210.0
140,2026-09-09,95270.0
140,2026-09-10,95410.0
140,2026-09-11,95550.0
140,2026-09-12,93920.0
140,2026-09-13,94300.0
140,2026-09-14,92740.0
140,2026-09-15,92850.0
140,2026-09-16,93110.0
140,2026-09-17,91170.0
140,2026-09-18,92290.0
140,2026-09-19,91480.0
140,2026-09-20,91470.0
140,2026-09-21,90760.0
140,2026-09-22,91190.0
141,2026-08-24,145360.0
141,2026-08-25,144260.0
141,2026-08-26,144380.0
141,2026-08-27,144350.0
141,2026-08-28,143310.0
141,2026-08-29,142810.0
141,2026-08-30,141510.0
141,2026-08-31,141060.0
141,2026-09-01,139760.0
141,2026-09-02,142730.0
141,2026-09-03,138950.0
141,2026-09-04,139070.0
141,2026-09-05,138550.0
141,2026-09-06,139830.0
141,2026-09-07,138030.0
141,2026-09-08,139230.0
141,2026-09-09,136630.0
141,2026-09-10,137190.0
141,2026-09-11,135480.0
141,2026-09-12,138260.0
141,2026-09-13,134110.0
141,2026-09-14,135260.0
141,2026-09-15,135130.0
141,2026-09-16,134390.0
141,2026-09-17,133250.0
141,2026-09-18,132820.0
141,2026-09-19,132520.0
141,2026-09-20,131820.0
141,2026-09-21,132540.0
141,2026-09-22,133420.0
142,2026-08-24,169730.0
142,2026-08-25,168010.0
142,2026-08-26,168970.0
142,2026-08-27,171700.0
142,2026-08-28,166700.0
142,2026-08-29,169140.0
142,2026-08-30,168520.0
142,2026-08-31,164990.0
142,2026-09-01,165740.0
142,2026-09-02,166420.0
142,2026-09-03,163180.0
142,2026-09-04,162720.0
142,2026-09-05,161560.0
142,2026-09-06,160330.0
142,2026-09-07,160120.0
142,2026-09-08,158710.0
142,2026-09-09,159630.0
142,2026-09-10,157930.0
142,2026-09-11,158530.0
142,2026-09-12,155570.0
142,2026-09-13,157300.0
142,2026-09-14,157270.0
142,2026-09-15,152980.0
142,2026-09-16,155320.0
142,2026-09-17,155730.0
142,2026-09-18,151940.0
142,2026-09-19,154950.0
142,2026-09-20,152670.0
142,2026-09-21,150550.0
142,2026-09-22,150700.0
143,2026-08-24,64000.0
143,2026-08-25,63510.0
143,2026-08-26,63460.0
143,2026-08-27,62490.0
143,2026-08-28,62750.0
143,2026-08-29,61720.0
143,2026-08-30,62080.0
143,2026-08-31,61430.0
143,2026-09-01,61240.0
143,2026-09-02,61920.0
143,2026-09-03,61580.0
143,2026-09-04,61090.0
143,2026-09-05,60000.0
143,2026-09-06,60110.0
143,2026-09-07,60570.0
143,2026-09-08,59790.0
143,2026-09-09,60570.0
143,2026-09-10,59380.0
143,2026-09-11,59010.0
143,2026-09-12,58500.0
143,2026-09-13,58450.0
143,2026-09-14,58040.0
143,2026-09-15,58190.0
143,2026-09-16,58040.0
143,2026-09-17,56940.0
143,2026-09-18,56410.0
143,2026-09-19,55900.0
143,2026-09-20,56760.0
143,2026-09-21,55720.0
143,2026-09-22,54940.0
144,2026-08-24,125470.0
144,2026-08-25,127070.0
144,2026-08-26,124220.0
144,2026-08-27,124610.0
144,2026-08-28,123450.0
144,2026-08-29,122840.0
144,2026-08-30,123400.0
144,2026-08-31,121790.0
144,2026-09-01,121900.0
144,2026-09-02,121530.0
144,2026-09-03,120140.0
144,2026-09-04,121310.0
144,2026-09-05,119750.0
144,2026-09-06,118760.0
144,2026-09-07,119580.0
144,2026-09-08,117760.0
144,2026-09-09,118230.0
144,2026-09-10,117760.0
144,2026-09-11,118390.0
144,2026-09-12,117370.0
144,2026-09-13,116450.0
144,2026-09-14,116840.0
144,2026-09-15,116960.0
144,2026-09-16,115720.0
144,2026-09-17,114760.0
144,2026-09-18,113050.0
144,2026-09-19,112860.0
144,2026-09-20,113160.0
144,2026-09-21,112440.0
144,2026-09-22,112420.0
145,2026-08-24,37370.0
145,2026-08-25,37400.0
145,2026-08-26,37110.0
145,2026-08-27,37170.0
145,2026-08-28,36940.0
145,2026-08-29,36240.0
145,2026-08-30,36430.0
145,2026-08-31,36550.0
145,2026-09-01,36140.0
145,2026-09-02,36550.0
145,2026-09-03,36710.0
145,2026-09-04,36510.0
145,2026-09-05,35990.0
145,2026-09-06,36370.0
145,2026-09-07,35880.0
145,2026-09-08,35630.0
145,2026-09-09,35440.0
145,2026-09-10,35420.0
145,2026-09-11,35290.0
145,2026-09-12,35340.0
145,2026-09-13,35230.0
145,2026-09-14,35080.0
145,2026-09-15,35090.0
145,2026-09-16,35200.0
145,2026-09-17,35020.0
145,2026-09-18,34220.0
145,2026-09-19,33800.0
145,2026-09-20,34690.0
145,2026-09-21,33930.0
145,2026-09-22,34140.0
146,2026-08-24,77300.0
146,2026-08-25,76640.0
146,2026-08-26,77770.0
146,2026-08-27,77620.0
146,2026-08-28,76530.0
146,2026-08-29,75040.0
146,2026-08-30,75980.0
146,2026-08-31,76270.0
146,2026-09-01,74860.0
146,2026-09-02,75580.0
146,2026-09-03,75170.0
146,2026-09-04,75250.0
146,2026-09-05,74690.0
146,2026-09-06,73750.0
146,2026-09-07,74770.0
146,2026-09-08,73680.0
146,2026-09-09,73470.0
146,2026-09-10,72650.0
146,2026-09-11,72660.0
146,2026-09-12,72110.0
146,2026-09-13,72260.0
146,2026-09-14,73110.0
146,2026-09-15,70970.0
146,2026-09-16,70540.0
146,2026-09-17,72120.0
146,2026-09-18,70830.0
146,2026-09-19,70270.0
146,2026-09-20,71010.0
146,2026-09-21,69740.0
146,2026-09-22,70920.0
147,2026-08-24,128730.0
147,2026-08-25,127060.0
147,2026-08-26,129060.0
147,2026-08-27,125840.0
147,2026-08-28,126590.0
147,2026-08-29,125610.0
147,2026-08-30,126020.0
147,2026-08-31,125720.0
147,2026-09-01,123690.0
147,2026-09-02,122380.0
147,2026-09-03,123000.0
147,2026-09-04,121350.0
147,2026-09-05,123400.0
147,2026-09-06,121030.0
147,2026-09-07,120000.0
147,2026-09-08,119980.0
147,2026-09-09,117950.0
147,2026-09-10,117760.0
147,2026-09-11,119300.0
147,2026-09-12,116960.0
147,2026-09-13,116030.0
147,2026-09-14,117000.0
147,2026-09-15,117080.0
147,2026-09-16,116070.0
147,2026-09-17,115790.0
147,2026-09-18,113550.0
147,2026-09-19,112350.0
147,2026-09-20,114620.0
147,2026-09-21,112310.0
147,2026-09-22,111830.0
148,2026-08-24,31340.0
148,2026-08-25,31070.0
148,2026-08-26,30950.0
148,2026-08-27,31270.0
148,2026-08-28,30510.0
148,2026-08-29,30800.0
148,2026-08-30,30500.0
148,2026-08-31,30460.0
148,2026-09-01,30670.0
148,2026-09-02,30340.0
148,2026-09-03,30250.0
148,2026-09-04,30290.0
148,2026-09-05,29860.0
148,2026-09-06,29660.0
148,2026-09-07,29520.0
148,2026-09-08,29210.0
148,2026-09-09,30080.0
148,2026-09-10,29230.0
148,2026-09-11,29350.0
148,2026-09-12,29250.0
148,2026-09-13,29300.0
148,2026-09-14,29330.0
148,2026-09-15,29250.0
148,2026-09-16,28820.0
148,2026-09-17,28830.0
148,2026-09-18,28850.0
148,2026-09-19,28630.0
148,2026-09-20,28980.0
148,2026-09-21,28630.0
148,2026-09-22,28590.0
149,2026-08-24,160390.0
149,2026-08-25,160440.0
149,2026-08-26,158650.0
149,2026-08-27,156280.0
149,2026-08-28,157770.0
149,2026-08-29,155910.0
149,2026-08-30,155480.0
149,2026-08-31,156260.0
149,2026-09-01,156470.0
149,2026-09-02,154420.0
149,2026-09-03,154190.0
149,2026-09-04,155310.0
149,2026-09-05,152950.0
149,2026-09-06,155240.0
149,2026-09-07,152190.0
149,2026-09-08,148790.0
149,2026-09-09,151270.0
149,2026-09-10,150240.0
149,2026-09-11,150760.0
149,2026-09-12,149440.0
149,2026-09-13,147880.0
149,2026-09-14,145980.0
149,2026-09-15,146640.0
149,2026-09-16,145280.0
149,2026-09-17,145030.0
149,2026-09-18,145870.0
149,2026-09-19,146610.0
149,2026-09-20,144480.0
149,2026-09-21,141970.0
149,2026-09-22,143390.0
150,2026-08-24,125110.0
150,2026-08-25,122980.0
150,2026-08-26,122980.0
150,2026-08-27,122660.0
150,2026-08-28,121470.0
150,2026-08-29,122360.0
150,2026-08-30,121190.0
150,2026-08-31,121240.0
150,2026-09-01,119580.0
150,2026-09-02,119550.0
150,2026-09-03,120180.0
150,2026-09-04,118710.0
150,2026-09-05,120210.0
150,2026-09-06,117780.0
150,2026-09-07,117910.0
150,2026-09-08,118120.0
150,2026-09-09,115480.0
150,2026-09-10,114720.0
150,2026-09-11,114490.0
150,2026-09-12,116630.0
150,2026-09-13,114490.0
150,2026-09-14,116940.0
150,2026-09-15,113580.0
150,2026-09-16,113830.0
150,2026-09-17,114650.0
150,2026-09-18,114630.0
150,2026-09-19,114230.0
150,2026-09-20,112990.0
150,2026-09-21,112370.0
150,2026-09-22,111510.0
151,2026-08-24,48040.0
151,2026-08-25,47390.0
151,2026-08-26,47120.0
151,2026-08-27,47250.0
151,2026-08-28,47020.0
151,2026-08-29,46740.0
151,2026-08-30,46990.0
151,2026-08-31,46910.0
151,2026-09-01,46430.0
151,2026-09-02,46760.0
151,2026-09-03,45640.0
151,2026-09-04,45810.0
151,2026-09-05,45450.0
151,2026-09-06,44870.0
151,2026-09-07,45340.0
151,2026-09-08,45160.0
151,2026-09-09,45580.0
151,2026-09-10,45090.0
151,2026-09-11,44320.0
151,2026-09-12,45190.0
151,2026-09-13,44790.0
151,2026-09-14,44390.0
151,2026-09-15,43930.0
151,2026-09-16,43490.0
151,2026-09-17,43530.0
151,2026-09-18,43890.0
151,2026-09-19,44010.0
151,2026-09-20,43720.0
151,2026-09-21,42810.0
151,2026-09-22,42410.0
152,2026-08-24,105350.0
152,2026-08-25,103390.0
152,2026-08-26,104630.0
152,2026-08-27,103820.0
152,2026-08-28,103140.0
152,2026-08-29,101810.0
152,2026-08-30,103050.0
152,2026-08-31,101790.0
152,2026-09-01,100850.0
152,2026-09-02,99060.0
152,2026-09-03,100900.0
152,2026-09-04,101900.0
152,2026-09-05,101380.0
152,2026-09-06,99260.0
152,2026-09-07,98710.0
152,2026-09-08,99140.0
152,2026-09-09,97540.0
152,2026-09-10,98140.0
152,2026-09-11,98080.0
152,2026-09-12,98010.0
152,2026-09-13,96530.0
152,2026-09-14,96010.0
152,2026-09-15,95040.0
152,2026-09-16,94650.0
152,2026-09-17,94700.0
152,2026-09-18,94740.0
152,2026-09-19,94740.0
152,2026-09-20,92950.0
152,2026-09-21,94340.0
152,2026-09-22,92510.0
153,2026-08-24,233000.0
153,2026-08-25,230800.0
153,2026-08-26,226910.0
153,2026-08-27,231850.0
153,2026-08-28,230670.0
153,2026-08-29,227950.0
153,2026-08-30,227650.0
153,2026-08-31,227530.0
153,2026-09-01,222930.0
153,2026-09-02,223840.0
153,2026-09-03,225270.0
153,2026-09-04,220720.0
153,2026-09-05,222540.0
153,2026-09-06,218700.0
153,2026-09-07,221010.0
153,2026-09-08,219210.0
153,2026-09-09,215490.0
153,2026-09-10,219500.0
153,2026-09-11,215210.0
153,2026-09-12,214160.0
153,2026-09-13,215030.0
153,2026-09-14,215800.0
153,2026-09-15,211040.0
153,2026-09-16,212030.0
153,2026-09-17,211770.0
153,2026-09-18,211320.0
153,2026-09-19,209480.0
153,2026-09-20,207600.0
153,2026-09-21,205870.0
153,2026-09-22,206570.0
154,2026-08-24,92090.0
154,2026-08-25,90450.0
154,2026-08-26,92440.0
154,2026-08-27,92420.0
154,2026-08-28,89800.0
154,2026-08-29,90390.0
154,2026-08-30,91180.0
154,2026-08-31,91830.0
154,2026-09-01,90070.0
154,2026-09-02,89200.0
154,2026-09-03,89230.0
154,2026-09-04,89970.0
154,2026-09-05,88210.0
154,2026-09-06,87760.0
154,2026-09-07,87630.0
154,2026-09-08,86950.0
154,2026-09-09,87360.0
154,2026-09-10,88060.0
154,2026-09-11,86800.0
154,2026-09-12,86050.0
154,2026-09-13,85680.0
154,2026-09-14,84440.0
154,2026-09-15,85800.0
154,2026-09-16,84780.0
154,2026-09-17,84370.0
154,2026-09-18,86370.0
154,2026-09-19,84000.0
154,2026-09-20,82920.0
154,2026-09-21,82800.0
154,2026-09-22,83550.0
155,2026-08-24,115850.0
155,2026-08-25,114170.0
155,2026-08-26,115990.0
155,2026-08-27,114280.0
155,2026-08-28,116270.0
155,2026-08-29,115270.0
155,2026-08-30,113610.0
155,2026-08-31,114870.0
155,2026-09-01,113490.0
155,2026-09-02,113910.0
155,2026-09-03,113290.0
155,2026-09-04,111800.0
155,2026-09-05,111690.0
155,2026-09-06,112910.0
155,2026-09-07,111390.0
155,2026-09-08,111040.0
155,2026-09-09,110260.0
155,2026-09-10,111200.0
155,2026-09-11,112390.0
155,2026-09-12,109290.0
155,2026-09-13,109980.0
155,2026-09-14,110930.0
155,2026-09-15,109300.0
155,2026-09-16,109490.0
155,2026-09-17,107840.0
155,2026-09-18,108890.0
155,2026-09-19,108050.0
155,2026-09-20,108810.0
155,2026-09-21,108700.0
155,2026-09-22,109670.0
156,2026-08-24,170120.0
156,2026-08-25,169230.0
156,2026-08-26,168500.0
156,2026-08-27,167230.0
156,2026-08-28,167570.0
156,2026-08-29,166190.0
156,2026-08-30,166230.0
156,2026-08-31,167150.0
156,2026-09-01,163590.0
156,2026-09-02,165800.0
156,2026-09-03,165470.0
156,2026-09-04,163050.0
156,2026-09-05,159900.0
156,2026-09-06,161300.0
156,2026-09-07,163200.0
156,2026-09-08,160930.0
156,2026-09-09,159110.0
156,2026-09-10,159190.0
156,2026-09-11,160370.0
156,2026-09-12,159430.0
156,2026-09-13,157850.0
156,2026-09-14,157120.0
156,2026-09-15,156530.0
156,2026-09-16,155280.0
156,2026-09-17,158010.0
156,2026-09-18,154940.0
156,2026-09-19,156370.0
156,2026-09-20,156200.0
156,2026-09-21,154970.0
156,2026-09-22,152560.0
157,2026-08-24,82160.0
157,2026-08-25,81570.0
157,2026-08-26,80690.0
157,2026-08-27,81150.0
157,2026-08-28,79880.0
157,2026-08-29,81050.0
157,2026-08-30,79680.0
157,2026-08-31,79780.0
157,2026-09-01,79510.0
157,2026-09-02,78850.0
157,2026-09-03,79060.0
157,2026-09-04,78070.0
157,2026-09-05,78590.0
157,2026-09-06,76870.0
157,2026-09-07,77480.0
157,2026-09-08,78300.0
157,2026-09-09,76120.0
157,2026-09-10,76010.0
157,2026-09-11,76430.0
157,2026-09-12,75900.0
157,2026-09-13,75690.0
157,2026-09-14,75450.0
157,2026-09-15,75220.0
157,2026-09-16,75200.0
157,2026-09-17,74440.0
157,2026-09-18,73700.0
157,2026-09-19,73960.0
157,2026-09-20,74410.0
157,2026-09-21,72810.0
157,2026-09-22,71950.0
158,2026-08-24,63950.0
158,2026-08-25,63190.0
158,2026-08-26,62030.0
158,2026-08-27,63350.0
158,2026-08-28,62510.0
158,2026-08-29,62570.0
158,2026-08-30,62620.0
158,2026-08-31,62400.0
158,2026-09-01,62490.0
158,2026-09-02,61770.0
158,2026-09-03,62080.0
158,2026-09-04,61540.0
158,2026-09-05,61870.0
158,2026-09-06,61650.0
158,2026-09-07,60730.0
158,2026-09-08,61570.0
158,2026-09-09,60610.0
158,2026-09-10,61120.0
158,2026-09-11,60740.0
158,2026-09-12,61310.0
158,2026-09-13,60130.0
158,2026-09-14,59910.0
158,2026-09-15,59920.0
158,2026-09-16,59620.0
158,2026-09-17,60000.0
158,2026-09-18,58660.0
158,2026-09-19,58780.0
158,2026-09-20,58610.0
158,2026-09-21,59440.0
158,2026-09-22,59660.0
159,2026-08-24,147270.0
159,2026-08-25,146580.0
159,2026-08-26,146220.0
159,2026-08-27,146820.0
159,2026-08-28,143860.0
159,2026-08-29,144540.0
159,2026-08-30,144740.0
159,2026-08-31,143590.0
159,2026-09-01,142610.0
159,2026-09-02,142900.0
159,2026-09-03,138130.0
159,2026-09-04,141290.0
159,2026-09-05,139170.0
159,2026-09-06,137230.0
159,2026-09-07,139230.0
159,2026-09-08,139570.0
159,2026-09-09,137260.0
159,2026-09-10,137860.0
159,2026-09-11,137970.0
159,2026-09-12,137010.0
159,2026-09-13,136750.0
159,2026-09-14,135120.0
159,2026-09-15,133760.0
159,2026-09-16,131250.0
159,2026-09-17,132150.0
159,2026-09-18,130860.0
159,2026-09-19,133610.0
159,2026-09-20,130360.0
159,2026-09-21,130070.0
159,2026-09-22,129920.0
160,2026-08-24,228460.0
160,2026-08-25,230510.0
160,2026-08-26,225640.0
160,2026-08-27,226240.0
160,2026-08-28,223780.0
160,2026-08-29,221950.0
160,2026-08-30,222350.0
160,2026-08-31,222520.0
160,2026-09-01,221010.0
160,2026-09-02,219730.0
160,2026-09-03,217650.0
160,2026-09-04,219130.0
160,2026-09-05,215830.0
160,2026-09-06,218940.0
160,2026-09-07,216930.0
160,2026-09-08,213420.0
160,2026-09-09,214600.0
160,2026-09-10,213000.0
160,2026-09-11,214030.0
160,2026-09-12,214990.0
160,2026-09-13,208560.0
160,2026-09-14,211200.0
160,2026-09-15,209890.0
160,2026-09-16,210510.0
160,2026-09-17,208880.0
160,2026-09-18,206370.0
160,2026-09-19,206300.0
160,2026-09-20,204640.0
160,2026-09-21,207070.0
160,2026-09-22,204410.0
161,2026-08-24,68140.0
161,2026-08-25,66900.0
161,2026-08-26,66340.0
161,2026-08-27,65700.0
161,2026-08-28,65320.0
161,2026-08-29,65200.0
161,2026-08-30,65930.0
161,2026-08-31,65820.0
161,2026-09-01,64520.0
161,2026-09-02,65570.0
161,2026-09-03,64630.0
161,2026-09-04,64730.0
161,2026-09-05,65250.0
161,2026-09-06,64660.0
161,2026-09-07,63830.0
161,2026-09-08,63280.0
161,2026-09-09,62410.0
161,2026-09-10,62910.0
161,2026-09-11,62950.0
161,2026-09-12,62320.0
161,2026-09-13,62530.0
161,2026-09-14,62410.0
161,2026-09-15,62030.0
161,2026-09-16,61580.0
161,2026-09-17,61780.0
161,2026-09-18,61690.0
161,2026-09-19,60670.0
161,2026-09-20,61730.0
161,2026-09-21,60730.0
161,2026-09-22,60560.0
162,2026-08-24,33900.0
162,2026-08-25,33670.0
162,2026-08-26,33740.0
162,2026-08-27,33460.0
162,2026-08-28,33120.0
162,2026-08-29,33270.0
162,2026-08-30,32770.0
162,2026-08-31,32980.0
162,2026-09-01,32840.0
162,2026-09-02,32690.0
162,2026-09-03,32600.0
162,2026-09-04,32040.0
162,2026-09-05,32270.0
162,2026-09-06,32330.0
162,2026-09-07,32240.0
162,2026-09-08,31820.0
162,2026-09-09,32310.0
162,2026-09-10,31650.0
162,2026-09-11,32020.0
162,2026-09-12,31770.0
162,2026-09-13,31380.0
162,2026-09-14,31900.0
162,2026-09-15,31020.0
162,2026-09-16,31460.0
162,2026-09-17,31370.0
162,2026-09-18,30830.0
162,2026-09-19,31260.0
162,2026-09-20,30730.0
162,2026-09-21,30760.0
162,2026-09-22,30640.0
163,2026-08-24,90310.0
163,2026-08-25,90660.0
163,2026-08-26,90350.0
163,2026-08-27,88310.0
163,2026-08-28,90110.0
163,2026-08-29,87770.0
163,2026-08-30,89330.0
163,2026-08-31,89090.0
163,2026-09-01,87270.0
163,2026-09-02,87440.0
163,2026-09-03,86660.0
163,2026-09-04,86980.0
163,2026-09-05,86610.0
163,2026-09-06,87060.0
163,2026-09-07,87130.0
163,2026-09-08,86890.0
163,2026-09-09,85250.0
163,2026-09-10,85190.0
163,2026-09-11,83880.0
163,2026-09-12,84190.0
163,2026-09-13,85100.0
163,2026-09-14,85250.0
163,2026-09-15,83000.0
163,2026-09-16,83140.0
163,2026-09-17,83230.0
163,2026-09-18,83140.0
163,2026-09-19,82090.0
163,2026-09-20,82640.0
163,2026-09-21,81730.0
163,2026-09-22,81750.0
164,2026-08-24,97540.0
164,2026-08-25,96790.0
164,2026-08-26,96110.0
164,2026-08-27,96010.0
164,2026-08-28,95680.0
164,2026-08-29,95120.0
164,2026-08-30,94860.0
164,2026-08-31,95910.0
164,2026-09-01,94790.0
164,2026-09-02,93800.0
164,2026-09-03,94200.0
164,2026-09-04,93080.0
164,2026-09-05,93870.0
164,2026-09-06,92920.0
164,2026-09-07,92210.0
164,2026-09-08,92280.0
164,2026-09-09,90420.0
164,2026-09-10,90410.0
164,2026-09-11,90010.0
164,2026-09-12,90670.0
164,2026-09-13,91520.0
164,2026-09-14,91550.0
164,2026-09-15,90010.0
164,2026-09-16,89560.0
164,2026-09-17,87490.0
164,2026-09-18,88090.0
164,2026-09-19,87560.0
164,2026-09-20,87340.0
164,2026-09-21,87330.0
164,2026-09-22,86760.0
165,2026-08-24,258570.0
165,2026-08-25,263020.0
165,2026-08-26,258430.0
165,2026-08-27,260070.0
165,2026-08-28,262750.0
165,2026-08-29,255830.0
165,2026-08-30,251650.0
165,2026-08-31,255150.0
165,2026-09-01,256930.0
165,2026-09-02,257670.0
165,2026-09-03,250360.0
165,2026-09-04,252820.0
165,2026-09-05,249940.0
165,2026-09-06,249680.0
165,2026-09-07,254180.0
165,2026-09-08,244960.0
165,2026-09-09,247490.0
165,2026-09-10,246940.0
165,2026-09-11,247200.0
165,2026-09-12,244270.0
165,2026-09-13,243710.0
165,2026-09-14,241350.0
165,2026-09-15,241700.0
165,2026-09-16,239510.0
165,2026-09-17,240460.0
165,2026-09-18,237520.0
165,2026-09-19,238030.0
165,2026-09-20,236250.0
165,2026-09-21,237580.0
165,2026-09-22,234270.0
166,2026-08-24,256530.0
166,2026-08-25,261450.0
166,2026-08-26,256210.0
166,2026-08-27,255700.0
166,2026-08-28,254810.0
166,2026-08-29,257650.0
166,2026-08-30,249790.0
166,2026-08-31,259080.0
166,2026-09-01,254010.0
166,2026-09-02,251380.0
166,2026-09-03,249830.0
166,2026-09-04,249490.0
166,2026-09-05,248940.0
166,2026-09-06,248180.0
166,2026-09-07,247000.0
166,2026-09-08,245080.0
166,2026-09-09,243510.0
166,2026-09-10,242600.0
166,2026-09-11,241510.0
166,2026-09-12,243100.0
166,2026-09-13,241040.0
166,2026-09-14,233130.0
166,2026-09-15,239150.0
166,2026-09-16,237240.0
166,2026-09-17,235820.0
166,2026-09-18,234090.0
166,2026-09-19,236040.0
166,2026-09-20,234690.0
166,2026-09-21,230320.0
166,2026-09-22,231620.0
167,2026-08-24,61580.0
167,2026-08-25,61170.0
167,2026-08-26,61320.0
167,2026-08-27,61830.0
167,2026-08-28,61660.0
167,2026-08-29,61240.0
167,2026-08-30,61130.0
167,2026-08-31,60810.0
167,2026-09-01,60040.0
167,2026-09-02,60350.0
167,2026-09-03,60320.0
167,2026-09-04,60080.0
167,2026-09-05,60080.0
167,2026-09-06,59640.0
167,2026-09-07,59250.0
167,2026-09-08,59390.0
167,2026-09-09,58650.0
167,2026-09-10,58020.0
167,2026-09-11,58160.0
167,2026-09-12,57670.0
167,2026-09-13,57490.0
167,2026-09-14,57530.0
167,2026-09-15,57010.0
167,2026-09-16,57030.0
167,2026-09-17,56060.0
167,2026-09-18,56860.0
167,2026-09-19,56550.0
167,2026-09-20,55940.0
167,2026-09-21,56440.0
167,2026-09-22,56360.0
168,2026-08-24,108520.0
168,2026-08-25,108750.0
168,2026-08-26,108270.0
168,2026-08-27,107660.0
168,2026-08-28,108660.0
168,2026-08-29,107340.0
168,2026-08-30,106810.0
168,2026-08-31,104890.0
168,2026-09-01,106620.0
168,2026-09-02,104590.0
168,2026-09-03,105200.0
168,2026-09-04,104910.0
168,2026-09-05,105330.0
168,2026-09-06,102650.0
168,2026-09-07,100750.0
168,2026-09-08,102940.0
168,2026-09-09,103820.0
168,2026-09-10,102880.0
168,2026-09-11,101550.0
168,2026-09-12,100500.0
168,2026-09-13,101110.0
168,2026-09-14,99160.0
168,2026-09-15,99890.0
168,2026-09-16,99440.0
168,2026-09-17,99430.0
168,2026-09-18,100370.0
168,2026-09-19,97940.0
168,2026-09-20,96720.0
168,2026-09-21,96650.0
168,2026-09-22,94730.0
169,2026-08-24,208610.0
169,2026-08-25,208290.0
169,2026-08-26,207340.0
169,2026-08-27,207640.0
169,2026-08-28,205330.0
169,2026-08-29,207620.0
169,2026-08-30,205090.0
169,2026-08-31,204300.0
169,2026-09-01,203030.0
169,2026-09-02,203020.0
169,2026-09-03,203300.0
169,2026-09-04,199880.0
169,2026-09-05,199430.0
169,2026-09-06,199220.0
169,2026-09-07,196810.0
169,2026-09-08,196870.0
169,2026-09-09,196640.0
169,2026-09-10,197990.0
169,2026-09-11,196260.0
169,2026-09-12,195380.0
169,2026-09-13,195640.0
169,2026-09-14,193320.0
169,2026-09-15,193380.0
169,2026-09-16,191840.0
169,2026-09-17,191640.0
169,2026-09-18,189540.0
169,2026-09-19,185860.0
169,2026-09-20,188710.0
169,2026-09-21,190380.0
169,2026-09-22,188830.0
170,2026-08-24,45820.0
170,2026-08-25,45770.0
170,2026-08-26,45240.0
170,2026-08-27,45140.0
170,2026-08-28,44730.0
170,2026-08-29,44690.0
170,2026-08-30,44880.0
170,2026-08-31,44950.0
170,2026-09-01,44350.0
170,2026-09-02,44110.0
170,2026-09-03,44130.0
170,2026-09-04,44200.0
170,2026-09-05,43350.0
170,2026-09-06,42920.0
170,2026-09-07,43390.0
170,2026-09-08,43030.0
170,2026-09-09,43140.0
170,2026-09-10,43130.0
170,2026-09-11,42880.0
170,2026-09-12,43410.0
170,2026-09-13,42880.0
170,2026-09-14,42740.0
170,2026-09-15,42710.0
170,2026-09-16,41970.0
170,2026-09-17,42590.0
170,2026-09-18,42070.0
170,2026-09-19,42190.0
170,2026-09-20,41450.0
170,2026-09-21,41150.0
170,2026-09-22,41830.0
171,2026-08-24,31930.0
171,2026-08-25,31520.0
171,2026-08-26,31430.0
171,2026-08-27,31830.0
171,2026-08-28,31160.0
171,2026-08-29,31760.0
171,2026-08-30,31040.0
171,2026-08-31,31330.0
171,2026-09-01,30990.0
171,2026-09-02,31130.0
171,2026-09-03,30750.0
171,2026-09-04,30750.0
171,2026-09-05,30700.0
171,2026-09-06,30350.0
171,2026-09-07,30680.0
171,2026-09-08,30280.0
171,2026-09-09,30250.0
171,2026-09-10,29970.0
171,2026-09-11,29490.0
171,2026-09-12,29980.0
171,2026-09-13,30530.0
171,2026-09-14,30030.0
171,2026-09-15,29740.0
171,2026-09-16,29580.0
171,2026-09-17,29560.0
171,2026-09-18,29590.0
171,2026-09-19,29070.0
171,2026-09-20,29540.0
171,2026-09-21,29350.0
171,2026-09-22,29250.0
172,2026-08-24,234270.0
172,2026-08-25,232830.0
172,2026-08-26,233310.0
172,2026-08-27,232470.0
172,2026-08-28,230090.0
172,2026-08-29,229000.0
172,2026-08-30,229530.0
172,2026-08-31,231430.0
172,2026-09-01,225740.0
172,2026-09-02,224640.0
172,2026-09-03,226880.0
172,2026-09-04,225990.0
172,2026-09-05,225520.0
172,2026-09-06,224960.0
172,2026-09-07,223430.0
172,2026-09-08,225810.0
172,2026-09-09,219580.0
172,2026-09-10,220270.0
172,2026-09-11,220880.0
172,2026-09-12,217430.0
172,2026-09-13,219380.0
172,2026-09-14,221980.0
172,2026-09-15,218350.0
172,2026-09-16,218040.0
172,2026-09-17,214670.0
172,2026-09-18,215140.0
172,2026-09-19,214880.0
172,2026-09-20,214290.0
172,2026-09-21,216470.0
172,2026-09-22,214490.0
173,2026-08-24,34200.0
173,2026-08-25,34400.0
173,2026-08-26,34310.0
173,2026-08-27,34330.0
173,2026-08-28,34300.0
173,2026-08-29,33470.0
173,2026-08-30,33380.0
173,2026-08-31,33110.0
173,2026-09-01,33230.0
173,2026-09-02,33260.0
173,2026-09-03,33240.0
173,2026-09-04,32820.0
173,2026-09-05,32600.0
173,2026-09-06,32580.0
173,2026-09-07,32170.0
173,2026-09-08,32780.0
173,2026-09-09,31670.0
173,2026-09-10,31990.0
173,2026-09-11,32320.0
173,2026-09-12,31640.0
173,2026-09-13,31440.0
173,2026-09-14,31250.0
173,2026-09-15,31140.0
173,2026-09-16,31400.0
173,2026-09-17,30320.0
173,2026-09-18,31140.0
173,2026-09-19,30220.0
173,2026-09-20,30370.0
173,2026-09-21,30180.0
173,2026-09-22,30300.0
174,2026-08-24,40940.0
174,2026-08-25,41410.0
174,2026-08-26,41730.0
174,2026-08-27,40490.0
174,2026-08-28,40800.0
174,2026-08-29,40360.0
174,2026-08-30,40520.0
174,2026-08-31,40220.0
174,2026-09-01,39830.0
174,2026-09-02,40010.0
174,2026-09-03,40250.0
174,2026-09-04,39450.0
174,2026-09-05,39560.0
174,2026-09-06,38750.0
174,2026-09-07,38680.0
174,2026-09-08,38950.0
174,2026-09-09,39100.0
174,2026-09-10,38570.0
174,2026-09-11,38180.0
174,2026-09-12,38100.0
174,2026-09-13,37530.0
174,2026-09-14,37940.0
174,2026-09-15,37850.0
174,2026-09-16,37250.0
174,2026-09-17,37070.0
174,2026-09-18,37130.0
174,2026-09-19,36730.0
174,2026-09-20,36670.0
174,2026-09-21,37180.0
174,2026-09-22,36260.0
175,2026-08-24,65660.0
175,2026-08-25,65310.0
175,2026-08-26,65810.0
175,2026-08-27,65140.0
175,2026-08-28,64710.0
175,2026-08-29,65500.0
175,2026-08-30,65350.0
175,2026-08-31,64130.0
175,2026-09-01,63290.0
175,2026-09-02,64540.0
175,2026-09-03,63480.0
175,2026-09-04,64030.0
175,2026-09-05,62430.0
175,2026-09-06,63680.0
175,2026-09-07,62410.0
175,2026-09-08,63200.0
175,2026-09-09,62630.0
175,2026-09-10,61940.0
175,2026-09-11,62020.0
175,2026-09-12,62370.0
175,2026-09-13,61880.0
175,2026-09-14,61920.0
175,2026-09-15,62430.0
175,2026-09-16,60430.0
175,2026-09-17,61840.0
175,2026-09-18,60870.0
175,2026-09-19,60170.0
175,2026-09-20,59750.0
175,2026-09-21,60120.0
175,2026-09-22,60490.0
176,2026-08-24,128340.0
176,2026-08-25,129550.0
176,2026-08-26,126210.0
176,2026-08-27,127220.0
176,2026-08-28,125580.0
176,2026-08-29,126770.0
176,2026-08-30,126870.0
176,2026-08-31,125160.0
176,2026-09-01,122590.0
176,2026-09-02,124950.0
176,2026-09-03,124780.0
176,2026-09-04,124330.0
176,2026-09-05,124740.0
176,2026-09-06,122050.0
176,2026-09-07,123370.0
176,2026-09-08,123460.0
176,2026-09-09,120110.0
176,2026-09-10,121770.0
176,2026-09-11,120550.0
176,2026-09-12,120550.0
176,2026-09-13,120560.0
176,2026-09-14,119330.0
176,2026-09-15,118730.0
176,2026-09-16,119020.0
176,2026-09-17,117490.0
176,2026-09-18,117080.0
176,2026-09-19,118420.0
176,2026-09-20,116200.0
176,2026-09-21,117580.0
176,2026-09-22,116970.0
177,2026-08-24,241530.0
177,2026-08-25,242620.0
177,2026-08-26,245260.0
177,2026-08-27,240310.0
177,2026-08-28,240410.0
177,2026-08-29,241280.0
177,2026-08-30,241010.0
177,2026-08-31,238200.0
177,2026-09-01,236680.0
177,2026-09-02,239600.0
177,2026-09-03,239330.0
177,2026-09-04,237030.0
177,2026-09-05,234480.0
177,2026-09-06,231940.0
177,2026-09-07,231030.0
177,2026-09-08,232690.0
177,2026-09-09,231630.0
177,2026-09-10,232600.0
177,2026-09-11,230320.0
177,2026-09-12,225410.0
177,2026-09-13,229340.0
177,2026-09-14,224620.0
177,2026-09-15,224900.0
177,2026-09-16,225220.0
177,2026-09-17,227630.0
177,2026-09-18,228850.0
177,2026-09-19,223280.0
177,2026-09-20,220930.0
177,2026-09-21,221410.0
177,2026-09-22,221200.0
178,2026-08-24,251940.0
178,2026-08-25,255190.0
178,2026-08-26,251390.0
178,2026-08-27,251100.0
178,2026-08-28,250620.0
178,2026-08-29,249350.0
178,2026-08-30,249340.0
178,2026-08-31,245750.0
178,2026-09-01,245060.0
178,2026-09-02,243210.0
178,2026-09-03,245360.0
178,2026-09-04,245210.0
178,2026-09-05,243790.0
178,2026-09-06,245320.0
178,2026-09-07,241300.0
178,2026-09-08,241790.0
178,2026-09-09,237610.0
178,2026-09-10,238150.0
178,2026-09-11,239430.0
178,2026-09-12,238920.0
178,2026-09-13,235920.0
178,2026-09-14,235550.0
178,2026-09-15,231970.0
178,2026-09-16,233390.0
178,2026-09-17,234980.0
178,2026-09-18,233570.0
178,2026-09-19,232630.0
178,2026-09-20,230960.0
178,2026-09-21,230070.0
178,2026-09-22,227990.0
179,2026-08-24,233610.0
179,2026-08-25,232250.0
179,2026-08-26,231520.0
179,2026-08-27,228850.0
179,2026-08-28,225080.0
179,2026-08-29,230030.0
179,2026-08-30,226360.0
179,2026-08-31,224810.0
179,2026-09-01,226730.0
179,2026-09-02,223940.0
179,2026-09-03,225670.0
179,2026-09-04,224020.0
179,2026-09-05,223280.0
179,2026-09-06,218770.0
179,2026-09-07,222510.0
179,2026-09-08,219950.0
179,2026-09-09,217970.0
179,2026-09-10,218030.0
179,2026-09-11,213740.0
179,2026-09-12,216790.0
179,2026-09-13,213360.0
179,2026-09-14,211930.0
179,2026-09-15,210760.0
179,2026-09-16,214610.0
179,2026-09-17,210640.0
179,2026-09-18,213640.0
179,2026-09-19,209090.0
179,2026-09-20,206140.0
179,2026-09-21,206340.0
179,2026-09-22,209680.0
180,2026-08-24,76220.0
180,2026-08-25,75650.0
180,2026-08-26,75710.0
180,2026-08-27,75560.0
180,2026-08-28,75570.0
180,2026-08-29,75420.0
180,2026-08-30,74030.0
180,2026-08-31,73140.0
180,2026-09-01,73310.0
180,2026-09-02,73360.0
180,2026-09-03,72310.0
180,2026-09-04,71970.0
180,2026-09-05,72370.0
180,2026-09-06,71800.0
180,2026-09-07,71500.0
180,2026-09-08,70710.0
180,2026-09-09,70670.0
180,2026-09-10,69920.0
180,2026-09-11,70620.0
180,2026-09-12,70360.0
180,2026-09-13,68360.0
180,2026-09-14,68540.0
180,2026-09-15,67870.0
180,2026-09-16,68010.0
180,2026-09-17,68000.0
180,2026-09-18,66870.0
180,2026-09-19,66830.0
180,2026-09-20,66430.0
180,2026-09-21,66780.0
180,2026-09-22,66360.0
181,2026-08-24,91920.0
181,2026-08-25,92250.0
181,2026-08-26,91430.0
181,2026-08-27,91320.0
181,2026-08-28,92390.0
181,2026-08-29,91840.0
181,2026-08-30,89670.0
181,2026-08-31,90870.0
181,2026-09-01,90550.0
181,2026-09-02,88860.0
181,2026-09-03,89940.0
181,2026-09-04,90140.0
181,2026-09-05,87950.0
181,2026-09-06,87790.0
181,2026-09-07,88850.0
181,2026-09-08,88020.0
181,2026-09-09,87910.0
181,2026-09-10,87450.0
181,2026-09-11,87180.0
181,2026-09-12,85660.0
181,2026-09-13,87030.0
181,2026-09-14,86810.0
181,2026-09-15,85510.0
181,2026-09-16,85340.0
181,2026-09-17,83980.0
181,2026-09-18,85120.0
181,2026-09-19,84850.0
181,2026-09-20,84100.0
181,2026-09-21,84630.0
181,2026-09-22,83290.0
182,2026-08-24,258440.0
182,2026-08-25,254570.0
182,2026-08-26,255750.0
182,2026-08-27,254690.0
182,2026-08-28,254700.0
182,2026-08-29,252770.0
182,2026-08-30,252470.0
182,2026-08-31,253580.0
182,2026-09-01,250340.0
182,2026-09-02,247280.0
182,2026-09-03,253090.0
182,2026-09-04,251600.0
182,2026-09-05,245590.0
182,2026-09-06,248710.0
182,2026-09-07,245600.0
182,2026-09-08,246340.0
182,2026-09-09,245630.0
182,2026-09-10,243830.0
182,2026-09-11,241980.0
182,2026-09-12,241400.0
182,2026-09-13,240190.0
182,2026-09-14,239590.0
182,2026-09-15,240320.0
182,2026-09-16,238280.0
182,2026-09-17,240250.0
182,2026-09-18,241060.0
182,2026-09-19,236240.0
182,2026-09-20,237080.0
182,2026-09-21,236830.0
182,2026-09-22,236000.0
183,2026-08-24,84370.0
183,2026-08-25,84470.0
183,2026-08-26,83980.0
183,2026-08-27,82540.0
183,2026-08-28,83570.0
183,2026-08-29,83250.0
183,2026-08-30,81860.0
183,2026-08-31,82040.0
183,2026-09-01,82130.0
183,2026-09-02,81220.0
183,2026-09-03,81720.0
183,2026-09-04,82220.0
183,2026-09-05,79860.0
183,2026-09-06,79150.0
183,2026-09-07,79910.0
183,2026-09-08,79850.0
183,2026-09-09,78900.0
183,2026-09-10,79660.0
183,2026-09-11,77530.0
183,2026-09-12,78510.0
183,2026-09-13,77340.0
183,2026-09-14,78510.0
183,2026-09-15,78360.0
183,2026-09-16,76250.0
183,2026-09-17,76060.0
183,2026-09-18,76640.0
183,2026-09-19,75510.0
183,2026-09-20,75400.0
183,2026-09-21,75110.0
183,2026-09-22,73530.0
184,2026-08-24,242010.0
184,2026-08-25,239830.0
184,2026-08-26,239270.0
184,2026-08-27,241950.0
184,2026-08-28,236010.0
184,2026-08-29,238940.0
184,2026-08-30,235980.0
184,2026-08-31,235060.0
184,2026-09-01,236130.0
184,2026-09-02,234360.0
184,2026-09-03,233870.0
184,2026-09-04,233690.0
184,2026-09-05,230350.0
184,2026-09-06,228900.0
184,2026-09-07,227100.0
184,2026-09-08,226660.0
184,2026-09-09,232760.0
184,2026-09-10,228670.0
184,2026-09-11,222910.0
184,2026-09-12,222040.0
184,2026-09-13,224480.0
184,2026-09-14,223680.0
184,2026-09-15,222760.0
184,2026-09-16,220340.0
184,2026-09-17,219660.0
184,2026-09-18,219580.0
184,2026-09-19,218210.0
184,2026-09-20,212990.0
184,2026-09-21,215770.0
184,2026-09-22,213690.0
185,2026-08-24,216170.0
185,2026-08-25,220190.0
185,2026-08-26,215170.0
185,2026-08-27,213380.0
185,2026-08-28,214780.0
185,2026-08-29,213390.0
185,2026-08-30,212630.0
185,2026-08-31,212280.0
185,2026-09-01,214030.0
185,2026-09-02,208070.0
185,2026-09-03,210080.0
185,2026-09-04,207090.0
185,2026-09-05,208900.0
185,2026-09-06,205790.0
185,2026-09-07,205970.0
185,2026-09-08,205510.0
185,2026-09-09,206970.0
185,2026-09-10,206220.0
185,2026-09-11,201950.0
185,2026-09-12,203460.0
185,2026-09-13,201530.0
185,2026-09-14,199960.0
185,2026-09-15,201030.0
185,2026-09-16,200220.0
185,2026-09-17,204120.0
185,2026-09-18,200140.0
185,2026-09-19,196470.0
185,2026-09-20,197160.0
185,2026-09-21,199140.0
185,2026-09-22,200260.0
186,2026-08-24,78500.0
186,2026-08-25,78080.0
186,2026-08-26,80160.0
186,2026-08-27,79010.0
186,2026-08-28,78010.0
186,2026-08-29,78640.0
186,2026-08-30,76460.0
186,2026-08-31,77840.0
186,2026-09-01,77810.0
186,2026-09-02,77940.0
186,2026-09-03,76520.0
186,2026-09-04,76960.0
186,2026-09-05,76110.0
186,2026-09-06,76600.0
186,2026-09-07,75660.0
186,2026-09-08,75730.0
186,2026-09-09,75130.0
186,2026-09-10,75910.0
186,2026-09-11,75810.0
186,2026-09-12,74900.0
186,2026-09-13,74840.0
186,2026-09-14,73690.0
186,2026-09-15,74160.0
186,2026-09-16,74080.0
186,2026-09-17,75490.0
186,2026-09-18,72970.0
186,2026-09-19,74320.0
186,2026-09-20,73800.0
186,2026-09-21,73120.0
186,2026-09-22,73800.0
187,2026-08-24,149410.0
187,2026-08-25,148860.0
187,2026-08-26,147790.0
187,2026-08-27,148700.0
187,2026-08-28,147990.0
187,2026-08-29,145440.0
187,2026-08-30,144080.0
187,2026-08-31,144800.0
187,2026-09-01,143550.0
187,2026-09-02,143830.0
187,2026-09-03,144760.0
187,2026-09-04,142250.0
187,2026-09-05,142160.0
187,2026-09-06,141710.0
187,2026-09-07,142060.0
187,2026-09-08,137930.0
187,2026-09-09,139250.0
187,2026-09-10,139630.0
187,2026-09-11,140210.0
187,2026-09-12,137690.0
187,2026-09-13,135540.0
187,2026-09-14,137850.0
187,2026-09-15,135840.0
187,2026-09-16,134630.0
187,2026-09-17,134720.0
187,2026-09-18,134660.0
187,2026-09-19,133620.0
187,2026-09-20,131210.0
187,2026-09-21,134220.0
187,2026-09-22,134090.0
188,2026-08-24,176430.0
188,2026-08-25,173400.0
188,2026-08-26,173950.0
188,2026-08-27,173530.0
188,2026-08-28,173640.0
188,2026-08-29,173050.0
188,2026-08-30,170530.0
188,2026-08-31,170920.0
188,2026-09-01,170740.0
188,2026-09-02,171370.0
188,2026-09-03,169700.0
188,2026-09-04,169130.0
188,2026-09-05,167530.0
188,2026-09-06,168590.0
188,2026-09-07,166600.0
188,2026-09-08,164250.0
188,2026-09-09,166540.0
188,2026-09-10,164930.0
188,2026-09-11,162760.0
188,2026-09-12,162030.0
188,2026-09-13,162370.0
188,2026-09-14,161910.0
188,2026-09-15,160880.0
188,2026-09-16,160350.0
188,2026-09-17,161490.0
188,2026-09-18,159990.0
188,2026-09-19,158150.0
188,2026-09-20,158460.0
188,2026-09-21,155190.0
188,2026-09-22,156380.0
189,2026-08-24,103940.0
189,2026-08-25,101990.0
189,2026-08-26,101130.0
189,2026-08-27,100910.0
189,2026-08-28,100200.0
189,2026-08-29,100060.0
189,2026-08-30,100010.0
189,2026-08-31,98830.0
189,2026-09-01,99560.0
189,2026-09-02,99870.0
189,2026-09-03,98100.0
189,2026-09-04,99600.0
189,2026-09-05,98450.0
189,2026-09-06,98480.0
189,2026-09-07,96800.0
189,2026-09-08,97600.0
189,2026-09-09,95710.0
189,2026-09-10,96880.0
189,2026-09-11,95950.0
189,2026-09-12,95870.0
189,2026-09-13,94160.0
189,2026-09-14,94000.0
189,2026-09-15,94780.0
189,2026-09-16,93210.0
189,2026-09-17,93930.0
189,2026-09-18,92140.0
189,2026-09-19,93480.0
189,2026-09-20,91500.0
189,2026-09-21,92510.0
189,2026-09-22,92190.0
190,2026-08-24,248580.0
190,2026-08-25,250160.0
190,2026-08-26,248650.0
190,2026-08-27,246220.0
190,2026-08-28,244430.0
190,2026-08-29,241700.0
190,2026-08-30,245280.0
190,2026-08-31,240690.0
190,2026-09-01,243010.0
190,2026-09-02,241430.0
190,2026-09-03,242360.0
190,2026-09-04,239580.0
190,2026-09-05,238640.0
190,2026-09-06,239800.0
190,2026-09-07,238150.0
190,2026-09-08,237230.0
190,2026-09-09,236640.0
190,2026-09-10,231880.0
190,2026-09-11,235420.0
190,2026-09-12,234250.0
190,2026-09-13,230220.0
190,2026-09-14,230820.0
190,2026-09-15,230330.0
190,2026-09-16,229260.0
190,2026-09-17,229280.0
190,2026-09-18,230510.0
190,2026-09-19,228950.0
190,2026-09-20,223430.0
190,2026-09-21,226280.0
190,2026-09-22,226760.0
191,2026-08-24,218690.0
191,2026-08-25,218950.0
191,2026-08-26,219580.0
191,2026-08-27,217080.0
191,2026-08-28,214930.0
191,2026-08-29,215350.0
191,2026-08-30,213000.0
191,2026-08-31,211920.0
191,2026-09-01,210420.0
191,2026-09-02,212670.0
191,2026-09-03,207890.0
191,2026-09-04,210850.0
191,2026-09-05,208280.0
191,2026-09-06,204300.0
191,2026-09-07,206300.0
191,2026-09-08,201390.0
191,2026-09-09,204960.0
191,2026-09-10,204500.0
191,2026-09-11,201200.0
191,2026-09-12,201490.0
191,2026-09-13,203600.0
191,2026-09-14,198700.0
191,2026-09-15,196910.0
191,2026-09-16,200180.0
191,2026-09-17,200080.0
191,2026-09-18,196000.0
191,2026-09-19,196760.0
191,2026-09-20,196420.0
191,2026-09-21,192130.0
191,2026-09-22,191670.0
192,2026-08-24,115870.0
192,2026-08-25,115860.0
192,2026-08-26,114480.0
192,2026-08-27,112820.0
192,2026-08-28,114910.0
192,2026-08-29,112320.0
192,2026-08-30,112090.0
192,2026-08-31,112280.0
192,2026-09-01,112930.0
192,2026-09-02,111920.0
192,2026-09-03,111130.0
192,2026-09-04,110770.0
192,2026-09-05,110000.0
192,2026-09-06,110050.0
192,2026-09-07,106960.0
192,2026-09-08,108500.0
192,2026-09-09,108560.0
192,2026-09-10,106950.0
192,2026-09-11,107890.0
192,2026-09-12,106970.0
192,2026-09-13,108270.0
192,2026-09-14,107710.0
192,2026-09-15,105540.0
192,2026-09-16,105410.0
192,2026-09-17,105070.0
192,2026-09-18,104340.0
192,2026-09-19,104500.0
192,2026-09-20,103270.0
192,2026-09-21,102540.0
192,2026-09-22,103660.0
193,2026-08-24,227320.0
193,2026-08-25,223830.0
193,2026-08-26,225680.0
193,2026-08-27,222030.0
193,2026-08-28,222490.0
193,2026-08-29,222410.0
193,2026-08-30,219910.0
193,2026-08-31,219700.0
193,2026-09-01,217000.0
193,2026-09-02,216490.0
193,2026-09-03,215430.0
193,2026-09-04,213460.0
193,2026-09-05,213390.0
193,2026-09-06,210000.0
193,2026-09-07,210760.0
193,2026-09-08,210060.0
193,2026-09-09,209060.0
193,2026-09-10,208040.0
193,2026-09-11,207300.0
193,2026-09-12,207180.0
193,2026-09-13,206800.0
193,2026-09-14,203160.0
193,2026-09-15,201170.0
193,2026-09-16,200400.0
193,2026-09-17,200300.0
193,2026-09-18,199480.0
193,2026-09-19,197720.0
193,2026-09-20,195780.0
193,2026-09-21,196160.0
193,2026-09-22,196200.0
194,2026-08-24,145670.0
194,2026-08-25,143870.0
194,2026-08-26,143520.0
194,2026-08-27,142430.0
194,2026-08-28,142920.0
194,2026-08-29,141490.0
194,2026-08-30,142570.0
194,2026-08-31,139410.0
194,2026-09-01,140500.0
194,2026-09-02,140730.0
194,2026-09-03,140090.0
194,2026-09-04,142390.0
194,2026-09-05,139250.0
194,2026-09-06,137220.0
194,2026-09-07,137720.0
194,2026-09-08,135320.0
194,2026-09-09,136710.0
194,2026-09-10,135360.0
194,2026-09-11,136810.0
194,2026-09-12,134650.0
194,2026-09-13,134620.0
194,2026-09-14,133530.0
194,2026-09-15,135680.0
194,2026-09-16,132860.0
194,2026-09-17,134760.0
194,2026-09-18,133100.0
194,2026-09-19,132220.0
194,2026-09-20,131580.0
194,2026-09-21,131100.0
194,2026-09-22,127980.0
195,2026-08-24,112550.0
195,2026-08-25,113210.0
195,2026-08-26,112100.0
195,2026-08-27,110590.0
195,2026-08-28,111450.0
195,2026-08-29,112650.0
195,2026-08-30,111930.0
195,2026-08-31,110460.0
195,2026-09-01,111020.0
195,2026-09-02,109540.0
195,2026-09-03,108050.0
195,2026-09-04,108400.0
195,2026-09-05,110250.0
195,2026-09-06,108320.0
195,2026-09-07,108020.0
195,2026-09-08,107650.0
195,2026-09-09,109240.0
195,2026-09-10,108670.0
195,2026-09-11,108860.0
195,2026-09-12,106460.0
195,2026-09-13,106530.0
195,2026-09-14,104630.0
195,2026-09-15,106910.0
195,2026-09-16,104280.0
195,2026-09-17,105160.0
195,2026-09-18,103690.0
195,2026-09-19,103810.0
195,2026-09-20,103270.0
195,2026-09-21,103140.0
195,2026-09-22,102870.0
196,2026-08-24,111200.0
196,2026-08-25,111980.0
196,2026-08-26,109960.0
196,2026-08-27,110690.0
196,2026-08-28,111140.0
196,2026-08-29,109300.0
196,2026-08-30,108740.0
196,2026-08-31,108760.0
196,2026-09-01,109560.0
196,2026-09-02,108340.0
196,2026-09-03,107350.0
196,2026-09-04,107810.0
196,2026-09-05,106090.0
196,2026-09-06,107200.0
196,2026-09-07,106590.0
196,2026-09-08,105600.0
196,2026-09-09,104760.0
196,2026-09-10,104340.0
196,2026-09-11,105150.0
196,2026-09-12,105340.0
196,2026-09-13,103390.0
196,2026-09-14,103920.0
196,2026-09-15,101390.0
196,2026-09-16,102270.0
196,2026-09-17,102350.0
196,2026-09-18,101220.0
196,2026-09-19,100810.0
196,2026-09-20,100650.0
196,2026-09-21,101070.0
196,2026-09-22,100280.0
197,2026-08-24,206660.0
197,2026-08-25,206110.0
197,2026-08-26,207810.0
197,2026-08-27,208790.0
197,2026-08-28,202880.0
197,2026-08-29,205760.0
197,2026-08-30,204980.0
197,2026-08-31,207320.0
197,2026-09-01,203720.0
197,2026-09-02,204220.0
197,2026-09-03,203090.0
197,2026-09-04,198690.0
197,2026-09-05,202620.0
197,2026-09-06,200990.0
197,2026-09-07,200720.0
197,2026-09-08,205490.0
197,2026-09-09,195060.0
197,2026-09-10,200460.0
197,2026-09-11,196470.0
197,2026-09-12,196660.0
197,2026-09-13,195380.0
197,2026-09-14,194030.0
197,2026-09-15,193050.0
197,2026-09-16,193760.0
197,2026-09-17,190040.0
197,2026-09-18,192960.0
197,2026-09-19,190340.0
197,2026-09-20,188450.0
197,2026-09-21,188800.0
197,2026-09-22,190810.0
198,2026-08-24,217890.0
198,2026-08-25,218590.0
198,2026-08-26,216010.0
198,2026-08-27,217690.0
198,2026-08-28,216790.0
198,2026-08-29,217940.0
198,2026-08-30,213810.0
198,2026-08-31,214430.0
198,2026-09-01,212700.0
198,2026-09-02,213910.0
198,2026-09-03,209790.0
198,2026-09-04,211440.0
198,2026-09-05,209100.0
198,2026-09-06,208540.0
198,2026-09-07,208010.0
198,2026-09-08,207500.0
198,2026-09-09,206110.0
198,2026-09-10,205880.0
198,2026-09-11,207360.0
198,2026-09-12,205600.0
198,2026-09-13,204620.0
198,2026-09-14,201650.0
198,2026-09-15,200150.0
198,2026-09-16,202430.0
198,2026-09-17,201520.0
198,2026-09-18,201730.0
198,2026-09-19,197510.0
198,2026-09-20,197350.0
198,2026-09-21,194230.0
198,2026-09-22,195520.0
199,2026-08-24,78650.0
199,2026-08-25,77470.0
199,2026-08-26,77820.0
199,2026-08-27,77020.0
199,2026-08-28,77020.0
199,2026-08-29,75840.0
199,2026-08-30,76260.0
199,2026-08-31,74120.0
199,2026-09-01,75490.0
199,2026-09-02,74320.0
199,2026-09-03,75700.0
199,2026-09-04,75140.0
199,2026-09-05,74650.0
199,2026-09-06,74970.0
199,2026-09-07,73190.0
199,2026-09-08,74490.0
199,2026-09-09,73690.0
199,2026-09-10,72690.0
199,2026-09-11,73200.0
199,2026-09-12,71560.0
199,2026-09-13,71420.0
199,2026-09-14,71240.0
199,2026-09-15,70980.0
199,2026-09-16,70360.0
199,2026-09-17,71410.0
199,2026-09-18,70220.0
199,2026-09-19,70270.0
199,2026-09-20,69420.0
199,2026-09-21,68360.0
199,2026-09-22,69300.0
200,2026-08-24,203760.0
200,2026-08-25,205790.0
200,2026-08-26,202890.0
200,2026-08-27,207290.0
200,2026-08-28,204750.0
200,2026-08-29,202630.0
200,2026-08-30,203580.0
200,2026-08-31,199420.0
200,2026-09-01,200730.0
200,2026-09-02,199340.0
200,2026-09-03,198580.0
200,2026-09-04,199300.0
200,2026-09-05,197600.0
200,2026-09-06,196040.0
200,2026-09-07,192140.0
200,2026-09-08,192370.0
200,2026-09-09,192820.0
200,2026-09-10,192300.0
200,2026-09-11,189520.0
200,2026-09-12,194220.0
200,2026-09-13,191950.0
200,2026-09-14,189660.0
200,2026-09-15,187970.0
200,2026-09-16,186670.0
200,2026-09-17,184650.0
200,2026-09-18,185400.0
200,2026-09-19,184830.0
200,2026-09-20,181620.0
200,2026-09-21,183230.0
200,2026-09-22,181610.0
201,2026-08-24,22430.0
201,2026-08-25,22540.0
201,2026-08-26,22560.0
201,2026-08-27,22890.0
201,2026-08-28,22590.0
201,2026-08-29,22190.0
201,2026-08-30,22440.0
201,2026-08-31,22020.0
201,2026-09-01,22410.0
201,2026-09-02,22080.0
201,2026-09-03,22070.0
201,2026-09-04,22250.0
201,2026-09-05,21730.0
201,2026-09-06,21650.0
201,2026-09-07,21720.0
201,2026-09-08,21940.0
201,2026-09-09,21420.0
201,2026-09-10,21130.0
201,2026-09-11,21470.0
201,2026-09-12,21580.0
201,2026-09-13,21630.0
201,2026-09-14,21270.0
201,2026-09-15,21210.0
201,2026-09-16,21420.0
201,2026-09-17,20820.0
201,2026-09-18,21020.0
201,2026-09-19,21050.0
201,2026-09-20,21030.0
201,2026-09-21,20790.0
201,2026-09-22,20820.0
202,2026-08-24,4700.0
202,2026-08-25,4750.0
202,2026-08-26,4770.0
202,2026-08-27,4700.0
202,2026-08-28,4720.0
202,2026-08-29,4710.0
202,2026-08-30,4670.0
202,2026-08-31,4670.0
202,2026-09-01,4610.0
202,2026-09-02,4620.0
202,2026-09-03,4630.0
202,2026-09-04,4590.0
202,2026-09-05,4550.0
202,2026-09-06,4560.0
202,2026-09-07,4560.0
202,2026-09-08,4440.0
202,2026-09-09,4540.0
202,2026-09-10,4470.0
202,2026-09-11,4480.0
202,2026-09-12,4490.0
202,2026-09-13,4370.0
202,2026-09-14,4380.0
202,2026-09-15,4380.0
202,2026-09-16,4340.0
202,2026-09-17,4410.0
202,2026-09-18,4300.0
202,2026-09-19,4290.0
202,2026-09-20,4300.0
202,2026-09-21,4230.0
202,2026-09-22,4240.0
203,2026-08-24,30200.0
203,2026-08-25,29960.0
203,2026-08-26,29920.0
203,2026-08-27,29730.0
203,2026-08-28,29410.0
203,2026-08-29,29740.0
203,2026-08-30,29980.0
203,2026-08-31,29490.0
203,2026-09-01,29450.0
203,2026-09-02,29470.0
203,2026-09-03,28930.0
203,2026-09-04,29520.0
203,2026-09-05,29080.0
203,2026-09-06,29320.0
203,2026-09-07,28690.0
203,2026-09-08,29180.0
203,2026-09-09,28850.0
203,2026-09-10,28710.0
203,2026-09-11,28540.0
203,2026-09-12,28340.0
203,2026-09-13,28590.0
203,2026-09-14,28250.0
203,2026-09-15,27680.0
203,2026-09-16,27780.0
203,2026-09-17,27900.0
203,2026-09-18,27930.0
203,2026-09-19,27750.0
203,2026-09-20,27950.0
203,2026-09-21,27140.0
203,2026-09-22,27530.0
204,2026-08-24,18080.0
204,2026-08-25,18370.0
204,2026-08-26,18180.0
204,2026-08-27,18180.0
204,2026-08-28,17930.0
204,2026-08-29,18160.0
204,2026-08-30,18050.0
204,2026-08-31,17920.0
204,2026-09-01,17750.0
204,2026-09-02,17770.0
204,2026-09-03,17520.0
204,2026-09-04,17670.0
204,2026-09-05,17710.0
204,2026-09-06,17560.0
204,2026-09-07,17240.0
204,2026-09-08,17320.0
204,2026-09-09,17020.0
204,2026-09-10,17210.0
204,2026-09-11,17120.0
204,2026-09-12,16720.0
204,2026-09-13,16750.0
204,2026-09-14,16800.0
204,2026-09-15,16730.0
204,2026-09-16,16530.0
204,2026-09-17,16690.0
204,2026-09-18,16600.0
204,2026-09-19,16460.0
204,2026-09-20,16310.0
204,2026-09-21,16490.0
204,2026-09-22,16510.0
205,2026-08-24,16490.0
205,2026-08-25,16400.0
205,2026-08-26,16480.0
205,2026-08-27,16300.0
205,2026-08-28,16270.0
205,2026-08-29,16310.0
205,2026-08-30,15910.0
205,2026-08-31,16250.0
205,2026-09-01,16030.0
205,2026-09-02,15900.0
205,2026-09-03,15880.0
205,2026-09-04,15820.0
205,2026-09-05,15540.0
205,2026-09-06,15880.0
205,2026-09-07,15630.0
205,2026-09-08,15620.0
205,2026-09-09,15610.0
205,2026-09-10,15300.0
205,2026-09-11,15420.0
205,2026-09-12,15260.0
205,2026-09-13,15340.0
205,2026-09-14,14890.0
205,2026-09-15,15090.0
205,2026-09-16,14960.0
205,2026-09-17,15020.0
205,2026-09-18,14960.0
205,2026-09-19,14740.0
205,2026-09-20,14680.0
205,2026-09-21,14690.0
205,2026-09-22,14520.0
206,2026-08-24,40580.0
206,2026-08-25,40070.0
206,2026-08-26,39160.0
206,2026-08-27,39790.0
206,2026-08-28,39450.0
206,2026-08-29,39120.0
206,2026-08-30,39100.0
206,2026-08-31,39370.0
206,2026-09-01,39600.0
206,2026-09-02,39150.0
206,2026-09-03,38730.0
206,2026-09-04,38910.0
206,2026-09-05,38490.0
206,2026-09-06,38280.0
206,2026-09-07,38000.0
206,2026-09-08,37670.0
206,2026-09-09,37950.0
206,2026-09-10,37970.0
206,2026-09-11,37750.0
206,2026-09-12,37510.0
206,2026-09-13,37210.0
206,2026-09-14,37540.0
206,2026-09-15,36820.0
206,2026-09-16,37310.0
206,2026-09-17,36630.0
206,2026-09-18,36560.0
206,2026-09-19,36210.0
206,2026-09-20,36360.0
206,2026-09-21,36670.0
206,2026-09-22,36380.0
207,2026-08-24,34060.0
207,2026-08-25,33810.0
207,2026-08-26,33270.0
207,2026-08-27,33330.0
207,2026-08-28,33090.0
207,2026-08-29,33500.0
207,2026-08-30,32720.0
207,2026-08-31,33120.0
207,2026-09-01,32990.0
207,2026-09-02,33100.0
207,2026-09-03,32400.0
207,2026-09-04,32550.0
207,2026-09-05,32820.0
207,2026-09-06,31950.0
207,2026-09-07,31590.0
207,2026-09-08,31370.0
207,2026-09-09,31900.0
207,2026-09-10,31110.0
207,2026-09-11,31360.0
207,2026-09-12,31440.0
207,2026-09-13,31240.0
207,2026-09-14,31170.0
207,2026-09-15,30990.0
207,2026-09-16,31130.0
207,2026-09-17,30430.0
207,2026-09-18,30370.0
207,2026-09-19,30210.0
207,2026-09-20,30490.0
207,2026-09-21,30380.0
207,2026-09-22,30130.0
208,2026-08-24,32160.0
208,2026-08-25,31460.0
208,2026-08-26,32040.0
208,2026-08-27,31880.0
208,2026-08-28,31570.0
208,2026-08-29,31710.0
208,2026-08-30,30740.0
208,2026-08-31,30900.0
208,2026-09-01,30730.0
208,2026-09-02,30960.0
208,2026-09-03,30410.0
208,2026-09-04,30730.0
208,2026-09-05,30760.0
208,2026-09-06,30480.0
208,2026-09-07,30260.0
208,2026-09-08,29820.0
208,2026-09-09,29740.0
208,2026-09-10,30130.0
208,2026-09-11,29900.0
208,2026-09-12,29570.0
208,2026-09-13,29360.0
208,2026-09-14,28850.0
208,2026-09-15,28960.0
208,2026-09-16,29570.0
208,2026-09-17,28670.0
208,2026-09-18,28910.0
208,2026-09-19,28990.0
208,2026-09-20,28310.0
208,2026-09-21,28550.0
208,2026-09-22,28610.0
209,2026-08-24,18440.0
209,2026-08-25,18770.0
209,2026-08-26,18060.0
209,2026-08-27,18380.0
209,2026-08-28,18140.0
209,2026-08-29,18210.0
209,2026-08-30,18090.0
209,2026-08-31,17860.0
209,2026-09-01,17930.0
209,2026-09-02,17570.0
209,2026-09-03,17850.0
209,2026-09-04,17740.0
209,2026-09-05,17720.0
209,2026-09-06,17710.0
209,2026-09-07,17550.0
209,2026-09-08,17450.0
209,2026-09-09,17230.0
209,2026-09-10,17190.0
209,2026-09-11,17390.0
209,2026-09-12,17360.0
209,2026-09-13,17060.0
209,2026-09-14,17030.0
209,2026-09-15,16830.0
209,2026-09-16,17050.0
209,2026-09-17,16920.0
209,2026-09-18,17030.0
209,2026-09-19,16560.0
209,2026-09-20,16570.0
209,2026-09-21,16580.0
209,2026-09-22,16580.0
210,2026-08-24,17810.0
210,2026-08-25,17670.0
210,2026-08-26,17860.0
210,2026-08-27,17780.0
210,2026-08-28,17510.0
210,2026-08-29,17770.0
210,2026-08-30,17690.0
210,2026-08-31,17500.0
210,2026-09-01,17440.0
210,2026-09-02,17450.0
210,2026-09-03,17210.0
210,2026-09-04,17280.0
210,2026-09-05,16930.0
210,2026-09-06,17290.0
210,2026-09-07,16910.0
210,2026-09-08,17280.0
210,2026-09-09,16970.0
210,2026-09-10,16940.0
210,2026-09-11,16830.0
210,2026-09-12,16830.0
210,2026-09-13,17010.0
210,2026-09-14,16420.0
210,2026-09-15,16890.0
210,2026-09-16,16710.0
210,2026-09-17,16440.0
210,2026-09-18,16410.0
210,2026-09-19,16740.0
210,2026-09-20,16330.0
210,2026-09-21,16250.0
210,2026-09-22,16510.0
211,2026-08-24,21240.0
211,2026-08-25,20970.0
211,2026-08-26,21090.0
211,2026-08-27,20820.0
211,2026-08-28,21090.0
211,2026-08-29,21020.0
211,2026-08-30,20860.0
211,2026-08-31,20770.0
211,2026-09-01,20920.0
211,2026-09-02,20570.0
211,2026-09-03,20310.0
211,2026-09-04,20510.0
211,2026-09-05,20700.0
211,2026-09-06,20130.0
211,2026-09-07,20170.0
211,2026-09-08,20230.0
211,2026-09-09,20080.0
211,2026-09-10,19860.0
211,2026-09-11,20140.0
211,2026-09-12,20260.0
211,2026-09-13,19850.0
211,2026-09-14,19600.0
211,2026-09-15,19430.0
211,2026-09-16,19650.0
211,2026-09-17,19720.0
211,2026-09-18,19550.0
211,2026-09-19,19410.0
211,2026-09-20,19240.0
211,2026-09-21,19090.0
211,2026-09-22,19340.0
212,2026-08-24,38370.0
212,2026-08-25,37530.0
212,2026-08-26,38330.0
212,2026-08-27,37910.0
212,2026-08-28,38040.0
212,2026-08-29,37110.0
212,2026-08-30,36980.0
212,2026-08-31,37220.0
212,2026-09-01,37290.0
212,2026-09-02,37550.0
212,2026-09-03,37110.0
212,2026-09-04,36710.0
212,2026-09-05,36360.0
212,2026-09-06,36900.0
212,2026-09-07,36140.0
212,2026-09-08,36780.0
212,2026-09-09,36100.0
212,2026-09-10,36530.0
212,2026-09-11,36140.0
212,2026-09-12,35780.0
212,2026-09-13,35550.0
212,2026-09-14,35480.0
212,2026-09-15,35590.0
212,2026-09-16,35360.0
212,2026-09-17,35040.0
212,2026-09-18,35050.0
212,2026-09-19,35000.0
212,2026-09-20,34230.0
212,2026-09-21,34870.0
212,2026-09-22,34330.0
213,2026-08-24,27480.0
213,2026-08-25,27260.0
213,2026-08-26,27130.0
213,2026-08-27,27120.0
213,2026-08-28,27150.0
213,2026-08-29,27620.0
213,2026-08-30,26990.0
213,2026-08-31,27030.0
213,2026-09-01,26980.0
213,2026-09-02,26810.0
213,2026-09-03,26670.0
213,2026-09-04,26320.0
213,2026-09-05,26780.0
213,2026-09-06,26760.0
213,2026-09-07,25910.0
213,2026-09-08,25950.0
213,2026-09-09,26000.0
213,2026-09-10,25750.0
213,2026-09-11,25960.0
213,2026-09-12,25590.0
213,2026-09-13,26110.0
213,2026-09-14,25790.0
213,2026-09-15,25480.0
213,2026-09-16,25550.0
213,2026-09-17,25460.0
213,2026-09-18,25010.0
213,2026-09-19,24850.0
213,2026-09-20,24930.0
213,2026-09-21,25000.0
213,2026-09-22,24740.0
214,2026-08-24,28920.0
214,2026-08-25,29010.0
214,2026-08-26,29090.0
214,2026-08-27,29010.0
214,2026-08-28,29390.0
214,2026-08-29,28550.0
214,2026-08-30,28900.0
214,2026-08-31,29040.0
214,2026-09-01,29140.0
214,2026-09-02,28450.0
214,2026-09-03,28570.0
214,2026-09-04,28510.0
214,2026-09-05,28340.0
214,2026-09-06,28200.0
214,2026-09-07,28230.0
214,2026-09-08,27480.0
214,2026-09-09,28130.0
214,2026-09-10,27920.0
214,2026-09-11,27760.0
214,2026-09-12,28190.0
214,2026-09-13,27500.0
214,2026-09-14,27480.0
214,2026-09-15,27940.0
214,2026-09-16,27220.0
214,2026-09-17,27200.0
214,2026-09-18,27210.0
214,2026-09-19,27350.0
214,2026-09-20,27130.0
214,2026-09-21,26710.0
214,2026-09-22,26800.0
215,2026-08-24,5930.0
215,2026-08-25,5930.0
215,2026-08-26,5930.0
215,2026-08-27,5910.0
215,2026-08-28,5800.0
215,2026-08-29,5900.0
215,2026-08-30,5850.0
215,2026-08-31,5880.0
215,2026-09-01,5810.0
215,2026-09-02,5820.0
215,2026-09-03,5770.0
215,2026-09-04,5790.0
215,2026-09-05,5740.0
215,2026-09-06,5690.0
215,2026-09-07,5770.0
215,2026-09-08,5690.0
215,2026-09-09,5660.0
215,2026-09-10,5550.0
215,2026-09-11,5530.0
215,2026-09-12,5580.0
215,2026-09-13,5560.0
215,2026-09-14,5500.0
215,2026-09-15,5520.0
215,2026-09-16,5560.0
215,2026-09-17,5500.0
215,2026-09-18,5400.0
215,2026-09-19,5420.0
215,2026-09-20,5370.0
215,2026-09-21,5370.0
215,2026-09-22,5350.0
216,2026-08-24,2900.0
216,2026-08-25,2880.0
216,2026-08-26,2890.0
216,2026-08-27,2870.0
216,2026-08-28,2810.0
216,2026-08-29,2910.0
216,2026-08-30,2880.0
216,2026-08-31,2840.0
216,2026-09-01,2840.0
216,2026-09-02,2800.0
216,2026-09-03,2850.0
216,2026-09-04,2850.0
216,2026-09-05,2800.0
216,2026-09-06,2810.0
216,2026-09-07,2780.0
216,2026-09-08,2740.0
216,2026-09-09,2750.0
216,2026-09-10,2750.0
216,2026-09-11,2730.0
216,2026-09-12,2720.0
216,2026-09-13,2720.0
216,2026-09-14,2710.0
216,2026-09-15,2700.0
216,2026-09-16,2660.0
216,2026-09-17,2660.0
216,2026-09-18,2640.0
216,2026-09-19,2680.0
216,2026-09-20,2600.0
216,2026-09-21,2670.0
216,2026-09-22,2660.0
217,2026-08-24,22050.0
217,2026-08-25,21570.0
217,2026-08-26,21860.0
217,2026-08-27,21830.0
217,2026-08-28,21580.0
217,2026-08-29,21570.0
217,2026-08-30,21830.0
217,2026-08-31,21590.0
217,2026-09-01,21240.0
217,2026-09-02,21030.0
217,2026-09-03,21160.0
217,2026-09-04,21090.0
217,2026-09-05,21120.0
217,2026-09-06,20860.0
217,2026-09-07,20940.0
217,2026-09-08,21100.0
217,2026-09-09,20820.0
217,2026-09-10,20580.0
217,2026-09-11,20470.0
217,2026-09-12,20350.0
217,2026-09-13,20520.0
217,2026-09-14,20130.0
217,2026-09-15,20150.0
217,2026-09-16,20070.0
217,2026-09-17,19880.0
217,2026-09-18,19650.0
217,2026-09-19,19850.0
217,2026-09-20,19690.0
217,2026-09-21,19700.0
217,2026-09-22,19430.0
218,2026-08-24,17030.0
218,2026-08-25,16700.0
218,2026-08-26,16960.0
218,2026-08-27,16460.0
218,2026-08-28,16680.0
218,2026-08-29,16620.0
218,2026-08-30,16390.0
218,2026-08-31,16480.0
218,2026-09-01,16530.0
218,2026-09-02,16020.0
218,2026-09-03,16300.0
218,2026-09-04,15860.0
218,2026-09-05,15990.0
218,2026-09-06,16260.0
218,2026-09-07,15910.0
218,2026-09-08,15780.0
218,2026-09-09,15840.0
218,2026-09-10,16060.0
218,2026-09-11,15500.0
218,2026-09-12,15540.0
218,2026-09-13,15800.0
218,2026-09-14,15780.0
218,2026-09-15,15470.0
218,2026-09-16,15260.0
218,2026-09-17,15620.0
218,2026-09-18,15490.0
218,2026-09-19,15310.0
218,2026-09-20,15060.0
218,2026-09-21,15100.0
218,2026-09-22,15020.0
219,2026-08-24,28300.0
219,2026-08-25,28460.0
219,2026-08-26,28260.0
219,2026-08-27,27750.0
219,2026-08-28,28200.0
219,2026-08-29,27890.0
219,2026-08-30,27890.0
219,2026-08-31,27980.0
219,2026-09-01,27350.0
219,2026-09-02,27500.0
219,2026-09-03,27310.0
219,2026-09-04,27010.0
219,2026-09-05,27340.0
219,2026-09-06,27730.0
219,2026-09-07,26710.0
219,2026-09-08,27020.0
219,2026-09-09,27080.0
219,2026-09-10,26890.0
219,2026-09-11,26760.0
219,2026-09-12,26420.0
219,2026-09-13,26680.0
219,2026-09-14,26380.0
219,2026-09-15,25990.0
219,2026-09-16,26640.0
219,2026-09-17,26510.0
219,2026-09-18,26240.0
219,2026-09-19,26190.0
219,2026-09-20,26300.0
219,2026-09-21,26030.0
219,2026-09-22,26100.0
220,2026-08-24,10390.0
220,2026-08-25,10480.0
220,2026-08-26,10370.0
220,2026-08-27,10320.0
220,2026-08-28,10170.0
220,2026-08-29,10260.0
220,2026-08-30,10130.0
220,2026-08-31,10110.0
220,2026-09-01,10060.0
220,2026-09-02,10000.0
220,2026-09-03,10220.0
220,2026-09-04,10120.0
220,2026-09-05,10130.0
220,2026-09-06,9850.0
220,2026-09-07,9910.0
220,2026-09-08,9770.0
220,2026-09-09,9780.0
220,2026-09-10,9730.0
220,2026-09-11,9860.0
220,2026-09-12,9690.0
220,2026-09-13,9770.0
220,2026-09-14,9700.0
220,2026-09-15,9800.0
220,2026-09-16,9460.0
220,2026-09-17,9640.0
220,2026-09-18,9600.0
220,2026-09-19,9390.0
220,2026-09-20,9510.0
220,2026-09-21,9430.0
220,2026-09-22,9340.0
221,2026-08-24,30460.0
221,2026-08-25,30380.0
221,2026-08-26,30930.0
221,2026-08-27,30340.0
221,2026-08-28,30420.0
221,2026-08-29,29940.0
221,2026-08-30,29830.0
221,2026-08-31,30160.0
221,2026-09-01,29480.0
221,2026-09-02,29600.0
221,2026-09-03,29590.0
221,2026-09-04,29510.0
221,2026-09-05,29330.0
221,2026-09-06,29360.0
221,2026-09-07,29320.0
221,2026-09-08,29220.0
221,2026-09-09,28710.0
221,2026-09-10,28770.0
221,2026-09-11,29010.0
221,2026-09-12,28830.0
221,2026-09-13,28190.0
221,2026-09-14,28490.0
221,2026-09-15,27830.0
221,2026-09-16,28200.0
221,2026-09-17,28530.0
221,2026-09-18,27750.0
221,2026-09-19,27670.0
221,2026-09-20,27940.0
221,2026-09-21,27290.0
221,2026-09-22,27400.0
222,2026-08-24,19420.0
222,2026-08-25,19160.0
222,2026-08-26,19150.0
222,2026-08-27,19220.0
222,2026-08-28,19100.0
222,2026-08-29,19000.0
222,2026-08-30,18840.0
222,2026-08-31,18870.0
222,2026-09-01,18730.0
222,2026-09-02,18740.0
222,2026-09-03,18520.0
222,2026-09-04,18500.0
222,2026-09-05,18310.0
222,2026-09-06,18370.0
222,2026-09-07,18190.0
222,2026-09-08,18070.0
222,2026-09-09,18200.0
222,2026-09-10,18120.0
222,2026-09-11,18130.0
222,2026-09-12,17880.0
222,2026-09-13,17930.0
222,2026-09-14,17880.0
222,2026-09-15,17790.0
222,2026-09-16,17530.0
222,2026-09-17,17600.0
222,2026-09-18,17550.0
222,2026-09-19,17430.0
222,2026-09-20,17050.0
222,2026-09-21,17310.0
222,2026-09-22,17540.0
223,2026-08-24,23610.0
223,2026-08-25,23480.0
223,2026-08-26,23620.0
223,2026-08-27,23550.0
223,2026-08-28,23650.0
223,2026-08-29,23130.0
223,2026-08-30,23430.0
223,2026-08-31,23350.0
223,2026-09-01,23150.0
223,2026-09-02,23170.0
223,2026-09-03,23240.0
223,2026-09-04,23150.0
223,2026-09-05,22720.0
223,2026-09-06,23010.0
223,2026-09-07,22790.0
223,2026-09-08,22750.0
223,2026-09-09,22690.0
223,2026-09-10,22580.0
223,2026-09-11,22770.0
223,2026-09-12,22470.0
223,2026-09-13,22220.0
223,2026-09-14,22290.0
223,2026-09-15,22330.0
223,2026-09-16,22460.0
223,2026-09-17,22280.0
223,2026-09-18,21950.0
223,2026-09-19,22500.0
223,2026-09-20,22030.0
223,2026-09-21,22150.0
223,2026-09-22,21830.0
224,2026-08-24,18990.0
224,2026-08-25,18960.0
224,2026-08-26,18940.0
224,2026-08-27,18840.0
224,2026-08-28,18740.0
224,2026-08-29,18500.0
224,2026-08-30,18390.0
224,2026-08-31,18450.0
224,2026-09-01,18460.0
224,2026-09-02,18220.0
224,2026-09-03,18330.0
224,2026-09-04,18310.0
224,2026-09-05,17900.0
224,2026-09-06,17840.0
224,2026-09-07,17860.0
224,2026-09-08,17860.0
224,2026-09-09,17660.0
224,2026-09-10,17860.0
224,2026-09-11,17650.0
224,2026-09-12,17520.0
224,2026-09-13,17240.0
224,2026-09-14,17180.0
224,2026-09-15,17340.0
224,2026-09-16,16920.0
224,2026-09-17,17300.0
224,2026-09-18,17050.0
224,2026-09-19,17470.0
224,2026-09-20,17260.0
224,2026-09-21,16830.0
224,2026-09-22,16770.0
225,2026-08-24,38790.0
225,2026-08-25,38840.0
225,2026-08-26,37700.0
225,2026-08-27,37500.0
225,2026-08-28,37690.0
225,2026-08-29,37890.0
225,2026-08-30,37700.0
225,2026-08-31,37720.0
225,2026-09-01,36890.0
225,2026-09-02,36400.0
225,2026-09-03,37180.0
225,2026-09-04,36530.0
225,2026-09-05,36020.0
225,2026-09-06,36500.0
225,2026-09-07,36540.0
225,2026-09-08,36110.0
225,2026-09-09,35850.0
225,2026-09-10,35780.0
225,2026-09-11,35570.0
225,2026-09-12,35120.0
225,2026-09-13,35150.0
225,2026-09-14,35360.0
225,2026-09-15,35140.0
225,2026-09-16,34940.0
225,2026-09-17,34440.0
225,2026-09-18,34520.0
225,2026-09-19,33780.0
225,2026-09-20,34310.0
225,2026-09-21,34530.0
225,2026-09-22,33510.0
226,2026-08-24,6380.0
226,2026-08-25,6400.0
226,2026-08-26,6410.0
226,2026-08-27,6300.0
226,2026-08-28,6260.0
226,2026-08-29,6170.0
226,2026-08-30,6240.0
226,2026-08-31,6300.0
226,2026-09-01,6180.0
226,2026-09-02,6140.0
226,2026-09-03,6130.0
226,2026-09-04,6080.0
226,2026-09-05,6010.0
226,2026-09-06,6060.0
226,2026-09-07,6000.0
226,2026-09-08,5960.0
226,2026-09-09,5890.0
226,2026-09-10,5970.0
226,2026-09-11,5910.0
226,2026-09-12,5820.0
226,2026-09-13,5860.0
226,2026-09-14,5760.0
226,2026-09-15,5720.0
226,2026-09-16,5690.0
226,2026-09-17,5610.0
226,2026-09-18,5690.0
226,2026-09-19,5550.0
226,2026-09-20,5550.0
226,2026-09-21,5480.0
226,2026-09-22,5540.0
227,2026-08-24,2980.0
227,2026-08-25,2960.0
227,2026-08-26,2940.0
227,2026-08-27,2920.0
227,2026-08-28,2940.0
227,2026-08-29,2910.0
227,2026-08-30,2910.0
227,2026-08-31,2870.0
227,2026-09-01,2880.0
227,2026-09-02,2900.0
227,2026-09-03,2870.0
227,2026-09-04,2830.0
227,2026-09-05,2830.0
227,2026-09-06,2810.0
227,2026-09-07,2800.0
227,2026-09-08,2780.0
227,2026-09-09,2770.0
227,2026-09-10,2770.0
227,2026-09-11,2730.0
227,2026-09-12,2710.0
227,2026-09-13,2690.0
227,2026-09-14,2670.0
227,2026-09-15,2670.0
227,2026-09-16,2690.0
227,2026-09-17,2650.0
227,2026-09-18,2670.0
227,2026-09-19,2640.0
227,2026-09-20,2590.0
227,2026-09-21,2630.0
227,2026-09-22,2620.0
228,2026-08-24,9290.0
228,2026-08-25,9360.0
228,2026-08-26,9250.0
228,2026-08-27,9290.0
228,2026-08-28,9170.0
228,2026-08-29,9100.0
228,2026-08-30,9180.0
228,2026-08-31,9170.0
228,2026-09-01,9130.0
228,2026-09-02,9050.0
228,2026-09-03,9080.0
228,2026-09-04,9100.0
228,2026-09-05,9050.0
228,2026-09-06,9040.0
228,2026-09-07,8960.0
228,2026-09-08,9060.0
228,2026-09-09,8870.0
228,2026-09-10,8960.0
228,2026-09-11,8990.0
228,2026-09-12,8910.0
228,2026-09-13,8840.0
228,2026-09-14,8790.0
228,2026-09-15,8880.0
228,2026-09-16,8670.0
228,2026-09-17,8680.0
228,2026-09-18,8700.0
228,2026-09-19,8790.0
228,2026-09-20,8700.0
228,2026-09-21,8580.0
228,2026-09-22,8600.0
229,2026-08-24,13280.0
229,2026-08-25,13220.0
229,2026-08-26,13340.0
229,2026-08-27,13060.0
229,2026-08-28,13310.0
229,2026-08-29,13180.0
229,2026-08-30,13160.0
229,2026-08-31,12950.0
229,2026-09-01,12940.0
229,2026-09-02,12760.0
229,2026-09-03,12800.0
229,2026-09-04,12850.0
229,2026-09-05,12890.0
229,2026-09-06,12600.0
229,2026-09-07,12620.0
229,2026-09-08,12590.0
229,2026-09-09,12420.0
229,2026-09-10,12570.0
229,2026-09-11,12390.0
229,2026-09-12,12400.0
229,2026-09-13,12320.0
229,2026-09-14,12240.0
229,2026-09-15,12270.0
229,2026-09-16,12200.0
229,2026-09-17,12130.0
229,2026-09-18,12050.0
229,2026-09-19,12110.0
229,2026-09-20,12190.0
229,2026-09-21,11990.0
229,2026-09-22,12030.0
230,2026-08-24,41050.0
230,2026-08-25,41410.0
230,2026-08-26,40880.0
230,2026-08-27,40630.0
230,2026-08-28,40730.0
230,2026-08-29,41210.0
230,2026-08-30,41000.0
230,2026-08-31,40650.0
230,2026-09-01,39960.0
230,2026-09-02,40250.0
230,2026-09-03,40280.0
230,2026-09-04,40110.0
230,2026-09-05,39340.0
230,2026-09-06,39510.0
230,2026-09-07,39640.0
230,2026-09-08,39700.0
230,2026-09-09,38710.0
230,2026-09-10,39220.0
230,2026-09-11,39180.0
230,2026-09-12,39280.0
230,2026-09-13,39100.0
230,2026-09-14,38930.0
230,2026-09-15,38370.0
230,2026-09-16,37890.0
230,2026-09-17,38230.0
230,2026-09-18,38540.0
230,2026-09-19,38540.0
230,2026-09-20,38190.0
230,2026-09-21,37970.0
230,2026-09-22,37820.0
231,2026-08-24,15410.0
231,2026-08-25,15390.0
231,2026-08-26,15540.0
231,2026-08-27,15180.0
231,2026-08-28,15410.0
231,2026-08-29,15130.0
231,2026-08-30,15260.0
231,2026-08-31,14880.0
231,2026-09-01,15050.0
231,2026-09-02,14840.0
231,2026-09-03,14700.0
231,2026-09-04,14830.0
231,2026-09-05,14860.0
231,2026-09-06,14580.0
231,2026-09-07,14440.0
231,2026-09-08,14550.0
231,2026-09-09,14490.0
231,2026-09-10,14500.0
231,2026-09-11,14480.0
231,2026-09-12,14310.0
231,2026-09-13,14470.0
231,2026-09-14,14220.0
231,2026-09-15,14090.0
231,2026-09-16,13880.0
231,2026-09-17,13980.0
231,2026-09-18,13910.0
231,2026-09-19,14000.0
231,2026-09-20,13880.0
231,2026-09-21,13630.0
231,2026-09-22,13720.0
232,2026-08-24,22890.0
232,2026-08-25,22920.0
232,2026-08-26,22700.0
232,2026-08-27,22570.0
232,2026-08-28,22340.0
232,2026-08-29,22290.0
232,2026-08-30,22330.0
232,2026-08-31,21780.0
232,2026-09-01,21840.0
232,2026-09-02,21660.0
232,2026-09-03,21740.0
232,2026-09-04,21780.0
232,2026-09-05,21360.0
232,2026-09-06,20940.0
232,2026-09-07,21170.0
232,2026-09-08,21290.0
232,2026-09-09,21110.0
232,2026-09-10,20980.0
232,2026-09-11,20750.0
232,2026-09-12,20480.0
232,2026-09-13,20670.0
232,2026-09-14,20330.0
232,2026-09-15,20740.0
232,2026-09-16,20350.0
232,2026-09-17,20050.0
232,2026-09-18,19930.0
232,2026-09-19,19910.0
232,2026-09-20,19780.0
232,2026-09-21,19900.0
232,2026-09-22,19630.0
233,2026-08-24,31450.0
233,2026-08-25,31930.0
233,2026-08-26,31360.0
233,2026-08-27,31390.0
233,2026-08-28,30930.0
233,2026-08-29,31020.0
233,2026-08-30,30870.0
233,2026-08-31,30210.0
233,2026-09-01,31000.0
233,2026-09-02,30690.0
233,2026-09-03,30150.0
233,2026-09-04,29840.0
233,2026-09-05,30050.0
233,2026-09-06,29850.0
233,2026-09-07,29770.0
233,2026-09-08,29600.0
233,2026-09-09,29530.0
233,2026-09-10,29620.0
233,2026-09-11,29270.0
233,2026-09-12,28750.0
233,2026-09-13,29180.0
233,2026-09-14,29110.0
233,2026-09-15,29330.0
233,2026-09-16,28180.0
233,2026-09-17,28370.0
233,2026-09-18,27680.0
233,2026-09-19,28160.0
233,2026-09-20,27770.0
233,2026-09-21,28210.0
233,2026-09-22,27440.0
234,2026-08-24,30280.0
234,2026-08-25,30450.0
234,2026-08-26,29980.0
234,2026-08-27,30500.0
234,2026-08-28,29730.0
234,2026-08-29,30100.0
234,2026-08-30,29500.0
234,2026-08-31,29790.0
234,2026-09-01,30130.0
234,2026-09-02,29710.0
234,2026-09-03,29320.0
234,2026-09-04,29390.0
234,2026-09-05,29290.0
234,2026-09-06,29280.0
234,2026-09-07,28740.0
234,2026-09-08,29080.0
234,2026-09-09,28200.0
234,2026-09-10,28560.0
234,2026-09-11,28480.0
234,2026-09-12,28620.0
234,2026-09-13,28370.0
234,2026-09-14,27920.0
234,2026-09-15,27900.0
234,2026-09-16,28060.0
234,2026-09-17,27880.0
234,2026-09-18,27650.0
234,2026-09-19,27560.0
234,2026-09-20,27710.0
234,2026-09-21,27320.0
234,2026-09-22,27300.0
235,2026-08-24,33810.0
235,2026-08-25,32760.0
235,2026-08-26,32510.0
235,2026-08-27,33030.0
235,2026-08-28,32520.0
235,2026-08-29,32460.0
235,2026-08-30,32200.0
235,2026-08-31,32190.0
235,2026-09-01,32510.0
235,2026-09-02,32170.0
235,2026-09-03,32040.0
235,2026-09-04,31320.0
235,2026-09-05,31240.0
235,2026-09-06,30670.0
235,2026-09-07,31040.0
235,2026-09-08,31340.0
235,2026-09-09,31080.0
235,2026-09-10,30750.0
235,2026-09-11,30660.0
235,2026-09-12,30350.0
235,2026-09-13,30430.0
235,2026-09-14,30420.0
235,2026-09-15,29680.0
235,2026-09-16,30020.0
235,2026-09-17,30030.0
235,2026-09-18,29550.0
235,2026-09-19,29680.0
235,2026-09-20,30070.0
235,2026-09-21,29190.0
235,2026-09-22,29170.0
236,2026-08-24,36840.0
236,2026-08-25,36960.0
236,2026-08-26,36900.0
236,2026-08-27,36680.0
236,2026-08-28,36200.0
236,2026-08-29,36410.0
236,2026-08-30,36630.0
236,2026-08-31,36200.0
236,2026-09-01,36210.0
236,2026-09-02,35720.0
236,2026-09-03,35870.0
236,2026-09-04,35590.0
236,2026-09-05,35100.0
236,2026-09-06,35320.0
236,2026-09-07,34810.0
236,2026-09-08,34770.0
236,2026-09-09,34870.0
236,2026-09-10,34760.0
236,2026-09-11,34190.0
236,2026-09-12,34700.0
236,2026-09-13,34420.0
236,2026-09-14,33910.0
236,2026-09-15,33540.0
236,2026-09-16,33800.0
236,2026-09-17,33570.0
236,2026-09-18,33590.0
236,2026-09-19,33310.0
236,2026-09-20,32700.0
236,2026-09-21,33030.0
236,2026-09-22,32910.0
237,2026-08-24,31420.0
237,2026-08-25,31010.0
237,2026-08-26,31480.0
237,2026-08-27,30520.0
237,2026-08-28,31200.0
237,2026-08-29,30740.0
237,2026-08-30,30900.0
237,2026-08-31,30620.0
237,2026-09-01,30780.0
237,2026-09-02,30320.0
237,2026-09-03,30060.0
237,2026-09-04,30570.0
237,2026-09-05,30100.0
237,2026-09-06,30090.0
237,2026-09-07,30240.0
237,2026-09-08,29600.0
237,2026-09-09,29890.0
237,2026-09-10,29510.0
237,2026-09-11,29530.0
237,2026-09-12,29480.0
237,2026-09-13,29010.0
237,2026-09-14,29090.0
237,2026-09-15,29510.0
237,2026-09-16,29300.0
237,2026-09-17,28980.0
237,2026-09-18,28950.0
237,2026-09-19,28730.0
237,2026-09-20,29030.0
237,2026-09-21,28560.0
237,2026-09-22,28570.0
238,2026-08-24,20770.0
238,2026-08-25,20410.0
238,2026-08-26,20720.0
238,2026-08-27,20170.0
238,2026-08-28,20610.0
238,2026-08-29,20230.0
238,2026-08-30,20190.0
238,2026-08-31,19870.0
238,2026-09-01,20040.0
238,2026-09-02,19890.0
238,2026-09-03,19900.0
238,2026-09-04,19910.0
238,2026-09-05,20020.0
238,2026-09-06,19850.0
238,2026-09-07,19800.0
238,2026-09-08,19520.0
238,2026-09-09,19490.0
238,2026-09-10,19860.0
238,2026-09-11,19400.0
238,2026-09-12,19720.0
238,2026-09-13,19350.0
238,2026-09-14,19330.0
238,2026-09-15,19440.0
238,2026-09-16,19410.0
238,2026-09-17,19140.0
238,2026-09-18,19030.0
238,2026-09-19,19020.0
238,2026-09-20,19030.0
238,2026-09-21,19050.0
238,2026-09-22,18850.0
239,2026-08-24,27840.0
239,2026-08-25,27950.0
239,2026-08-26,27590.0
239,2026-08-27,27480.0
239,2026-08-28,26990.0
239,2026-08-29,26660.0
239,2026-08-30,27200.0
239,2026-08-31,27000.0
239,2026-09-01,26810.0
239,2026-09-02,26870.0
239,2026-09-03,26710.0
239,2026-09-04,26860.0
239,2026-09-05,26550.0
239,2026-09-06,26270.0
239,2026-09-07,26540.0
239,2026-09-08,26190.0
239,2026-09-09,26250.0
239,2026-09-10,25940.0
239,2026-09-11,25800.0
239,2026-09-12,25860.0
239,2026-09-13,25740.0
239,2026-09-14,25740.0
239,2026-09-15,25490.0
239,2026-09-16,25060.0
239,2026-09-17,25260.0
239,2026-09-18,25420.0
239,2026-09-19,25090.0
239,2026-09-20,25000.0
239,2026-09-21,25160.0
239,2026-09-22,24710.0
240,2026-08-24,14000.0
240,2026-08-25,14100.0
240,2026-08-26,14020.0
240,2026-08-27,13920.0
240,2026-08-28,13960.0
240,2026-08-29,13990.0
240,2026-08-30,13890.0
240,2026-08-31,13880.0
240,2026-09-01,13990.0
240,2026-09-02,13720.0
240,2026-09-03,13740.0
240,2026-09-04,13610.0
240,2026-09-05,13520.0
240,2026-09-06,13510.0
240,2026-09-07,13470.0
240,2026-09-08,13520.0
240,2026-09-09,13690.0
240,2026-09-10,13310.0
240,2026-09-11,13300.0
240,2026-09-12,13290.0
240,2026-09-13,13290.0
240,2026-09-14,13230.0
240,2026-09-15,13300.0
240,2026-09-16,12860.0
240,2026-09-17,12810.0
240,2026-09-18,12970.0
240,2026-09-19,13100.0
240,2026-09-20,12770.0
240,2026-09-21,12570.0
240,2026-09-22,12900.0
241,2026-08-24,25100.0
241,2026-08-25,24750.0
241,2026-08-26,24670.0
241,2026-08-27,24580.0
241,2026-08-28,24680.0
241,2026-08-29,24450.0
241,2026-08-30,24560.0
241,2026-08-31,23830.0
241,2026-09-01,24110.0
241,2026-09-02,23960.0
241,2026-09-03,24030.0
241,2026-09-04,23880.0
241,2026-09-05,24040.0
241,2026-09-06,23440.0
241,2026-09-07,23700.0
241,2026-09-08,23700.0
241,2026-09-09,23850.0
241,2026-09-10,23310.0
241,2026-09-11,23370.0
241,2026-09-12,22860.0
241,2026-09-13,22650.0
241,2026-09-14,23170.0
241,2026-09-15,22910.0
241,2026-09-16,23040.0
241,2026-09-17,22460.0
241,2026-09-18,22720.0
241,2026-09-19,22880.0
241,2026-09-20,22510.0
241,2026-09-21,22390.0
241,2026-09-22,22240.0
242,2026-08-24,14460.0
242,2026-08-25,14740.0
242,2026-08-26,14470.0
242,2026-08-27,14540.0
242,2026-08-28,14260.0
242,2026-08-29,14260.0
242,2026-08-30,14500.0
242,2026-08-31,14260.0
242,2026-09-01,14410.0
242,2026-09-02,14190.0
242,2026-09-03,13940.0
242,2026-09-04,14200.0
242,2026-09-05,13990.0
242,2026-09-06,14080.0
242,2026-09-07,13960.0
242,2026-09-08,13730.0
242,2026-09-09,13880.0
242,2026-09-10,14060.0
242,2026-09-11,13820.0
242,2026-09-12,13710.0
242,2026-09-13,13790.0
242,2026-09-14,13640.0
242,2026-09-15,13590.0
242,2026-09-16,13400.0
242,2026-09-17,13500.0
242,2026-09-18,13540.0
242,2026-09-19,13280.0
242,2026-09-20,13490.0
242,2026-09-21,13270.0
242,2026-09-22,13130.0
243,2026-08-24,40690.0
243,2026-08-25,40130.0
243,2026-08-26,40270.0
243,2026-08-27,39780.0
243,2026-08-28,39680.0
243,2026-08-29,39670.0
243,2026-08-30,39430.0
243,2026-08-31,38570.0
243,2026-09-01,38660.0
243,2026-09-02,39110.0
243,2026-09-03,38610.0
243,2026-09-04,38320.0
243,2026-09-05,37890.0
243,2026-09-06,37810.0
243,2026-09-07,37350.0
243,2026-09-08,37760.0
243,2026-09-09,37430.0
243,2026-09-10,37150.0
243,2026-09-11,37250.0
243,2026-09-12,37200.0
243,2026-09-13,37550.0
243,2026-09-14,36290.0
243,2026-09-15,36930.0
243,2026-09-16,36700.0
243,2026-09-17,35990.0
243,2026-09-18,36120.0
243,2026-09-19,35740.0
243,2026-09-20,35760.0
243,2026-09-21,35990.0
243,2026-09-22,35540.0
244,2026-08-24,2780.0
244,2026-08-25,2750.0
244,2026-08-26,2710.0
244,2026-08-27,2730.0
244,2026-08-28,2750.0
244,2026-08-29,2680.0
244,2026-08-30,2680.0
244,2026-08-31,2690.0
244,2026-09-01,2650.0
244,2026-09-02,2650.0
244,2026-09-03,2640.0
244,2026-09-04,2610.0
244,2026-09-05,2610.0
244,2026-09-06,2630.0
244,2026-09-07,2580.0
244,2026-09-08,2560.0
244,2026-09-09,2570.0
244,2026-09-10,2580.0
244,2026-09-11,2550.0
244,2026-09-12,2540.0
244,2026-09-13,2530.0
244,2026-09-14,2490.0
244,2026-09-15,2520.0
244,2026-09-16,2510.0
244,2026-09-17,2480.0
244,2026-09-18,2500.0
244,2026-09-19,2440.0
244,2026-09-20,2480.0
244,2026-09-21,2440.0
244,2026-09-22,2420.0
245,2026-08-24,18450.0
245,2026-08-25,18360.0
245,2026-08-26,18480.0
245,2026-08-27,18090.0
245,2026-08-28,18060.0
245,2026-08-29,18240.0
245,2026-08-30,17940.0
245,2026-08-31,18080.0
245,2026-09-01,18120.0
245,2026-09-02,17750.0
245,2026-09-03,17830.0
245,2026-09-04,17500.0
245,2026-09-05,17700.0
245,2026-09-06,17550.0
245,2026-09-07,17520.0
245,2026-09-08,17290.0
245,2026-09-09,17080.0
245,2026-09-10,17310.0
245,2026-09-11,16880.0
245,2026-09-12,17050.0
245,2026-09-13,17150.0
245,2026-09-14,16980.0
245,2026-09-15,17150.0
245,2026-09-16,16950.0
245,2026-09-17,16640.0
245,2026-09-18,16670.0
245,2026-09-19,16590.0
245,2026-09-20,16300.0
245,2026-09-21,16320.0
245,2026-09-22,16300.0
246,2026-08-24,37510.0
246,2026-08-25,37980.0
246,2026-08-26,37750.0
246,2026-08-27,37200.0
246,2026-08-28,37660.0
246,2026-08-29,37610.0
246,2026-08-30,37330.0
246,2026-08-31,37030.0
246,2026-09-01,37150.0
246,2026-09-02,37040.0
246,2026-09-03,36790.0
246,2026-09-04,36320.0
246,2026-09-05,36500.0
246,2026-09-06,36620.0
246,2026-09-07,35960.0
246,2026-09-08,36600.0
246,2026-09-09,35700.0
246,2026-09-10,35720.0
246,2026-09-11,35380.0
246,2026-09-12,35490.0
246,2026-09-13,34780.0
246,2026-09-14,34990.0
246,2026-09-15,34690.0
246,2026-09-16,34910.0
246,2026-09-17,35010.0
246,2026-09-18,34770.0
246,2026-09-19,33760.0
246,2026-09-20,34900.0
246,2026-09-21,34250.0
246,2026-09-22,33800.0
247,2026-08-24,32880.0
247,2026-08-25,32770.0
247,2026-08-26,32450.0
247,2026-08-27,32550.0
247,2026-08-28,32230.0
247,2026-08-29,32170.0
247,2026-08-30,31990.0
247,2026-08-31,31690.0
247,2026-09-01,31970.0
247,2026-09-02,31970.0
247,2026-09-03,31840.0
247,2026-09-04,31800.0
247,2026-09-05,31560.0
247,2026-09-06,31240.0
247,2026-09-07,31470.0
247,2026-09-08,30810.0
247,2026-09-09,30810.0
247,2026-09-10,30680.0
247,2026-09-11,31080.0
247,2026-09-12,30930.0
247,2026-09-13,30700.0
247,2026-09-14,30740.0
247,2026-09-15,30140.0
247,2026-09-16,30330.0
247,2026-09-17,30100.0
247,2026-09-18,30230.0
247,2026-09-19,29870.0
247,2026-09-20,29690.0
247,2026-09-21,29810.0
247,2026-09-22,29780.0
248,2026-08-24,9670.0
248,2026-08-25,9690.0
248,2026-08-26,9590.0
248,2026-08-27,9460.0
248,2026-08-28,9630.0
248,2026-08-29,9640.0
248,2026-08-30,9590.0
248,2026-08-31,9400.0
248,2026-09-01,9490.0
248,2026-09-02,9330.0
248,2026-09-03,9570.0
248,2026-09-04,9360.0
248,2026-09-05,9510.0
248,2026-09-06,9460.0
248,2026-09-07,9300.0
248,2026-09-08,9250.0
248,2026-09-09,9340.0
248,2026-09-10,9230.0
248,2026-09-11,9270.0
248,2026-09-12,9200.0
248,2026-09-13,9080.0
248,2026-09-14,9020.0
248,2026-09-15,9180.0
248,2026-09-16,9090.0
248,2026-09-17,9070.0
248,2026-09-18,9140.0
248,2026-09-19,9150.0
248,2026-09-20,9020.0
248,2026-09-21,8980.0
248,2026-09-22,9020.0
249,2026-08-24,37640.0
249,2026-08-25,38000.0
249,2026-08-26,37980.0
249,2026-08-27,37920.0
249,2026-08-28,37040.0
249,2026-08-29,37280.0
249,2026-08-30,37140.0
249,2026-08-31,37320.0
249,2026-09-01,37320.0
249,2026-09-02,37510.0
249,2026-09-03,36820.0
249,2026-09-04,36720.0
249,2026-09-05,37090.0
249,2026-09-06,36740.0
249,2026-09-07,36910.0
249,2026-09-08,36520.0
249,2026-09-09,35990.0
249,2026-09-10,35830.0
249,2026-09-11,35660.0
249,2026-09-12,36200.0
249,2026-09-13,36250.0
249,2026-09-14,36340.0
249,2026-09-15,35930.0
249,2026-09-16,35920.0
249,2026-09-17,35300.0
249,2026-09-18,35030.0
249,2026-09-19,35510.0
249,2026-09-20,35280.0
249,2026-09-21,35080.0
249,2026-09-22,35050.0
250,2026-08-24,34550.0
250,2026-08-25,34690.0
250,2026-08-26,34580.0
250,2026-08-27,34260.0
250,2026-08-28,34230.0
250,2026-08-29,34020.0
250,2026-08-30,33650.0
250,2026-08-31,33850.0
250,2026-09-01,33170.0
250,2026-09-02,33700.0
250,2026-09-03,32990.0
250,2026-09-04,33260.0
250,2026-09-05,32850.0
250,2026-09-06,33100.0
250,2026-09-07,32830.0
250,2026-09-08,32300.0
250,2026-09-09,32720.0
250,2026-09-10,32340.0
250,2026-09-11,32610.0
250,2026-09-12,32260.0
250,2026-09-13,32240.0
250,2026-09-14,31770.0
250,2026-09-15,31750.0
250,2026-09-16,31670.0
250,2026-09-17,31900.0
250,2026-09-18,32000.0
250,2026-09-19,31230.0
250,2026-09-20,31610.0
250,2026-09-21,30630.0
250,2026-09-22,30770.0
251,2026-08-24,43340.0
251,2026-08-25,43000.0
251,2026-08-26,42720.0
251,2026-08-27,43160.0
251,2026-08-28,42750.0
251,2026-08-29,42740.0
251,2026-08-30,42630.0
251,2026-08-31,42290.0
251,2026-09-01,42210.0
251,2026-09-02,41770.0
251,2026-09-03,41190.0
251,2026-09-04,41720.0
251,2026-09-05,40980.0
251,2026-09-06,40660.0
251,2026-09-07,40700.0
251,2026-09-08,40250.0
251,2026-09-09,40210.0
251,2026-09-10,40250.0
251,2026-09-11,40040.0
251,2026-09-12,39430.0
251,2026-09-13,39360.0
251,2026-09-14,39660.0
251,2026-09-15,39260.0
251,2026-09-16,39570.0
251,2026-09-17,39070.0
251,2026-09-18,38850.0
251,2026-09-19,37820.0
251,2026-09-20,38320.0
251,2026-09-21,37840.0
251,2026-09-22,37470.0
252,2026-08-24,4130.0
252,2026-08-25,4140.0
252,2026-08-26,4110.0
252,2026-08-27,4060.0
252,2026-08-28,4090.0
252,2026-08-29,4040.0
252,2026-08-30,4050.0
252,2026-08-31,4020.0
252,2026-09-01,4010.0
252,2026-09-02,4030.0
252,2026-09-03,3960.0
252,2026-09-04,4040.0
252,2026-09-05,3910.0
252,2026-09-06,3930.0
252,2026-09-07,3950.0
252,2026-09-08,3940.0
252,2026-09-09,3910.0
252,2026-09-10,3900.0
252,2026-09-11,3900.0
252,2026-09-12,3870.0
252,2026-09-13,3900.0
252,2026-09-14,3870.0
252,2026-09-15,3860.0
252,2026-09-16,3790.0
252,2026-09-17,3800.0
252,2026-09-18,3780.0
252,2026-09-19,3750.0
252,2026-09-20,3780.0
252,2026-09-21,3740.0
252,2026-09-22,3760.0
253,2026-08-24,9460.0
253,2026-08-25,9620.0
253,2026-08-26,9390.0
253,2026-08-27,9430.0
253,2026-08-28,9440.0
253,2026-08-29,9300.0
253,2026-08-30,9370.0
253,2026-08-31,9180.0
253,2026-09-01,9330.0
253,2026-09-02,9190.0
253,2026-09-03,9110.0
253,2026-09-04,9090.0
253,2026-09-05,9130.0
253,2026-09-06,8990.0
253,2026-09-07,8940.0
253,2026-09-08,8940.0
253,2026-09-09,8830.0
253,2026-09-10,9010.0
253,2026-09-11,8800.0
253,2026-09-12,8870.0
253,2026-09-13,8780.0
253,2026-09-14,8660.0
253,2026-09-15,8690.0
253,2026-09-16,8710.0
253,2026-09-17,8600.0
253,2026-09-18,8660.0
253,2026-09-19,8610.0
253,2026-09-20,8570.0
253,2026-09-21,8430.0
253,2026-09-22,8340.0
254,2026-08-24,69920.0
254,2026-08-25,70050.0
254,2026-08-26,69940.0
254,2026-08-27,68200.0
254,2026-08-28,69050.0
254,2026-08-29,68840.0
254,2026-08-30,68310.0
254,2026-08-31,68840.0
254,2026-09-01,68080.0
254,2026-09-02,68250.0
254,2026-09-03,67140.0
254,2026-09-04,67450.0
254,2026-09-05,67530.0
254,2026-09-06,67060.0
254,2026-09-07,65480.0
254,2026-09-08,65630.0
254,2026-09-09,65280.0
254,2026-09-10,65420.0
254,2026-09-11,65230.0
254,2026-09-12,64120.0
254,2026-09-13,64300.0
254,2026-09-14,62900.0
254,2026-09-15,64430.0
254,2026-09-16,63100.0
254,2026-09-17,63100.0
254,2026-09-18,62610.0
254,2026-09-19,63080.0
254,2026-09-20,60670.0
254,2026-09-21,61870.0
254,2026-09-22,61520.0
255,2026-08-24,66660.0
255,2026-08-25,67550.0
255,2026-08-26,65970.0
255,2026-08-27,66600.0
255,2026-08-28,66150.0
255,2026-08-29,66390.0
255,2026-08-30,65160.0
255,2026-08-31,64890.0
255,2026-09-01,65610.0
255,2026-09-02,65030.0
255,2026-09-03,63780.0
255,2026-09-04,64070.0
255,2026-09-05,64320.0
255,2026-09-06,64320.0
255,2026-09-07,63300.0
255,2026-09-08,61920.0
255,2026-09-09,63460.0
255,2026-09-10,62330.0
255,2026-09-11,61690.0
255,2026-09-12,61030.0
255,2026-09-13,62690.0
255,2026-09-14,62100.0
255,2026-09-15,61690.0
255,2026-09-16,62290.0
255,2026-09-17,61670.0
255,2026-09-18,61950.0
255,2026-09-19,60160.0
255,2026-09-20,60630.0
255,2026-09-21,59580.0
255,2026-09-22,60070.0
256,2026-08-24,37370.0
256,2026-08-25,37460.0
256,2026-08-26,37140.0
256,2026-08-27,37140.0
256,2026-08-28,37010.0
256,2026-08-29,37260.0
256,2026-08-30,36410.0
256,2026-08-31,36070.0
256,2026-09-01,36250.0
256,2026-09-02,35800.0
256,2026-09-03,36280.0
256,2026-09-04,35630.0
256,2026-09-05,35390.0
256,2026-09-06,35260.0
256,2026-09-07,35430.0
256,2026-09-08,35030.0
256,2026-09-09,34740.0
256,2026-09-10,35230.0
256,2026-09-11,34360.0
256,2026-09-12,34450.0
256,2026-09-13,34470.0
256,2026-09-14,33670.0
256,2026-09-15,34110.0
256,2026-09-16,33520.0
256,2026-09-17,33890.0
256,2026-09-18,33230.0
256,2026-09-19,33530.0
256,2026-09-20,33490.0
256,2026-09-21,33270.0
256,2026-09-22,32940.0
257,2026-08-24,71010.0
257,2026-08-25,70540.0
257,2026-08-26,71350.0
257,2026-08-27,69910.0
257,2026-08-28,69440.0
257,2026-08-29,70060.0
257,2026-08-30,69000.0
257,2026-08-31,68640.0
257,2026-09-01,68090.0
257,2026-09-02,68320.0
257,2026-09-03,68250.0
257,2026-09-04,68140.0
257,2026-09-05,68230.0
257,2026-09-06,67720.0
257,2026-09-07,67050.0
257,2026-09-08,66760.0
257,2026-09-09,66860.0
257,2026-09-10,66980.0
257,2026-09-11,66080.0
257,2026-09-12,65480.0
257,2026-09-13,64920.0
257,2026-09-14,64400.0
257,2026-09-15,65230.0
257,2026-09-16,64900.0
257,2026-09-17,64620.0
257,2026-09-18,63960.0
257,2026-09-19,64490.0
257,2026-09-20,63200.0
257,2026-09-21,63680.0
257,2026-09-22,62870.0
258,2026-08-24,80400.0
258,2026-08-25,80840.0
258,2026-08-26,80450.0
258,2026-08-27,80130.0
258,2026-08-28,79670.0
258,2026-08-29,79310.0
258,2026-08-30,80500.0
258,2026-08-31,79480.0
258,2026-09-01,78910.0
258,2026-09-02,78260.0
258,2026-09-03,78510.0
258,2026-09-04,77930.0
258,2026-09-05,77340.0
258,2026-09-06,76850.0
258,2026-09-07,76700.0
258,2026-09-08,74540.0
258,2026-09-09,76300.0
258,2026-09-10,75590.0
258,2026-09-11,76570.0
258,2026-09-12,75330.0
258,2026-09-13,74310.0
258,2026-09-14,74710.0
258,2026-09-15,73820.0
258,2026-09-16,74450.0
258,2026-09-17,74060.0
258,2026-09-18,74170.0
258,2026-09-19,72830.0
258,2026-09-20,73040.0
258,2026-09-21,71900.0
258,2026-09-22,72870.0
259,2026-08-24,77950.0
259,2026-08-25,77730.0
259,2026-08-26,77240.0
259,2026-08-27,77290.0
259,2026-08-28,77800.0
259,2026-08-29,76470.0
259,2026-08-30,76520.0
259,2026-08-31,75590.0
259,2026-09-01,75520.0
259,2026-09-02,75900.0
259,2026-09-03,76310.0
259,2026-09-04,75290.0
259,2026-09-05,75110.0
259,2026-09-06,74800.0
259,2026-09-07,74530.0
259,2026-09-08,74830.0
259,2026-09-09,73550.0
259,2026-09-10,75020.0
259,2026-09-11,73650.0
259,2026-09-12,74290.0
259,2026-09-13,72890.0
259,2026-09-14,73860.0
259,2026-09-15,73660.0
259,2026-09-16,73290.0
259,2026-09-17,72260.0
259,2026-09-18,72810.0
259,2026-09-19,71750.0
259,2026-09-20,72110.0
259,2026-09-21,72680.0
259,2026-09-22,72350.0
260,2026-08-24,63280.0
260,2026-08-25,62530.0
260,2026-08-26,63040.0
260,2026-08-27,62470.0
260,2026-08-28,61070.0
260,2026-08-29,62290.0
260,2026-08-30,61630.0
260,2026-08-31,61950.0
260,2026-09-01,60580.0
260,2026-09-02,59310.0
260,2026-09-03,60700.0
260,2026-09-04,60430.0
260,2026-09-05,59210.0
260,2026-09-06,59280.0
260,2026-09-07,60800.0
260,2026-09-08,59060.0
260,2026-09-09,59290.0
260,2026-09-10,58360.0
260,2026-09-11,57400.0
260,2026-09-12,58050.0
260,2026-09-13,57730.0
260,2026-09-14,57400.0
260,2026-09-15,57260.0
260,2026-09-16,57170.0
260,2026-09-17,56700.0
260,2026-09-18,55900.0
260,2026-09-19,56470.0
260,2026-09-20,55030.0
260,2026-09-21,54710.0
260,2026-09-22,55780.0
261,2026-08-24,87080.0
261,2026-08-25,86420.0
261,2026-08-26,85250.0
261,2026-08-27,85440.0
261,2026-08-28,85460.0
261,2026-08-29,84290.0
261,2026-08-30,84590.0
261,2026-08-31,85240.0
261,2026-09-01,85480.0
261,2026-09-02,83970.0
261,2026-09-03,84480.0
261,2026-09-04,82420.0
261,2026-09-05,83860.0
261,2026-09-06,82610.0
261,2026-09-07,83070.0
261,2026-09-08,82430.0
261,2026-09-09,83200.0
261,2026-09-10,81460.0
261,2026-09-11,82180.0
261,2026-09-12,81300.0
261,2026-09-13,81110.0
261,2026-09-14,80810.0
261,2026-09-15,80090.0
261,2026-09-16,80370.0
261,2026-09-17,80060.0
261,2026-09-18,79990.0
261,2026-09-19,79610.0
261,2026-09-20,79810.0
261,2026-09-21,79620.0
261,2026-09-22,78020.0
262,2026-08-24,31680.0
262,2026-08-25,31090.0
262,2026-08-26,31410.0
262,2026-08-27,31310.0
262,2026-08-28,30600.0
262,2026-08-29,30980.0
262,2026-08-30,30740.0
262,2026-08-31,30560.0
262,2026-09-01,30960.0
262,2026-09-02,30380.0
262,2026-09-03,30240.0
262,2026-09-04,30340.0
262,2026-09-05,30380.0
262,2026-09-06,30080.0
262,2026-09-07,30290.0
262,2026-09-08,30030.0
262,2026-09-09,29280.0
262,2026-09-10,29570.0
262,2026-09-11,29460.0
262,2026-09-12,29600.0
262,2026-09-13,28760.0
262,2026-09-14,29880.0
262,2026-09-15,29300.0
262,2026-09-16,29100.0
262,2026-09-17,29240.0
262,2026-09-18,29410.0
262,2026-09-19,28960.0
262,2026-09-20,28870.0
262,2026-09-21,28570.0
262,2026-09-22,28410.0
263,2026-08-24,25690.0
263,2026-08-25,25530.0
263,2026-08-26,25470.0
263,2026-08-27,25260.0
263,2026-08-28,25420.0
263,2026-08-29,25020.0
263,2026-08-30,25300.0
263,2026-08-31,25170.0
263,2026-09-01,25120.0
263,2026-09-02,24910.0
263,2026-09-03,25530.0
263,2026-09-04,25110.0
263,2026-09-05,24500.0
263,2026-09-06,24710.0
263,2026-09-07,24460.0
263,2026-09-08,24290.0
263,2026-09-09,24140.0
263,2026-09-10,24410.0
263,2026-09-11,24100.0
263,2026-09-12,24340.0
263,2026-09-13,24260.0
263,2026-09-14,24250.0
263,2026-09-15,23720.0
263,2026-09-16,23900.0
263,2026-09-17,23840.0
263,2026-09-18,23540.0
263,2026-09-19,23390.0
263,2026-09-20,23780.0
263,2026-09-21,23420.0
263,2026-09-22,23410.0
264,2026-08-24,57420.0
264,2026-08-25,57020.0
264,2026-08-26,57090.0
264,2026-08-27,57070.0
264,2026-08-28,56430.0
264,2026-08-29,56680.0
264,2026-08-30,55720.0
264,2026-08-31,55750.0
264,2026-09-01,56330.0
264,2026-09-02,56080.0
264,2026-09-03,55420.0
264,2026-09-04,54920.0
264,2026-09-05,54700.0
264,2026-09-06,54770.0
264,2026-09-07,55000.0
264,2026-09-08,54910.0
264,2026-09-09,54060.0
264,2026-09-10,53550.0
264,2026-09-11,53960.0
264,2026-09-12,53250.0
264,2026-09-13,53170.0
264,2026-09-14,53770.0
264,2026-09-15,53330.0
264,2026-09-16,52810.0
264,2026-09-17,51960.0
264,2026-09-18,52400.0
264,2026-09-19,52560.0
264,2026-09-20,51700.0
264,2026-09-21,52250.0
264,2026-09-22,52000.0
265,2026-08-24,34680.0
265,2026-08-25,34200.0
265,2026-08-26,34150.0
265,2026-08-27,34240.0
265,2026-08-28,33870.0
265,2026-08-29,33500.0
265,2026-08-30,33390.0
265,2026-08-31,33440.0
265,2026-09-01,32920.0
265,2026-09-02,33100.0
265,2026-09-03,33290.0
265,2026-09-04,32320.0
265,2026-09-05,33160.0
265,2026-09-06,32930.0
265,2026-09-07,32400.0
265,2026-09-08,32530.0
265,2026-09-09,32270.0
265,2026-09-10,32460.0
265,2026-09-11,32270.0
265,2026-09-12,31530.0
265,2026-09-13,31920.0
265,2026-09-14,31590.0
265,2026-09-15,31550.0
265,2026-09-16,31210.0
265,2026-09-17,31730.0
265,2026-09-18,31420.0
265,2026-09-19,30840.0
265,2026-09-20,30560.0
265,2026-09-21,30680.0
265,2026-09-22,30770.0
266,2026-08-24,34850.0
266,2026-08-25,34970.0
266,2026-08-26,34710.0
266,2026-08-27,34610.0
266,2026-08-28,34300.0
266,2026-08-29,33710.0
266,2026-08-30,33880.0
266,2026-08-31,34060.0
266,2026-09-01,33630.0
266,2026-09-02,33630.0
266,2026-09-03,33270.0
266,2026-09-04,32940.0
266,2026-09-05,33030.0
266,2026-09-06,33000.0
266,2026-09-07,32610.0
266,2026-09-08,32570.0
266,2026-09-09,32250.0
266,2026-09-10,32640.0
266,2026-09-11,32130.0
266,2026-09-12,32440.0
266,2026-09-13,32320.0
266,2026-09-14,31760.0
266,2026-09-15,31370.0
266,2026-09-16,30950.0
266,2026-09-17,30960.0
266,2026-09-18,30850.0
266,2026-09-19,31420.0
266,2026-09-20,30950.0
266,2026-09-21,30880.0
266,2026-09-22,30050.0
267,2026-08-24,77810.0
267,2026-08-25,78740.0
267,2026-08-26,78090.0
267,2026-08-27,77530.0
267,2026-08-28,77650.0
267,2026-08-29,77980.0
267,2026-08-30,76600.0
267,2026-08-31,76470.0
267,2026-09-01,76240.0
267,2026-09-02,77240.0
267,2026-09-03,74300.0
267,2026-09-04,75640.0
267,2026-09-05,74870.0
267,2026-09-06,74970.0
267,2026-09-07,73950.0
267,2026-09-08,74010.0
267,2026-09-09,74160.0
267,2026-09-10,75270.0
267,2026-09-11,73620.0
267,2026-09-12,72350.0
267,2026-09-13,72300.0
267,2026-09-14,71980.0
267,2026-09-15,70900.0
267,2026-09-16,71460.0
267,2026-09-17,71790.0
267,2026-09-18,70310.0
267,2026-09-19,71370.0
267,2026-09-20,70750.0
267,2026-09-21,69730.0
267,2026-09-22,69780.0
268,2026-08-24,12290.0
268,2026-08-25,12160.0
268,2026-08-26,12040.0
268,2026-08-27,11960.0
268,2026-08-28,11930.0
268,2026-08-29,11820.0
268,2026-08-30,11620.0
268,2026-08-31,11940.0
268,2026-09-01,11720.0
268,2026-09-02,11680.0
268,2026-09-03,11590.0
268,2026-09-04,11470.0
268,2026-09-05,11460.0
268,2026-09-06,11280.0
268,2026-09-07,11580.0
268,2026-09-08,11200.0
268,2026-09-09,11160.0
268,2026-09-10,11160.0
268,2026-09-11,11260.0
268,2026-09-12,11090.0
268,2026-09-13,10920.0
268,2026-09-14,11090.0
268,2026-09-15,10990.0
268,2026-09-16,10920.0
268,2026-09-17,10880.0
268,2026-09-18,10970.0
268,2026-09-19,10900.0
268,2026-09-20,10580.0
268,2026-09-21,10740.0
268,2026-09-22,10570.0
269,2026-08-24,80750.0
269,2026-08-25,79080.0
269,2026-08-26,79700.0
269,2026-08-27,78980.0
269,2026-08-28,79670.0
269,2026-08-29,79500.0
269,2026-08-30,77250.0
269,2026-08-31,78190.0
269,2026-09-01,78570.0
269,2026-09-02,77450.0
269,2026-09-03,77690.0
269,2026-09-04,77140.0
269,2026-09-05,76820.0
269,2026-09-06,76120.0
269,2026-09-07,75220.0
269,2026-09-08,74960.0
269,2026-09-09,75760.0
269,2026-09-10,75020.0
269,2026-09-11,74600.0
269,2026-09-12,74110.0
269,2026-09-13,73860.0
269,2026-09-14,74370.0
269,2026-09-15,73210.0
269,2026-09-16,72270.0
269,2026-09-17,73230.0
269,2026-09-18,72330.0
269,2026-09-19,72150.0
269,2026-09-20,72800.0
269,2026-09-21,71480.0
269,2026-09-22,71350.0
270,2026-08-24,43730.0
270,2026-08-25,43860.0
270,2026-08-26,43940.0
270,2026-08-27,43020.0
270,2026-08-28,43420.0
270,2026-08-29,43190.0
270,2026-08-30,42980.0
270,2026-08-31,43120.0
270,2026-09-01,42700.0
270,2026-09-02,42890.0
270,2026-09-03,41870.0
270,2026-09-04,42050.0
270,2026-09-05,41840.0
270,2026-09-06,41260.0
270,2026-09-07,41750.0
270,2026-09-08,42020.0
270,2026-09-09,41040.0
270,2026-09-10,41020.0
270,2026-09-11,40690.0
270,2026-09-12,40230.0
270,2026-09-13,39670.0
270,2026-09-14,39850.0
270,2026-09-15,39430.0
270,2026-09-16,40270.0
270,2026-09-17,39470.0
270,2026-09-18,39200.0
270,2026-09-19,39420.0
270,2026-09-20,38560.0
270,2026-09-21,38480.0
270,2026-09-22,38570.0
271,2026-08-24,77610.0
271,2026-08-25,77050.0
271,2026-08-26,76650.0
271,2026-08-27,76300.0
271,2026-08-28,76240.0
271,2026-08-29,75870.0
271,2026-08-30,74900.0
271,2026-08-31,75270.0
271,2026-09-01,74370.0
271,2026-09-02,74790.0
271,2026-09-03,74210.0
271,2026-09-04,75720.0
271,2026-09-05,73960.0
271,2026-09-06,72920.0
271,2026-09-07,73400.0
271,2026-09-08,73530.0
271,2026-09-09,73950.0
271,2026-09-10,72380.0
271,2026-09-11,71550.0
271,2026-09-12,72700.0
271,2026-09-13,71160.0
271,2026-09-14,71460.0
271,2026-09-15,71310.0
271,2026-09-16,71170.0
271,2026-09-17,71360.0
271,2026-09-18,70310.0
271,2026-09-19,70290.0
271,2026-09-20,70190.0
271,2026-09-21,70040.0
271,2026-09-22,69750.0
272,2026-08-24,7660.0
272,2026-08-25,7650.0
272,2026-08-26,7600.0
272,2026-08-27,7570.0
272,2026-08-28,7420.0
272,2026-08-29,7490.0
272,2026-08-30,7480.0
272,2026-08-31,7470.0
272,2026-09-01,7360.0
272,2026-09-02,7330.0
272,2026-09-03,7310.0
272,2026-09-04,7340.0
272,2026-09-05,7340.0
272,2026-09-06,7230.0
272,2026-09-07,7280.0
272,2026-09-08,7200.0
272,2026-09-09,7160.0
272,2026-09-10,7120.0
272,2026-09-11,7150.0
272,2026-09-12,7100.0
272,2026-09-13,7180.0
272,2026-09-14,6970.0
272,2026-09-15,7020.0
272,2026-09-16,6930.0
272,2026-09-17,6880.0
272,2026-09-18,6900.0
272,2026-09-19,6880.0
272,2026-09-20,7010.0
272,2026-09-21,6800.0
272,2026-09-22,6720.0
273,2026-08-24,14540.0
273,2026-08-25,14240.0
273,2026-08-26,14420.0
273,2026-08-27,14390.0
273,2026-08-28,14430.0
273,2026-08-29,14410.0
273,2026-08-30,14200.0
273,2026-08-31,14200.0
273,2026-09-01,14090.0
273,2026-09-02,14010.0
273,2026-09-03,14130.0
273,2026-09-04,13910.0
273,2026-09-05,13960.0
273,2026-09-06,13850.0
273,2026-09-07,13990.0
273,2026-09-08,14080.0
273,2026-09-09,13690.0
273,2026-09-10,13590.0
273,2026-09-11,13740.0
273,2026-09-12,13720.0
273,2026-09-13,13700.0
273,2026-09-14,13580.0
273,2026-09-15,13570.0
273,2026-09-16,13590.0
273,2026-09-17,13620.0
273,2026-09-18,13240.0
273,2026-09-19,13380.0
273,2026-09-20,13400.0
273,2026-09-21,13230.0
273,2026-09-22,13490.0
274,2026-08-24,7770.0
274,2026-08-25,7770.0
274,2026-08-26,7770.0
274,2026-08-27,7680.0
274,2026-08-28,7570.0
274,2026-08-29,7620.0
274,2026-08-30,7670.0
274,2026-08-31,7560.0
274,2026-09-01,7500.0
274,2026-09-02,7570.0
274,2026-09-03,7470.0
274,2026-09-04,7430.0
274,2026-09-05,7430.0
274,2026-09-06,7440.0
274,2026-09-07,7500.0
274,2026-09-08,7380.0
274,2026-09-09,7360.0
274,2026-09-10,7240.0
274,2026-09-11,7170.0
274,2026-09-12,7200.0
274,2026-09-13,7180.0
274,2026-09-14,7070.0
274,2026-09-15,7100.0
274,2026-09-16,7100.0
274,2026-09-17,7060.0
274,2026-09-18,7040.0
274,2026-09-19,7000.0
274,2026-09-20,6920.0
274,2026-09-21,6880.0
274,2026-09-22,6810.0
275,2026-08-24,27630.0
275,2026-08-25,27150.0
275,2026-08-26,26990.0
275,2026-08-27,26730.0
275,2026-08-28,27410.0
275,2026-08-29,26470.0
275,2026-08-30,26490.0
275,2026-08-31,26550.0
275,2026-09-01,26470.0
275,2026-09-02,26430.0
275,2026-09-03,26490.0
275,2026-09-04,26100.0
275,2026-09-05,25670.0
275,2026-09-06,25720.0
275,2026-09-07,25720.0
275,2026-09-08,25970.0
275,2026-09-09,25140.0
275,2026-09-10,25560.0
275,2026-09-11,25230.0
275,2026-09-12,25260.0
275,2026-09-13,24950.0
275,2026-09-14,24680.0
275,2026-09-15,24890.0
275,2026-09-16,24760.0
275,2026-09-17,24710.0
275,2026-09-18,24390.0
275,2026-09-19,24160.0
275,2026-09-20,23840.0
275,2026-09-21,24220.0
275,2026-09-22,24020.0
276,2026-08-24,67110.0
276,2026-08-25,67030.0
276,2026-08-26,66780.0
276,2026-08-27,65970.0
276,2026-08-28,66010.0
276,2026-08-29,65560.0
276,2026-08-30,65630.0
276,2026-08-31,65170.0
276,2026-09-01,64430.0
276,2026-09-02,65990.0
276,2026-09-03,65310.0
276,2026-09-04,63980.0
276,2026-09-05,64220.0
276,2026-09-06,64010.0
276,2026-09-07,64110.0
276,2026-09-08,62790.0
276,2026-09-09,63470.0
276,2026-09-10,62340.0
276,2026-09-11,61650.0
276,2026-09-12,62400.0
276,2026-09-13,62400.0
276,2026-09-14,62770.0
276,2026-09-15,60550.0
276,2026-09-16,61220.0
276,2026-09-17,60360.0
276,2026-09-18,60680.0
276,2026-09-19,59240.0
276,2026-09-20,59050.0
276,2026-09-21,59010.0
276,2026-09-22,59150.0
277,2026-08-24,92200.0
277,2026-08-25,92810.0
277,2026-08-26,92750.0
277,2026-08-27,92120.0
277,2026-08-28,92520.0
277,2026-08-29,91340.0
277,2026-08-30,89840.0
277,2026-08-31,91370.0
277,2026-09-01,89630.0
277,2026-09-02,90390.0
277,2026-09-03,90550.0
277,2026-09-04,89420.0
277,2026-09-05,87690.0
277,2026-09-06,87780.0
277,2026-09-07,89070.0
277,2026-09-08,87670.0
277,2026-09-09,87530.0
277,2026-09-10,87690.0
277,2026-09-11,87320.0
277,2026-09-12,86700.0
277,2026-09-13,86030.0
277,2026-09-14,85630.0
277,2026-09-15,86140.0
277,2026-09-16,85600.0
277,2026-09-17,84700.0
277,2026-09-18,85330.0
277,2026-09-19,84140.0
277,2026-09-20,83300.0
277,2026-09-21,83040.0
277,2026-09-22,82560.0
278,2026-08-24,70980.0
278,2026-08-25,71470.0
278,2026-08-26,70070.0
278,2026-08-27,70290.0
278,2026-08-28,69520.0
278,2026-08-29,69420.0
278,2026-08-30,68440.0
278,2026-08-31,68820.0
278,2026-09-01,68520.0
278,2026-09-02,68600.0
278,2026-09-03,68120.0
278,2026-09-04,67050.0
278,2026-09-05,67960.0
278,2026-09-06,67180.0
278,2026-09-07,66860.0
278,2026-09-08,66440.0
278,2026-09-09,65850.0
278,2026-09-10,65940.0
278,2026-09-11,65760.0
278,2026-09-12,64260.0
278,2026-09-13,64600.0
278,2026-09-14,64440.0
278,2026-09-15,64400.0
278,2026-09-16,64590.0
278,2026-09-17,63220.0
278,2026-09-18,63060.0
278,2026-09-19,62740.0
278,2026-09-20,62270.0
278,2026-09-21,62200.0
278,2026-09-22,62490.0
279,2026-08-24,13950.0
279,2026-08-25,14050.0
279,2026-08-26,13770.0
279,2026-08-27,13840.0
279,2026-08-28,13810.0
279,2026-08-29,13970.0
279,2026-08-30,13700.0
279,2026-08-31,13440.0
279,2026-09-01,13400.0
279,2026-09-02,13570.0
279,2026-09-03,13570.0
279,2026-09-04,13490.0
279,2026-09-05,13420.0
279,2026-09-06,13470.0
279,2026-09-07,13230.0
279,2026-09-08,13330.0
279,2026-09-09,13000.0
279,2026-09-10,13020.0
279,2026-09-11,12870.0
279,2026-09-12,12980.0
279,2026-09-13,12950.0
279,2026-09-14,12910.0
279,2026-09-15,12850.0
279,2026-09-16,12690.0
279,2026-09-17,12710.0
279,2026-09-18,12510.0
279,2026-09-19,12770.0
279,2026-09-20,12530.0
279,2026-09-21,12460.0
279,2026-09-22,12620.0
280,2026-08-24,57090.0
280,2026-08-25,56950.0
280,2026-08-26,56760.0
280,2026-08-27,57020.0
280,2026-08-28,57050.0
280,2026-08-29,56990.0
280,2026-08-30,57600.0
280,2026-08-31,55280.0
280,2026-09-01,56340.0
280,2026-09-02,55630.0
280,2026-09-03,55420.0
280,2026-09-04,55210.0
280,2026-09-05,54890.0
280,2026-09-06,55830.0
280,2026-09-07,55270.0
280,2026-09-08,54710.0
280,2026-09-09,55100.0
280,2026-09-10,53640.0
280,2026-09-11,53530.0
280,2026-09-12,52960.0
280,2026-09-13,53420.0
280,2026-09-14,53600.0
280,2026-09-15,53380.0
280,2026-09-16,53200.0
280,2026-09-17,52320.0
280,2026-09-18,53100.0
280,2026-09-19,52650.0
280,2026-09-20,52680.0
280,2026-09-21,51320.0
280,2026-09-22,52100.0
281,2026-08-24,9300.0
281,2026-08-25,9330.0
281,2026-08-26,9370.0
281,2026-08-27,9310.0
281,2026-08-28,9220.0
281,2026-08-29,9260.0
281,2026-08-30,9120.0
281,2026-08-31,9290.0
281,2026-09-01,9160.0
281,2026-09-02,9230.0
281,2026-09-03,9090.0
281,2026-09-04,9060.0
281,2026-09-05,9020.0
281,2026-09-06,9110.0
281,2026-09-07,8970.0
281,2026-09-08,9040.0
281,2026-09-09,8940.0
281,2026-09-10,8800.0
281,2026-09-11,8880.0
281,2026-09-12,8810.0
281,2026-09-13,8870.0
281,2026-09-14,8760.0
281,2026-09-15,8880.0
281,2026-09-16,8780.0
281,2026-09-17,8750.0
281,2026-09-18,8790.0
281,2026-09-19,8780.0
281,2026-09-20,8690.0
281,2026-09-21,8610.0
281,2026-09-22,8510.0
282,2026-08-24,63100.0
282,2026-08-25,62880.0
282,2026-08-26,62970.0
282,2026-08-27,62500.0
282,2026-08-28,62730.0
282,2026-08-29,61850.0
282,2026-08-30,61860.0
282,2026-08-31,62200.0
282,2026-09-01,61540.0
282,2026-09-02,61090.0
282,2026-09-03,60580.0
282,2026-09-04,60300.0
282,2026-09-05,59940.0
282,2026-09-06,59840.0
282,2026-09-07,60200.0
282,2026-09-08,59470.0
282,2026-09-09,58680.0
282,2026-09-10,59910.0
282,2026-09-11,58960.0
282,2026-09-12,57880.0
282,2026-09-13,58090.0
282,2026-09-14,58090.0
282,2026-09-15,58600.0
282,2026-09-16,57000.0
282,2026-09-17,57740.0
282,2026-09-18,57680.0
282,2026-09-19,56460.0
282,2026-09-20,56370.0
282,2026-09-21,55750.0
282,2026-09-22,55890.0
283,2026-08-24,20350.0
283,2026-08-25,20390.0
283,2026-08-26,20380.0
283,2026-08-27,20020.0
283,2026-08-28,19760.0
283,2026-08-29,19990.0
283,2026-08-30,19970.0
283,2026-08-31,19890.0
283,2026-09-01,19730.0
283,2026-09-02,19720.0
283,2026-09-03,19860.0
283,2026-09-04,19620.0
283,2026-09-05,19430.0
283,2026-09-06,19340.0
283,2026-09-07,19310.0
283,2026-09-08,19520.0
283,2026-09-09,19170.0
283,2026-09-10,19120.0
283,2026-09-11,18970.0
283,2026-09-12,19140.0
283,2026-09-13,19200.0
283,2026-09-14,18900.0
283,2026-09-15,18770.0
283,2026-09-16,18690.0
283,2026-09-17,18250.0
283,2026-09-18,18650.0
283,2026-09-19,18490.0
283,2026-09-20,18460.0
283,2026-09-21,18210.0
283,2026-09-22,18190.0
284,2026-08-24,6150.0
284,2026-08-25,6190.0
284,2026-08-26,6100.0
284,2026-08-27,6190.0
284,2026-08-28,6090.0
284,2026-08-29,5980.0
284,2026-08-30,6010.0
284,2026-08-31,5960.0
284,2026-09-01,5860.0
284,2026-09-02,6010.0
284,2026-09-03,5950.0
284,2026-09-04,5910.0
284,2026-09-05,5870.0
284,2026-09-06,5780.0
284,2026-09-07,5790.0
284,2026-09-08,5830.0
284,2026-09-09,5720.0
284,2026-09-10,5620.0
284,2026-09-11,5700.0
284,2026-09-12,5680.0
284,2026-09-13,5670.0
284,2026-09-14,5670.0
284,2026-09-15,5640.0
284,2026-09-16,5600.0
284,2026-09-17,5620.0
284,2026-09-18,5470.0
284,2026-09-19,5540.0
284,2026-09-20,5520.0
284,2026-09-21,5400.0
284,2026-09-22,5370.0
285,2026-08-24,78020.0
285,2026-08-25,77810.0
285,2026-08-26,78380.0
285,2026-08-27,77300.0
285,2026-08-28,76890.0
285,2026-08-29,76770.0
285,2026-08-30,77530.0
285,2026-08-31,76610.0
285,2026-09-01,76230.0
285,2026-09-02,76000.0
285,2026-09-03,76570.0
285,2026-09-04,75090.0
285,2026-09-05,76050.0
285,2026-09-06,75130.0
285,2026-09-07,74640.0
285,2026-09-08,75950.0
285,2026-09-09,73580.0
285,2026-09-10,73730.0
285,2026-09-11,72940.0
285,2026-09-12,73970.0
285,2026-09-13,74140.0
285,2026-09-14,73860.0
285,2026-09-15,73330.0
285,2026-09-16,72220.0
285,2026-09-17,71850.0
285,2026-09-18,70810.0
285,2026-09-19,72750.0
285,2026-09-20,71550.0
285,2026-09-21,70710.0
285,2026-09-22,71530.0
286,2026-08-24,17380.0
286,2026-08-25,17510.0
286,2026-08-26,17370.0
286,2026-08-27,17420.0
286,2026-08-28,17270.0
286,2026-08-29,17020.0
286,2026-08-30,17170.0
286,2026-08-31,17240.0
286,2026-09-01,17040.0
286,2026-09-02,17090.0
286,2026-09-03,16780.0
286,2026-09-04,16860.0
286,2026-09-05,16720.0
286,2026-09-06,16850.0
286,2026-09-07,16690.0
286,2026-09-08,16720.0
286,2026-09-09,16720.0
286,2026-09-10,16610.0
286,2026-09-11,16490.0
286,2026-09-12,16260.0
286,2026-09-13,16330.0
286,2026-09-14,16200.0
286,2026-09-15,16170.0
286,2026-09-16,16110.0
286,2026-09-17,15970.0
286,2026-09-18,15770.0
286,2026-09-19,15890.0
286,2026-09-20,15950.0
286,2026-09-21,15680.0
286,2026-09-22,15810.0
287,2026-08-24,42400.0
287,2026-08-25,41950.0
287,2026-08-26,41990.0
287,2026-08-27,41430.0
287,2026-08-28,41520.0
287,2026-08-29,40750.0
287,2026-08-30,40610.0
287,2026-08-31,39780.0
287,2026-09-01,40880.0
287,2026-09-02,40840.0
287,2026-09-03,40000.0
287,2026-09-04,39940.0
287,2026-09-05,39620.0
287,2026-09-06,39820.0
287,2026-09-07,39900.0
287,2026-09-08,38820.0
287,2026-09-09,39350.0
287,2026-09-10,38970.0
287,2026-09-11,38930.0
287,2026-09-12,38880.0
287,2026-09-13,38520.0
287,2026-09-14,38380.0
287,2026-09-15,38190.0
287,2026-09-16,38410.0
287,2026-09-17,38070.0
287,2026-09-18,37850.0
287,2026-09-19,37200.0
287,2026-09-20,37330.0
287,2026-09-21,37580.0
287,2026-09-22,37140.0
288,2026-08-24,66600.0
288,2026-08-25,66980.0
288,2026-08-26,66430.0
288,2026-08-27,65760.0
288,2026-08-28,65270.0
288,2026-08-29,64040.0
288,2026-08-30,65080.0
288,2026-08-31,64810.0
288,2026-09-01,65000.0
288,2026-09-02,64530.0
288,2026-09-03,64270.0
288,2026-09-04,63340.0
288,2026-09-05,63580.0
288,2026-09-06,64120.0
288,2026-09-07,64570.0
288,2026-09-08,63460.0
288,2026-09-09,63500.0
288,2026-09-10,63630.0
288,2026-09-11,62550.0
288,2026-09-12,62970.0
288,2026-09-13,62220.0
288,2026-09-14,62850.0
288,2026-09-15,62300.0
288,2026-09-16,62200.0
288,2026-09-17,61460.0
288,2026-09-18,62040.0
288,2026-09-19,62560.0
288,2026-09-20,60790.0
288,2026-09-21,60950.0
288,2026-09-22,61060.0
289,2026-08-24,28430.0
289,2026-08-25,28030.0
289,2026-08-26,27420.0
289,2026-08-27,28210.0
289,2026-08-28,27970.0
289,2026-08-29,27310.0
289,2026-08-30,27440.0
289,2026-08-31,27800.0
289,2026-09-01,27660.0
289,2026-09-02,27430.0
289,2026-09-03,27080.0
289,2026-09-04,27020.0
289,2026-09-05,26860.0
289,2026-09-06,27010.0
289,2026-09-07,26470.0
289,2026-09-08,26370.0
289,2026-09-09,26640.0
289,2026-09-10,26300.0
289,2026-09-11,26490.0
289,2026-09-12,25940.0
289,2026-09-13,25950.0
289,2026-09-14,25650.0
289,2026-09-15,25740.0
289,2026-09-16,25300.0
289,2026-09-17,25400.0
289,2026-09-18,25080.0
289,2026-09-19,25430.0
289,2026-09-20,25320.0
289,2026-09-21,24670.0
289,2026-09-22,25220.0
290,2026-08-24,59570.0
290,2026-08-25,58250.0
290,2026-08-26,57720.0
290,2026-08-27,59060.0
290,2026-08-28,56970.0
290,2026-08-29,57350.0
290,2026-08-30,57210.0
290,2026-08-31,57510.0
290,2026-09-01,56850.0
290,2026-09-02,56240.0
290,2026-09-03,55810.0
290,2026-09-04,55870.0
290,2026-09-05,55350.0
290,2026-09-06,55600.0
290,2026-09-07,55110.0
290,2026-09-08,54470.0
290,2026-09-09,55490.0
290,2026-09-10,54470.0
290,2026-09-11,53910.0
290,2026-09-12,54180.0
290,2026-09-13,54070.0
290,2026-09-14,53030.0
290,2026-09-15,53750.0
290,2026-09-16,52900.0
290,2026-09-17,53930.0
290,2026-09-18,53170.0
290,2026-09-19,52530.0
290,2026-09-20,52160.0
290,2026-09-21,52230.0
290,2026-09-22,52330.0
291,2026-08-24,43010.0
291,2026-08-25,42790.0
291,2026-08-26,42720.0
291,2026-08-27,42350.0
291,2026-08-28,42280.0
291,2026-08-29,41560.0
291,2026-08-30,42410.0
291,2026-08-31,42030.0
291,2026-09-01,41520.0
291,2026-09-02,42250.0
291,2026-09-03,41500.0
291,2026-09-04,40970.0
291,2026-09-05,41440.0
291,2026-09-06,41130.0
291,2026-09-07,40980.0
291,2026-09-08,40550.0
291,2026-09-09,40690.0
291,2026-09-10,40300.0
291,2026-09-11,40410.0
291,2026-09-12,39450.0
291,2026-09-13,39780.0
291,2026-09-14,40330.0
291,2026-09-15,39360.0
291,2026-09-16,39260.0
291,2026-09-17,39150.0
291,2026-09-18,38750.0
291,2026-09-19,38260.0
291,2026-09-20,38760.0
291,2026-09-21,38730.0
291,2026-09-22,38510.0
292,2026-08-24,76730.0
292,2026-08-25,76510.0
292,2026-08-26,76750.0
292,2026-08-27,75710.0
292,2026-08-28,75160.0
292,2026-08-29,75000.0
292,2026-08-30,75170.0
292,2026-08-31,75330.0
292,2026-09-01,73810.0
292,2026-09-02,73910.0
292,2026-09-03,73720.0
292,2026-09-04,72620.0
292,2026-09-05,72880.0
292,2026-09-06,71680.0
292,2026-09-07,71180.0
292,2026-09-08,72090.0
292,2026-09-09,71330.0
292,2026-09-10,71340.0
292,2026-09-11,70880.0
292,2026-09-12,70000.0
292,2026-09-13,70210.0
292,2026-09-14,69190.0
292,2026-09-15,70380.0
292,2026-09-16,68460.0
292,2026-09-17,68800.0
292,2026-09-18,67980.0
292,2026-09-19,68590.0
292,2026-09-20,67740.0
292,2026-09-21,67300.0
292,2026-09-22,67770.0
293,2026-08-24,77500.0
293,2026-08-25,77510.0
293,2026-08-26,76360.0
293,2026-08-27,75830.0
293,2026-08-28,76440.0
293,2026-08-29,75910.0
293,2026-08-30,76190.0
293,2026-08-31,75500.0
293,2026-09-01,75380.0
293,2026-09-02,74040.0
293,2026-09-03,75820.0
293,2026-09-04,74340.0
293,2026-09-05,74560.0
293,2026-09-06,73390.0
293,2026-09-07,73780.0
293,2026-09-08,72560.0
293,2026-09-09,73310.0
293,2026-09-10,72560.0
293,2026-09-11,72510.0
293,2026-09-12,72620.0
293,2026-09-13,71210.0
293,2026-09-14,71250.0
293,2026-09-15,71650.0
293,2026-09-16,72330.0
293,2026-09-17,70740.0
293,2026-09-18,70890.0
293,2026-09-19,70200.0
293,2026-09-20,71130.0
293,2026-09-21,68690.0
293,2026-09-22,69490.0
294,2026-08-24,35040.0
294,2026-08-25,34670.0
294,2026-08-26,35270.0
294,2026-08-27,35090.0
294,2026-08-28,34830.0
294,2026-08-29,34740.0
294,2026-08-30,35450.0
294,2026-08-31,34410.0
294,2026-09-01,34470.0
294,2026-09-02,34020.0
294,2026-09-03,34130.0
294,2026-09-04,33850.0
294,2026-09-05,33660.0
294,2026-09-06,34110.0
294,2026-09-07,33790.0
294,2026-09-08,33370.0
294,2026-09-09,32580.0
294,2026-09-10,32960.0
294,2026-09-11,33630.0
294,2026-09-12,32710.0
294,2026-09-13,32920.0
294,2026-09-14,32870.0
294,2026-09-15,32400.0
294,2026-09-16,31970.0
294,2026-09-17,31410.0
294,2026-09-18,32100.0
294,2026-09-19,31550.0
294,2026-09-20,31680.0
294,2026-09-21,31150.0
294,2026-09-22,31270.0
295,2026-08-24,8210.0
295,2026-08-25,8190.0
295,2026-08-26,8070.0
295,2026-08-27,8180.0
295,2026-08-28,8040.0
295,2026-08-29,7940.0
295,2026-08-30,8010.0
295,2026-08-31,7980.0
295,2026-09-01,7960.0
295,2026-09-02,8000.0
295,2026-09-03,7870.0
295,2026-09-04,7840.0
295,2026-09-05,7750.0
295,2026-09-06,7840.0
295,2026-09-07,7760.0
295,2026-09-08,7700.0
295,2026-09-09,7570.0
295,2026-09-10,7750.0
295,2026-09-11,7550.0
295,2026-09-12,7550.0
295,2026-09-13,7580.0
295,2026-09-14,7450.0
295,2026-09-15,7400.0
295,2026-09-16,7330.0
295,2026-09-17,7470.0
295,2026-09-18,7360.0
295,2026-09-19,7540.0
295,2026-09-20,7270.0
295,2026-09-21,7240.0
295,2026-09-22,7230.0
296,2026-08-24,95270.0
296,2026-08-25,94380.0
296,2026-08-26,94760.0
296,2026-08-27,93250.0
296,2026-08-28,92580.0
296,2026-08-29,91900.0
296,2026-08-30,91210.0
296,2026-08-31,92040.0
296,2026-09-01,91810.0
296,2026-09-02,91190.0
296,2026-09-03,92140.0
296,2026-09-04,91750.0
296,2026-09-05,90250.0
296,2026-09-06,88830.0
296,2026-09-07,89320.0
296,2026-09-08,88910.0
296,2026-09-09,88490.0
296,2026-09-10,88070.0
296,2026-09-11,87720.0
296,2026-09-12,87530.0
296,2026-09-13,86970.0
296,2026-09-14,87180.0
296,2026-09-15,86910.0
296,2026-09-16,85620.0
296,2026-09-17,86790.0
296,2026-09-18,84800.0
296,2026-09-19,83960.0
296,2026-09-20,85000.0
296,2026-09-21,83770.0
296,2026-09-22,84190.0
297,2026-08-24,18940.0
297,2026-08-25,19440.0
297,2026-08-26,19260.0
297,2026-08-27,18880.0
297,2026-08-28,18810.0
297,2026-08-29,19210.0
297,2026-08-30,18790.0
297,2026-08-31,18710.0
297,2026-09-01,18430.0
297,2026-09-02,18640.0
297,2026-09-03,18600.0
297,2026-09-04,18670.0
297,2026-09-05,18290.0
297,2026-09-06,18200.0
297,2026-09-07,18430.0
297,2026-09-08,18440.0
297,2026-09-09,17990.0
297,2026-09-10,18320.0
297,2026-09-11,18100.0
297,2026-09-12,18190.0
297,2026-09-13,17950.0
297,2026-09-14,17520.0
297,2026-09-15,17800.0
297,2026-09-16,17910.0
297,2026-09-17,17560.0
297,2026-09-18,17570.0
297,2026-09-19,17530.0
297,2026-09-20,17060.0
297,2026-09-21,17670.0
297,2026-09-22,17220.0
298,2026-08-24,16110.0
298,2026-08-25,15980.0
298,2026-08-26,16080.0
298,2026-08-27,15920.0
298,2026-08-28,15780.0
298,2026-08-29,15630.0
298,2026-08-30,15780.0
298,2026-08-31,15390.0
298,2026-09-01,15630.0
298,2026-09-02,15360.0
298,2026-09-03,15580.0
298,2026-09-04,15390.0
298,2026-09-05,15390.0
298,2026-09-06,15260.0
298,2026-09-07,14970.0
298,2026-09-08,15020.0
298,2026-09-09,15140.0
298,2026-09-10,15020.0
298,2026-09-11,15080.0
298,2026-09-12,14920.0
298,2026-09-13,14690.0
298,2026-09-14,14650.0
298,2026-09-15,14700.0
298,2026-09-16,14340.0
298,2026-09-17,14760.0
298,2026-09-18,14550.0
298,2026-09-19,14590.0
298,2026-09-20,14180.0
298,2026-09-21,14460.0
298,2026-09-22,14520.0
299,2026-08-24,21860.0
299,2026-08-25,22120.0
299,2026-08-26,21900.0
299,2026-08-27,21540.0
299,2026-08-28,21790.0
299,2026-08-29,21760.0
299,2026-08-30,21430.0
299,2026-08-31,21630.0
299,2026-09-01,21060.0
299,2026-09-02,21000.0
299,2026-09-03,21180.0
299,2026-09-04,21070.0
299,2026-09-05,20850.0
299,2026-09-06,21020.0
299,2026-09-07,20880.0
299,2026-09-08,20840.0
299,2026-09-09,20580.0
299,2026-09-10,20610.0
299,2026-09-11,20350.0
299,2026-09-12,20670.0
299,2026-09-13,20100.0
299,2026-09-14,20500.0
299,2026-09-15,20060.0
299,2026-09-16,19730.0
299,2026-09-17,20100.0
299,2026-09-18,19800.0
299,2026-09-19,19830.0
299,2026-09-20,19800.0
299,2026-09-21,19560.0
299,2026-09-22,19310.0
300,2026-08-24,38750.0
300,2026-08-25,38310.0
300,2026-08-26,38360.0
300,2026-08-27,37370.0
300,2026-08-28,37980.0
300,2026-08-29,37510.0
300,2026-08-30,38030.0
300,2026-08-31,37570.0
300,2026-09-01,37300.0
300,2026-09-02,37220.0
300,2026-09-03,36630.0
300,2026-09-04,37250.0
300,2026-09-05,37210.0
300,2026-09-06,36580.0
300,2026-09-07,36780.0
300,2026-09-08,35990.0
300,2026-09-09,35770.0
300,2026-09-10,35870.0
300,2026-09-11,35830.0
300,2026-09-12,35430.0
300,2026-09-13,35550.0
300,2026-09-14,35330.0
300,2026-09-15,34800.0
300,2026-09-16,35090.0
300,2026-09-17,35040.0
300,2026-09-18,34680.0
300,2026-09-19,34810.0
300,2026-09-20,33970.0
300,2026-09-21,34310.0
300,2026-09-22,33670.0
301,2026-08-24,18980.0
301,2026-08-25,18970.0
301,2026-08-26,18850.0
301,2026-08-27,18830.0
301,2026-08-28,18800.0
301,2026-08-29,18870.0
301,2026-08-30,18630.0
301,2026-08-31,18370.0
301,2026-09-01,18680.0
301,2026-09-02,18320.0
301,2026-09-03,18350.0
301,2026-09-04,18350.0
301,2026-09-05,18240.0
301,2026-09-06,18290.0
301,2026-09-07,18120.0
301,2026-09-08,17850.0
301,2026-09-09,18210.0
301,2026-09-10,17840.0
301,2026-09-11,17720.0
301,2026-09-12,17800.0
301,2026-09-13,17620.0
301,2026-09-14,17560.0
301,2026-09-15,17790.0
301,2026-09-16,17310.0
301,2026-09-17,17220.0
301,2026-09-18,17210.0
301,2026-09-19,17270.0
301,2026-09-20,16820.0
301,2026-09-21,16680.0
301,2026-09-22,16800.0
302,2026-08-24,1750.0
302,2026-08-25,1760.0
302,2026-08-26,1770.0
302,2026-08-27,1740.0
302,2026-08-28,1730.0
302,2026-08-29,1740.0
302,2026-08-30,1750.0
302,2026-08-31,1710.0
302,2026-09-01,1740.0
302,2026-09-02,1730.0
302,2026-09-03,1730.0
302,2026-09-04,1730.0
302,2026-09-05,1730.0
302,2026-09-06,1690.0
302,2026-09-07,1690.0
302,2026-09-08,1680.0
302,2026-09-09,1680.0
302,2026-09-10,1700.0
302,2026-09-11,1650.0
302,2026-09-12,1650.0
302,2026-09-13,1680.0
302,2026-09-14,1670.0
302,2026-09-15,1640.0
302,2026-09-16,1650.0
302,2026-09-17,1640.0
302,2026-09-18,1650.0
302,2026-09-19,1620.0
302,2026-09-20,1630.0
302,2026-09-21,1650.0
302,2026-09-22,1610.0
303,2026-08-24,10570.0
303,2026-08-25,10580.0
303,2026-08-26,10460.0
303,2026-08-27,10640.0
303,2026-08-28,10420.0
303,2026-08-29,10350.0
303,2026-08-30,10260.0
303,2026-08-31,10380.0
303,2026-09-01,10320.0
303,2026-09-02,10170.0
303,2026-09-03,10220.0
303,2026-09-04,10010.0
303,2026-09-05,10110.0
303,2026-09-06,10090.0
303,2026-09-07,10150.0
303,2026-09-08,9910.0
303,2026-09-09,9830.0
303,2026-09-10,9820.0
303,2026-09-11,9750.0
303,2026-09-12,9920.0
303,2026-09-13,9900.0
303,2026-09-14,9760.0
303,2026-09-15,9800.0
303,2026-09-16,9670.0
303,2026-09-17,9610.0
303,2026-09-18,9550.0
303,2026-09-19,9520.0
303,2026-09-20,9380.0
303,2026-09-21,9480.0
303,2026-09-22,9420.0
304,2026-08-24,4060.0
304,2026-08-25,4030.0
304,2026-08-26,4000.0
304,2026-08-27,3960.0
304,2026-08-28,3970.0
304,2026-08-29,3970.0
304,2026-08-30,3900.0
304,2026-08-31,3920.0
304,2026-09-01,3910.0
304,2026-09-02,3860.0
304,2026-09-03,3850.0
304,2026-09-04,3850.0
304,2026-09-05,3790.0
304,2026-09-06,3820.0
304,2026-09-07,3770.0
304,2026-09-08,3810.0
304,2026-09-09,3830.0
304,2026-09-10,3710.0
304,2026-09-11,3740.0
304,2026-09-12,3680.0
304,2026-09-13,3720.0
304,2026-09-14,3630.0
304,2026-09-15,3660.0
304,2026-09-16,3610.0
304,2026-09-17,3610.0
304,2026-09-18,3570.0
304,2026-09-19,3600.0
304,2026-09-20,3540.0
304,2026-09-21,3560.0
304,2026-09-22,3520.0
305,2026-08-24,2080.0
305,2026-08-25,2080.0
305,2026-08-26,2060.0
305,2026-08-27,2070.0
305,2026-08-28,2080.0
305,2026-08-29,2040.0
305,2026-08-30,2060.0
305,2026-08-31,2060.0
305,2026-09-01,2020.0
305,2026-09-02,2000.0
305,2026-09-03,2030.0
305,2026-09-04,2010.0
305,2026-09-05,2040.0
305,2026-09-06,2000.0
305,2026-09-07,1980.0
305,2026-09-08,1970.0
305,2026-09-09,2000.0
305,2026-09-10,1970.0
305,2026-09-11,1970.0
305,2026-09-12,1980.0
305,2026-09-13,1950.0
305,2026-09-14,1950.0
305,2026-09-15,1950.0
305,2026-09-16,1950.0
305,2026-09-17,1940.0
305,2026-09-18,1920.0
305,2026-09-19,1920.0
305,2026-09-20,1910.0
305,2026-09-21,1880.0
305,2026-09-22,1910.0
306,2026-08-24,13620.0
306,2026-08-25,13280.0
306,2026-08-26,13230.0
306,2026-08-27,13170.0
306,2026-08-28,13280.0
306,2026-08-29,13190.0
306,2026-08-30,13070.0
306,2026-08-31,12940.0
306,2026-09-01,12990.0
306,2026-09-02,12770.0
306,2026-09-03,12890.0
306,2026-09-04,12900.0
306,2026-09-05,12630.0
306,2026-09-06,12550.0
306,2026-09-07,12810.0
306,2026-09-08,12530.0
306,2026-09-09,12660.0
306,2026-09-10,12470.0
306,2026-09-11,12410.0
306,2026-09-12,12420.0
306,2026-09-13,12230.0
306,2026-09-14,12280.0
306,2026-09-15,12170.0
306,2026-09-16,12020.0
306,2026-09-17,12130.0
306,2026-09-18,12020.0
306,2026-09-19,11970.0
306,2026-09-20,11810.0
306,2026-09-21,12040.0
306,2026-09-22,11910.0
307,2026-08-24,14850.0
307,2026-08-25,14660.0
307,2026-08-26,14450.0
307,2026-08-27,14820.0
307,2026-08-28,14540.0
307,2026-08-29,14420.0
307,2026-08-30,14500.0
307,2026-08-31,14530.0
307,2026-09-01,14350.0
307,2026-09-02,14450.0
307,2026-09-03,14380.0
307,2026-09-04,14090.0
307,2026-09-05,14080.0
307,2026-09-06,14220.0
307,2026-09-07,13760.0
307,2026-09-08,13990.0
307,2026-09-09,13800.0
307,2026-09-10,13860.0
307,2026-09-11,13830.0
307,2026-09-12,13780.0
307,2026-09-13,13700.0
307,2026-09-14,13590.0
307,2026-09-15,13930.0
307,2026-09-16,13830.0
307,2026-09-17,13440.0
307,2026-09-18,13700.0
307,2026-09-19,13430.0
307,2026-09-20,13440.0
307,2026-09-21,13370.0
307,2026-09-22,13250.0
308,2026-08-24,3230.0
308,2026-08-25,3200.0
308,2026-08-26,3170.0
308,2026-08-27,3140.0
308,2026-08-28,3140.0
308,2026-08-29,3110.0
308,2026-08-30,3140.0
308,2026-08-31,3090.0
308,2026-09-01,3110.0
308,2026-09-02,3130.0
308,2026-09-03,3120.0
308,2026-09-04,3080.0
308,2026-09-05,3060.0
308,2026-09-06,3100.0
308,2026-09-07,3050.0
308,2026-09-08,3020.0
308,2026-09-09,2980.0
308,2026-09-10,3010.0
308,2026-09-11,3010.0
308,2026-09-12,2960.0
308,2026-09-13,2970.0
308,2026-09-14,2950.0
308,2026-09-15,2940.0
308,2026-09-16,2870.0
308,2026-09-17,2910.0
308,2026-09-18,2930.0
308,2026-09-19,2880.0
308,2026-09-20,2880.0
308,2026-09-21,2850.0
308,2026-09-22,2870.0
309,2026-08-24,20730.0
309,2026-08-25,20540.0
309,2026-08-26,20820.0
309,2026-08-27,20670.0
309,2026-08-28,20350.0
309,2026-08-29,20440.0
309,2026-08-30,20370.0
309,2026-08-31,20310.0
309,2026-09-01,19860.0
309,2026-09-02,20210.0
309,2026-09-03,19880.0
309,2026-09-04,19830.0
309,2026-09-05,20220.0
309,2026-09-06,19780.0
309,2026-09-07,19590.0
309,2026-09-08,19220.0
309,2026-09-09,19710.0
309,2026-09-10,19200.0
309,2026-09-11,19170.0
309,2026-09-12,19200.0
309,2026-09-13,19390.0
309,2026-09-14,19210.0
309,2026-09-15,18980.0
309,2026-09-16,18980.0
309,2026-09-17,18760.0
309,2026-09-18,18790.0
309,2026-09-19,18700.0
309,2026-09-20,18760.0
309,2026-09-21,18680.0
309,2026-09-22,18530.0
310,2026-08-24,9340.0
310,2026-08-25,9380.0
310,2026-08-26,9290.0
310,2026-08-27,9180.0
310,2026-08-28,9190.0
310,2026-08-29,9190.0
310,2026-08-30,9210.0
310,2026-08-31,9090.0
310,2026-09-01,8980.0
310,2026-09-02,9040.0
310,2026-09-03,9000.0
310,2026-09-04,8970.0
310,2026-09-05,8990.0
310,2026-09-06,8960.0
310,2026-09-07,8810.0
310,2026-09-08,8770.0
310,2026-09-09,8700.0
310,2026-09-10,8790.0
310,2026-09-11,8800.0
310,2026-09-12,8640.0
310,2026-09-13,8610.0
310,2026-09-14,8690.0
310,2026-09-15,8590.0
310,2026-09-16,8550.0
310,2026-09-17,8390.0
310,2026-09-18,8490.0
310,2026-09-19,8340.0
310,2026-09-20,8290.0
310,2026-09-21,8310.0
310,2026-09-22,8250.0
311,2026-08-24,10340.0
311,2026-08-25,10210.0
311,2026-08-26,10360.0
311,2026-08-27,10340.0
311,2026-08-28,10060.0
311,2026-08-29,10260.0
311,2026-08-30,10080.0
311,2026-08-31,10180.0
311,2026-09-01,10080.0
311,2026-09-02,10050.0
311,2026-09-03,10000.0
311,2026-09-04,10070.0
311,2026-09-05,9850.0
311,2026-09-06,9960.0
311,2026-09-07,9960.0
311,2026-09-08,9900.0
311,2026-09-09,9990.0
311,2026-09-10,9730.0
311,2026-09-11,9820.0
311,2026-09-12,9700.0
311,2026-09-13,9770.0
311,2026-09-14,9640.0
311,2026-09-15,9570.0
311,2026-09-16,9670.0
311,2026-09-17,9500.0
311,2026-09-18,9390.0
311,2026-09-19,9430.0
311,2026-09-20,9480.0
311,2026-09-21,9510.0
311,2026-09-22,9370.0
312,2026-08-24,12610.0
312,2026-08-25,12320.0
312,2026-08-26,12360.0
312,2026-08-27,12330.0
312,2026-08-28,12310.0
312,2026-08-29,12280.0
312,2026-08-30,12300.0
312,2026-08-31,12150.0
312,2026-09-01,12160.0
312,2026-09-02,12100.0
312,2026-09-03,11970.0
312,2026-09-04,12010.0
312,2026-09-05,11960.0
312,2026-09-06,11910.0
312,2026-09-07,11890.0
312,2026-09-08,11850.0
312,2026-09-09,11760.0
312,2026-09-10,11880.0
312,2026-09-11,11600.0
312,2026-09-12,11600.0
312,2026-09-13,11890.0
312,2026-09-14,11490.0
312,2026-09-15,11420.0
312,2026-09-16,11570.0
312,2026-09-17,11260.0
312,2026-09-18,11390.0
312,2026-09-19,11570.0
312,2026-09-20,11180.0
312,2026-09-21,11100.0
312,2026-09-22,11100.0
313,2026-08-24,9040.0
313,2026-08-25,9030.0
313,2026-08-26,8880.0
313,2026-08-27,8930.0
313,2026-08-28,8950.0
313,2026-08-29,8950.0
313,2026-08-30,8770.0
313,2026-08-31,8600.0
313,2026-09-01,8670.0
313,2026-09-02,8670.0
313,2026-09-03,8650.0
313,2026-09-04,8620.0
313,2026-09-05,8680.0
313,2026-09-06,8660.0
313,2026-09-07,8530.0
313,2026-09-08,8580.0
313,2026-09-09,8500.0
313,2026-09-10,8450.0
313,2026-09-11,8480.0
313,2026-09-12,8390.0
313,2026-09-13,8490.0
313,2026-09-14,8220.0
313,2026-09-15,8250.0
313,2026-09-16,8250.0
313,2026-09-17,8250.0
313,2026-09-18,8280.0
313,2026-09-19,8160.0
313,2026-09-20,8030.0
313,2026-09-21,8160.0
313,2026-09-22,8120.0
314,2026-08-24,17110.0
314,2026-08-25,17300.0
314,2026-08-26,17030.0
314,2026-08-27,17080.0
314,2026-08-28,16990.0
314,2026-08-29,17150.0
314,2026-08-30,16990.0
314,2026-08-31,16750.0
314,2026-09-01,16970.0
314,2026-09-02,16600.0
314,2026-09-03,16770.0
314,2026-09-04,16550.0
314,2026-09-05,16550.0
314,2026-09-06,16600.0
314,2026-09-07,16540.0
314,2026-09-08,16580.0
314,2026-09-09,16330.0
314,2026-09-10,16320.0
314,2026-09-11,16160.0
314,2026-09-12,16180.0
314,2026-09-13,16150.0
314,2026-09-14,16010.0
314,2026-09-15,15730.0
314,2026-09-16,15940.0
314,2026-09-17,15880.0
314,2026-09-18,15680.0
314,2026-09-19,15540.0
314,2026-09-20,15840.0
314,2026-09-21,15640.0
314,2026-09-22,15490.0
315,2026-08-24,12680.0
315,2026-08-25,12660.0
315,2026-08-26,12820.0
315,2026-08-27,12650.0
315,2026-08-28,12530.0
315,2026-08-29,12590.0
315,2026-08-30,12410.0
315,2026-08-31,12590.0
315,2026-09-01,12520.0
315,2026-09-02,12290.0
315,2026-09-03,12230.0
315,2026-09-04,11980.0
315,2026-09-05,12040.0
315,2026-09-06,12010.0
315,2026-09-07,12100.0
315,2026-09-08,12010.0
315,2026-09-09,11860.0
315,2026-09-10,11910.0
315,2026-09-11,11940.0
315,2026-09-12,11890.0
315,2026-09-13,11600.0
315,2026-09-14,11730.0
315,2026-09-15,11550.0
315,2026-09-16,11730.0
315,2026-09-17,11670.0
315,2026-09-18,11450.0
315,2026-09-19,11420.0
315,2026-09-20,11400.0
315,2026-09-21,11170.0
315,2026-09-22,11370.0
316,2026-08-24,14340.0
316,2026-08-25,14420.0
316,2026-08-26,14140.0
316,2026-08-27,14130.0
316,2026-08-28,13980.0
316,2026-08-29,13970.0
316,2026-08-30,13900.0
316,2026-08-31,14080.0
316,2026-09-01,13840.0
316,2026-09-02,13870.0
316,2026-09-03,13760.0
316,2026-09-04,13600.0
316,2026-09-05,13670.0
316,2026-09-06,13690.0
316,2026-09-07,13440.0
316,2026-09-08,13600.0
316,2026-09-09,13360.0
316,2026-09-10,13350.0
316,2026-09-11,13400.0
316,2026-09-12,13210.0
316,2026-09-13,13230.0
316,2026-09-14,13140.0
316,2026-09-15,13130.0
316,2026-09-16,12800.0
316,2026-09-17,12800.0
316,2026-09-18,13010.0
316,2026-09-19,13000.0
316,2026-09-20,12730.0
316,2026-09-21,12740.0
316,2026-09-22,12750.0
317,2026-08-24,17450.0
317,2026-08-25,17030.0
317,2026-08-26,17130.0
317,2026-08-27,17150.0
317,2026-08-28,17240.0
317,2026-08-29,17420.0
317,2026-08-30,17010.0
317,2026-08-31,16790.0
317,2026-09-01,16980.0
317,2026-09-02,17050.0
317,2026-09-03,16840.0
317,2026-09-04,16650.0
317,2026-09-05,16850.0
317,2026-09-06,16750.0
317,2026-09-07,16470.0
317,2026-09-08,16610.0
317,2026-09-09,16640.0
317,2026-09-10,16610.0
317,2026-09-11,16390.0
317,2026-09-12,16300.0
317,2026-09-13,16460.0
317,2026-09-14,16080.0
317,2026-09-15,16250.0
317,2026-09-16,15950.0
317,2026-09-17,16230.0
317,2026-09-18,16000.0
317,2026-09-19,16150.0
317,2026-09-20,15990.0
317,2026-09-21,15710.0
317,2026-09-22,16010.0
318,2026-08-24,7010.0
318,2026-08-25,6950.0
318,2026-08-26,6840.0
318,2026-08-27,6840.0
318,2026-08-28,6850.0
318,2026-08-29,6780.0
318,2026-08-30,6890.0
318,2026-08-31,6780.0
318,2026-09-01,6610.0
318,2026-09-02,6750.0
318,2026-09-03,6690.0
318,2026-09-04,6680.0
318,2026-09-05,6650.0
318,2026-09-06,6690.0
318,2026-09-07,6680.0
318,2026-09-08,6620.0
318,2026-09-09,6560.0
318,2026-09-10,6560.0
318,2026-09-11,6540.0
318,2026-09-12,6480.0
318,2026-09-13,6530.0
318,2026-09-14,6500.0
318,2026-09-15,6540.0
318,2026-09-16,6500.0
318,2026-09-17,6370.0
318,2026-09-18,6430.0
318,2026-09-19,6320.0
318,2026-09-20,6380.0
318,2026-09-21,6300.0
318,2026-09-22,6250.0
319,2026-08-24,3830.0
319,2026-08-25,3730.0
319,2026-08-26,3750.0
319,2026-08-27,3780.0
319,2026-08-28,3770.0
319,2026-08-29,3750.0
319,2026-08-30,3700.0
319,2026-08-31,3710.0
319,2026-09-01,3730.0
319,2026-09-02,3720.0
319,2026-09-03,3690.0
319,2026-09-04,3710.0
319,2026-09-05,3680.0
319,2026-09-06,3630.0
319,2026-09-07,3630.0
319,2026-09-08,3590.0
319,2026-09-09,3610.0
319,2026-09-10,3630.0
319,2026-09-11,3610.0
319,2026-09-12,3620.0
319,2026-09-13,3550.0
319,2026-09-14,3590.0
319,2026-09-15,3530.0
319,2026-09-16,3570.0
319,2026-09-17,3510.0
319,2026-09-18,3520.0
319,2026-09-19,3530.0
319,2026-09-20,3460.0
319,2026-09-21,3460.0
319,2026-09-22,3480.0
320,2026-08-24,1680.0
320,2026-08-25,1660.0
320,2026-08-26,1700.0
320,2026-08-27,1660.0
320,2026-08-28,1660.0
320,2026-08-29,1670.0
320,2026-08-30,1640.0
320,2026-08-31,1630.0
320,2026-09-01,1640.0
320,2026-09-02,1610.0
320,2026-09-03,1620.0
320,2026-09-04,1630.0
320,2026-09-05,1610.0
320,2026-09-06,1590.0
320,2026-09-07,1630.0
320,2026-09-08,1600.0
320,2026-09-09,1610.0
320,2026-09-10,1590.0
320,2026-09-11,1570.0
320,2026-09-12,1580.0
320,2026-09-13,1570.0
320,2026-09-14,1550.0
320,2026-09-15,1580.0
320,2026-09-16,1550.0
320,2026-09-17,1530.0
320,2026-09-18,1560.0
320,2026-09-19,1530.0
320,2026-09-20,1530.0
320,2026-09-21,1510.0
320,2026-09-22,1550.0
321,2026-08-24,10420.0
321,2026-08-25,10500.0
321,2026-08-26,10530.0
321,2026-08-27,10460.0
321,2026-08-28,10390.0
321,2026-08-29,10220.0
321,2026-08-30,10260.0
321,2026-08-31,10310.0
321,2026-09-01,10200.0
321,2026-09-02,10250.0
321,2026-09-03,10260.0
321,2026-09-04,10250.0
321,2026-09-05,10040.0
321,2026-09-06,10280.0
321,2026-09-07,10130.0
321,2026-09-08,10040.0
321,2026-09-09,10090.0
321,2026-09-10,10170.0
321,2026-09-11,9820.0
321,2026-09-12,9890.0
321,2026-09-13,9680.0
321,2026-09-14,9860.0
321,2026-09-15,9840.0
321,2026-09-16,9780.0
321,2026-09-17,9690.0
321,2026-09-18,9550.0
321,2026-09-19,9710.0
321,2026-09-20,9770.0
321,2026-09-21,9570.0
321,2026-09-22,9620.0
322,2026-08-24,5040.0
322,2026-08-25,5100.0
322,2026-08-26,5040.0
322,2026-08-27,5010.0
322,2026-08-28,4980.0
322,2026-08-29,4980.0
322,2026-08-30,4980.0
322,2026-08-31,4890.0
322,2026-09-01,4910.0
322,2026-09-02,4900.0
322,2026-09-03,4830.0
322,2026-09-04,4920.0
322,2026-09-05,4800.0
322,2026-09-06,4780.0
322,2026-09-07,4750.0
322,2026-09-08,4830.0
322,2026-09-09,4760.0
322,2026-09-10,4680.0
322,2026-09-11,4740.0
322,2026-09-12,4680.0
322,2026-09-13,4660.0
322,2026-09-14,4610.0
322,2026-09-15,4570.0
322,2026-09-16,4590.0
322,2026-09-17,4540.0
322,2026-09-18,4600.0
322,2026-09-19,4460.0
322,2026-09-20,4550.0
322,2026-09-21,4460.0
322,2026-09-22,4450.0
323,2026-08-24,9510.0
323,2026-08-25,9370.0
323,2026-08-26,9440.0
323,2026-08-27,9150.0
323,2026-08-28,9260.0
323,2026-08-29,9210.0
323,2026-08-30,9150.0
323,2026-08-31,9190.0
323,2026-09-01,9200.0
323,2026-09-02,9180.0
323,2026-09-03,9120.0
323,2026-09-04,9020.0
323,2026-09-05,9060.0
323,2026-09-06,9000.0
323,2026-09-07,9030.0
323,2026-09-08,8980.0
323,2026-09-09,8890.0
323,2026-09-10,8790.0
323,2026-09-11,8770.0
323,2026-09-12,8750.0
323,2026-09-13,8730.0
323,2026-09-14,8730.0
323,2026-09-15,8730.0
323,2026-09-16,8640.0
323,2026-09-17,8610.0
323,2026-09-18,8590.0
323,2026-09-19,8500.0
323,2026-09-20,8440.0
323,2026-09-21,8350.0
323,2026-09-22,8390.0
324,2026-08-24,16390.0
324,2026-08-25,16180.0
324,2026-08-26,16180.0
324,2026-08-27,16210.0
324,2026-08-28,16160.0
324,2026-08-29,15900.0
324,2026-08-30,16100.0
324,2026-08-31,16060.0
324,2026-09-01,15720.0
324,2026-09-02,15700.0
324,2026-09-03,15890.0
324,2026-09-04,15670.0
324,2026-09-05,15350.0
324,2026-09-06,15390.0
324,2026-09-07,15480.0
324,2026-09-08,15300.0
324,2026-09-09,15340.0
324,2026-09-10,15340.0
324,2026-09-11,15460.0
324,2026-09-12,15180.0
324,2026-09-13,15290.0
324,2026-09-14,15280.0
324,2026-09-15,15220.0
324,2026-09-16,15020.0
324,2026-09-17,14670.0
324,2026-09-18,14920.0
324,2026-09-19,14940.0
324,2026-09-20,14740.0
324,2026-09-21,14910.0
324,2026-09-22,14740.0
325,2026-08-24,14210.0
325,2026-08-25,14210.0
325,2026-08-26,14080.0
325,2026-08-27,13720.0
325,2026-08-28,13880.0
325,2026-08-29,14020.0
325,2026-08-30,13750.0
325,2026-08-31,13760.0
325,2026-09-01,13620.0
325,2026-09-02,13870.0
325,2026-09-03,13810.0
325,2026-09-04,13480.0
325,2026-09-05,13540.0
325,2026-09-06,13400.0
325,2026-09-07,13490.0
325,2026-09-08,13430.0
325,2026-09-09,13410.0
325,2026-09-10,13300.0
325,2026-09-11,13530.0
325,2026-09-12,13050.0
325,2026-09-13,12930.0
325,2026-09-14,13020.0
325,2026-09-15,12840.0
325,2026-09-16,12800.0
325,2026-09-17,12800.0
325,2026-09-18,12750.0
325,2026-09-19,12700.0
325,2026-09-20,12810.0
325,2026-09-21,12640.0
325,2026-09-22,12630.0
326,2026-08-24,1060.0
326,2026-08-25,1040.0
326,2026-08-26,1040.0
326,2026-08-27,1040.0
326,2026-08-28,1020.0
326,2026-08-29,1010.0
326,2026-08-30,1030.0
326,2026-08-31,1030.0
326,2026-09-01,1040.0
326,2026-09-02,1020.0
326,2026-09-03,1020.0
326,2026-09-04,1000.0
326,2026-09-05,1000.0
326,2026-09-06,1010.0
326,2026-09-07,970.0
326,2026-09-08,990.0
326,2026-09-09,1000.0
326,2026-09-10,980.0
326,2026-09-11,990.0
326,2026-09-12,960.0
326,2026-09-13,960.0
326,2026-09-14,960.0
326,2026-09-15,940.0
326,2026-09-16,940.0
326,2026-09-17,940.0
326,2026-09-18,950.0
326,2026-09-19,940.0
326,2026-09-20,930.0
326,2026-09-21,930.0
326,2026-09-22,920.0
327,2026-08-24,9740.0
327,2026-08-25,9610.0
327,2026-08-26,9580.0
327,2026-08-27,9520.0
327,2026-08-28,9550.0
327,2026-08-29,9430.0
327,2026-08-30,9490.0
327,2026-08-31,9300.0
327,2026-09-01,9260.0
327,2026-09-02,9360.0
327,2026-09-03,9260.0
327,2026-09-04,9200.0
327,2026-09-05,9260.0
327,2026-09-06,9110.0
327,2026-09-07,9100.0
327,2026-09-08,9180.0
327,2026-09-09,9150.0
327,2026-09-10,9110.0
327,2026-09-11,8940.0
327,2026-09-12,9010.0
327,2026-09-13,8820.0
327,2026-09-14,8780.0
327,2026-09-15,8640.0
327,2026-09-16,8890.0
327,2026-09-17,8670.0
327,2026-09-18,8680.0
327,2026-09-19,8590.0
327,2026-09-20,8670.0
327,2026-09-21,8550.0
327,2026-09-22,8440.0
328,2026-08-24,8700.0
328,2026-08-25,8550.0
328,2026-08-26,8560.0
328,2026-08-27,8450.0
328,2026-08-28,8470.0
328,2026-08-29,8540.0
328,2026-08-30,8380.0
328,2026-08-31,8380.0
328,2026-09-01,8450.0
328,2026-09-02,8390.0
328,2026-09-03,8520.0
328,2026-09-04,8490.0
328,2026-09-05,8280.0
328,2026-09-06,8350.0
328,2026-09-07,8330.0
328,2026-09-08,8220.0
328,2026-09-09,8130.0
328,2026-09-10,8200.0
328,2026-09-11,8160.0
328,2026-09-12,8120.0
328,2026-09-13,8150.0
328,2026-09-14,8040.0
328,2026-09-15,7990.0
328,2026-09-16,8040.0
328,2026-09-17,8030.0
328,2026-09-18,7900.0
328,2026-09-19,8010.0
328,2026-09-20,7810.0
328,2026-09-21,7860.0
328,2026-09-22,7850.0
329,2026-08-24,8100.0
329,2026-08-25,8070.0
329,2026-08-26,8190.0
329,2026-08-27,7990.0
329,2026-08-28,8160.0
329,2026-08-29,8000.0
329,2026-08-30,7950.0
329,2026-08-31,7940.0
329,2026-09-01,8030.0
329,2026-09-02,7780.0
329,2026-09-03,7740.0
329,2026-09-04,7730.0
329,2026-09-05,7750.0
329,2026-09-06,7600.0
329,2026-09-07,7680.0
329,2026-09-08,7750.0
329,2026-09-09,7620.0
329,2026-09-10,7560.0
329,2026-09-11,7510.0
329,2026-09-12,7570.0
329,2026-09-13,7430.0
329,2026-09-14,7560.0
329,2026-09-15,7540.0
329,2026-09-16,7400.0
329,2026-09-17,7350.0
329,2026-09-18,7380.0
329,2026-09-19,7350.0
329,2026-09-20,7200.0
329,2026-09-21,7190.0
329,2026-09-22,7100.0
330,2026-08-24,10750.0
330,2026-08-25,10730.0
330,2026-08-26,10530.0
330,2026-08-27,10560.0
330,2026-08-28,10450.0
330,2026-08-29,10450.0
330,2026-08-30,10530.0
330,2026-08-31,10380.0
330,2026-09-01,10380.0
330,2026-09-02,10230.0
330,2026-09-03,10340.0
330,2026-09-04,10280.0
330,2026-09-05,10190.0
330,2026-09-06,10190.0
330,2026-09-07,10180.0
330,2026-09-08,10060.0
330,2026-09-09,9970.0
330,2026-09-10,10200.0
330,2026-09-11,9960.0
330,2026-09-12,9960.0
330,2026-09-13,10020.0
330,2026-09-14,10190.0
330,2026-09-15,9750.0
330,2026-09-16,9850.0
330,2026-09-17,9720.0
330,2026-09-18,9690.0
330,2026-09-19,9640.0
330,2026-09-20,9560.0
330,2026-09-21,9620.0
330,2026-09-22,9460.0
331,2026-08-24,2130.0
331,2026-08-25,2100.0
331,2026-08-26,2100.0
331,2026-08-27,2080.0
331,2026-08-28,2070.0
331,2026-08-29,2070.0
331,2026-08-30,2040.0
331,2026-08-31,2040.0
331,2026-09-01,2020.0
331,2026-09-02,2010.0
331,2026-09-03,1990.0
331,2026-09-04,2030.0
331,2026-09-05,1990.0
331,2026-09-06,2010.0
331,2026-09-07,2000.0
331,2026-09-08,1950.0
331,2026-09-09,1950.0
331,2026-09-10,2000.0
331,2026-09-11,1970.0
331,2026-09-12,1930.0
331,2026-09-13,1930.0
331,2026-09-14,1910.0
331,2026-09-15,1910.0
331,2026-09-16,1890.0
331,2026-09-17,1860.0
331,2026-09-18,1860.0
331,2026-09-19,1870.0
331,2026-09-20,1840.0
331,2026-09-21,1850.0
331,2026-09-22,1820.0
332,2026-08-24,3910.0
332,2026-08-25,3940.0
332,2026-08-26,3900.0
332,2026-08-27,3880.0
332,2026-08-28,3880.0
332,2026-08-29,3850.0
332,2026-08-30,3870.0
332,2026-08-31,3790.0
332,2026-09-01,3770.0
332,2026-09-02,3730.0
332,2026-09-03,3740.0
332,2026-09-04,3760.0
332,2026-09-05,3750.0
332,2026-09-06,3730.0
332,2026-09-07,3630.0
332,2026-09-08,3690.0
332,2026-09-09,3590.0
332,2026-09-10,3650.0
332,2026-09-11,3600.0
332,2026-09-12,3610.0
332,2026-09-13,3530.0
332,2026-09-14,3590.0
332,2026-09-15,3490.0
332,2026-09-16,3500.0
332,2026-09-17,3470.0
332,2026-09-18,3430.0
332,2026-09-19,3470.0
332,2026-09-20,3500.0
332,2026-09-21,3510.0
332,2026-09-22,3410.0
333,2026-08-24,13360.0
333,2026-08-25,13230.0
333,2026-08-26,13210.0
333,2026-08-27,13090.0
333,2026-08-28,13100.0
333,2026-08-29,13100.0
333,2026-08-30,12940.0
333,2026-08-31,12950.0
333,2026-09-01,12910.0
333,2026-09-02,12960.0
333,2026-09-03,12730.0
333,2026-09-04,12790.0
333,2026-09-05,12950.0
333,2026-09-06,12840.0
333,2026-09-07,12810.0
333,2026-09-08,12640.0
333,2026-09-09,12630.0
333,2026-09-10,12660.0
333,2026-09-11,12670.0
333,2026-09-12,12280.0
333,2026-09-13,12300.0
333,2026-09-14,12530.0
333,2026-09-15,12320.0
333,2026-09-16,12240.0
333,2026-09-17,12140.0
333,2026-09-18,12170.0
333,2026-09-19,12050.0
333,2026-09-20,12360.0
333,2026-09-21,12110.0
333,2026-09-22,12060.0
334,2026-08-24,3950.0
334,2026-08-25,3940.0
334,2026-08-26,3930.0
334,2026-08-27,3920.0
334,2026-08-28,3850.0
334,2026-08-29,3850.0
334,2026-08-30,3860.0
334,2026-08-31,3810.0
334,2026-09-01,3810.0
334,2026-09-02,3810.0
334,2026-09-03,3800.0
334,2026-09-04,3710.0
334,2026-09-05,3770.0
334,2026-09-06,3730.0
334,2026-09-07,3740.0
334,2026-09-08,3730.0
334,2026-09-09,3740.0
334,2026-09-10,3710.0
334,2026-09-11,3700.0
334,2026-09-12,3690.0
334,2026-09-13,3640.0
334,2026-09-14,3610.0
334,2026-09-15,3620.0
334,2026-09-16,3600.0
334,2026-09-17,3560.0
334,2026-09-18,3560.0
334,2026-09-19,3540.0
334,2026-09-20,3500.0
334,2026-09-21,3540.0
334,2026-09-22,3490.0
335,2026-08-24,13230.0
335,2026-08-25,12810.0
335,2026-08-26,12870.0
335,2026-08-27,12890.0
335,2026-08-28,12950.0
335,2026-08-29,12830.0
335,2026-08-30,12780.0
335,2026-08-31,12580.0
335,2026-09-01,12540.0
335,2026-09-02,12640.0
335,2026-09-03,12420.0
335,2026-09-04,12460.0
335,2026-09-05,12520.0
335,2026-09-06,12320.0
335,2026-09-07,12540.0
335,2026-09-08,12450.0
335,2026-09-09,12130.0
335,2026-09-10,12150.0
335,2026-09-11,11960.0
335,2026-09-12,12070.0
335,2026-09-13,12180.0
335,2026-09-14,12010.0
335,2026-09-15,12060.0
335,2026-09-16,11810.0
335,2026-09-17,12000.0
335,2026-09-18,11820.0
335,2026-09-19,11830.0
335,2026-09-20,11770.0
335,2026-09-21,11610.0
335,2026-09-22,11570.0
336,2026-08-24,13340.0
336,2026-08-25,13220.0
336,2026-08-26,13230.0
336,2026-08-27,13090.0
336,2026-08-28,13010.0
336,2026-08-29,12770.0
336,2026-08-30,12850.0
336,2026-08-31,12810.0
336,2026-09-01,12950.0
336,2026-09-02,12760.0
336,2026-09-03,12780.0
336,2026-09-04,12630.0
336,2026-09-05,12430.0
336,2026-09-06,12450.0
336,2026-09-07,12400.0
336,2026-09-08,12230.0
336,2026-09-09,12220.0
336,2026-09-10,12180.0
336,2026-09-11,12290.0
336,2026-09-12,11870.0
336,2026-09-13,12130.0
336,2026-09-14,11860.0
336,2026-09-15,11750.0
336,2026-09-16,11940.0
336,2026-09-17,11840.0
336,2026-09-18,11830.0
336,2026-09-19,11720.0
336,2026-09-20,11780.0
336,2026-09-21,11570.0
336,2026-09-22,11440.0
337,2026-08-24,14370.0
337,2026-08-25,14410.0
337,2026-08-26,14130.0
337,2026-08-27,14090.0
337,2026-08-28,14070.0
337,2026-08-29,13820.0
337,2026-08-30,14010.0
337,2026-08-31,13730.0
337,2026-09-01,13890.0
337,2026-09-02,13920.0
337,2026-09-03,13720.0
337,2026-09-04,13900.0
337,2026-09-05,13500.0
337,2026-09-06,13730.0
337,2026-09-07,13620.0
337,2026-09-08,13310.0
337,2026-09-09,13730.0
337,2026-09-10,13370.0
337,2026-09-11,13230.0
337,2026-09-12,13120.0
337,2026-09-13,13190.0
337,2026-09-14,13140.0
337,2026-09-15,13110.0
337,2026-09-16,13010.0
337,2026-09-17,13060.0
337,2026-09-18,12890.0
337,2026-09-19,12670.0
337,2026-09-20,12810.0
337,2026-09-21,12510.0
337,2026-09-22,12750.0
338,2026-08-24,3630.0
338,2026-08-25,3650.0
338,2026-08-26,3670.0
338,2026-08-27,3600.0
338,2026-08-28,3640.0
338,2026-08-29,3590.0
338,2026-08-30,3640.0
338,2026-08-31,3570.0
338,2026-09-01,3540.0
338,2026-09-02,3570.0
338,2026-09-03,3530.0
338,2026-09-04,3510.0
338,2026-09-05,3510.0
338,2026-09-06,3510.0
338,2026-09-07,3540.0
338,2026-09-08,3430.0
338,2026-09-09,3480.0
338,2026-09-10,3480.0
338,2026-09-11,3460.0
338,2026-09-12,3480.0
338,2026-09-13,3430.0
338,2026-09-14,3420.0
338,2026-09-15,3430.0
338,2026-09-16,3400.0
338,2026-09-17,3380.0
338,2026-09-18,3390.0
338,2026-09-19,3350.0
338,2026-09-20,3340.0
338,2026-09-21,3330.0
338,2026-09-22,3370.0
339,2026-08-24,11790.0
339,2026-08-25,12070.0
339,2026-08-26,12000.0
339,2026-08-27,11790.0
339,2026-08-28,11930.0
339,2026-08-29,11900.0
339,2026-08-30,11860.0
339,2026-08-31,11520.0
339,2026-09-01,11840.0
339,2026-09-02,11610.0
339,2026-09-03,11690.0
339,2026-09-04,11650.0
339,2026-09-05,11460.0
339,2026-09-06,11550.0
339,2026-09-07,11410.0
339,2026-09-08,11210.0
339,2026-09-09,11460.0
339,2026-09-10,11240.0
339,2026-09-11,11190.0
339,2026-09-12,11180.0
339,2026-09-13,11200.0
339,2026-09-14,11120.0
339,2026-09-15,11130.0
339,2026-09-16,10910.0
339,2026-09-17,10920.0
339,2026-09-18,10940.0
339,2026-09-19,11070.0
339,2026-09-20,10840.0
339,2026-09-21,10910.0
339,2026-09-22,10770.0
340,2026-08-24,19730.0
340,2026-08-25,19700.0
340,2026-08-26,19650.0
340,2026-08-27,19700.0
340,2026-08-28,19750.0
340,2026-08-29,19530.0
340,2026-08-30,19590.0
340,2026-08-31,19210.0
340,2026-09-01,19230.0
340,2026-09-02,19110.0
340,2026-09-03,19210.0
340,2026-09-04,19040.0
340,2026-09-05,19140.0
340,2026-09-06,18830.0
340,2026-09-07,18910.0
340,2026-09-08,18940.0
340,2026-09-09,18470.0
340,2026-09-10,19030.0
340,2026-09-11,18600.0
340,2026-09-12,18280.0
340,2026-09-13,18540.0
340,2026-09-14,18460.0
340,2026-09-15,18380.0
340,2026-09-16,18480.0
340,2026-09-17,18380.0
340,2026-09-18,18240.0
340,2026-09-19,18200.0
340,2026-09-20,18060.0
340,2026-09-21,18270.0
340,2026-09-22,17720.0
341,2026-08-24,5530.0
341,2026-08-25,5510.0
341,2026-08-26,5520.0
341,2026-08-27,5440.0
341,2026-08-28,5380.0
341,2026-08-29,5440.0
341,2026-08-30,5430.0
341,2026-08-31,5470.0
341,2026-09-01,5330.0
341,2026-09-02,5420.0
341,2026-09-03,5450.0
341,2026-09-04,5320.0
341,2026-09-05,5260.0
341,2026-09-06,5280.0
341,2026-09-07,5280.0
341,2026-09-08,5290.0
341,2026-09-09,5220.0
341,2026-09-10,5290.0
341,2026-09-11,5160.0
341,2026-09-12,5120.0
341,2026-09-13,5220.0
341,2026-09-14,5060.0
341,2026-09-15,5130.0
341,2026-09-16,5260.0
341,2026-09-17,5110.0
341,2026-09-18,5040.0
341,2026-09-19,5070.0
341,2026-09-20,5050.0
341,2026-09-21,5040.0
341,2026-09-22,5050.0
342,2026-08-24,5060.0
342,2026-08-25,5140.0
342,2026-08-26,5070.0
342,2026-08-27,5060.0
342,2026-08-28,4990.0
342,2026-08-29,5050.0
342,2026-08-30,4970.0
342,2026-08-31,4970.0
342,2026-09-01,4900.0
342,2026-09-02,4880.0
342,2026-09-03,4920.0
342,2026-09-04,4860.0
342,2026-09-05,4820.0
342,2026-09-06,4810.0
342,2026-09-07,4840.0
342,2026-09-08,4770.0
342,2026-09-09,4770.0
342,2026-09-10,4750.0
342,2026-09-11,4660.0
342,2026-09-12,4660.0
342,2026-09-13,4710.0
342,2026-09-14,4650.0
342,2026-09-15,4690.0
342,2026-09-16,4670.0
342,2026-09-17,4640.0
342,2026-09-18,4660.0
342,2026-09-19,4570.0
342,2026-09-20,4580.0
342,2026-09-21,4510.0
342,2026-09-22,4610.0
343,2026-08-24,1370.0
343,2026-08-25,1350.0
343,2026-08-26,1350.0
343,2026-08-27,1350.0
343,2026-08-28,1330.0
343,2026-08-29,1320.0
343,2026-08-30,1330.0
343,2026-08-31,1320.0
343,2026-09-01,1320.0
343,2026-09-02,1300.0
343,2026-09-03,1290.0
343,2026-09-04,1300.0
343,2026-09-05,1300.0
343,2026-09-06,1290.0
343,2026-09-07,1300.0
343,2026-09-08,1270.0
343,2026-09-09,1260.0
343,2026-09-10,1270.0
343,2026-09-11,1260.0
343,2026-09-12,1270.0
343,2026-09-13,1250.0
343,2026-09-14,1260.0
343,2026-09-15,1270.0
343,2026-09-16,1240.0
343,2026-09-17,1250.0
343,2026-09-18,1220.0
343,2026-09-19,1240.0
343,2026-09-20,1230.0
343,2026-09-21,1230.0
343,2026-09-22,1210.0
344,2026-08-24,20050.0
344,2026-08-25,20350.0
344,2026-08-26,20290.0
344,2026-08-27,20170.0
344,2026-08-28,20280.0
344,2026-08-29,20130.0
344,2026-08-30,20000.0
344,2026-08-31,19900.0
344,2026-09-01,19890.0
344,2026-09-02,20120.0
344,2026-09-03,19770.0
344,2026-09-04,19730.0
344,2026-09-05,19670.0
344,2026-09-06,19730.0
344,2026-09-07,19690.0
344,2026-09-08,19070.0
344,2026-09-09,19650.0
344,2026-09-10,19650.0
344,2026-09-11,19190.0
344,2026-09-12,19140.0
344,2026-09-13,19160.0
344,2026-09-14,19040.0
344,2026-09-15,19140.0
344,2026-09-16,18730.0
344,2026-09-17,18790.0
344,2026-09-18,19150.0
344,2026-09-19,18690.0
344,2026-09-20,18970.0
344,2026-09-21,18770.0
344,2026-09-22,18360.0
345,2026-08-24,2290.0
345,2026-08-25,2270.0
345,2026-08-26,2260.0
345,2026-08-27,2260.0
345,2026-08-28,2260.0
345,2026-08-29,2260.0
345,2026-08-30,2260.0
345,2026-08-31,2240.0
345,2026-09-01,2200.0
345,2026-09-02,2210.0
345,2026-09-03,2260.0
345,2026-09-04,2220.0
345,2026-09-05,2240.0
345,2026-09-06,2220.0
345,2026-09-07,2190.0
345,2026-09-08,2180.0
345,2026-09-09,2170.0
345,2026-09-10,2130.0
345,2026-09-11,2160.0
345,2026-09-12,2170.0
345,2026-09-13,2130.0
345,2026-09-14,2140.0
345,2026-09-15,2150.0
345,2026-09-16,2110.0
345,2026-09-17,2110.0
345,2026-09-18,2090.0
345,2026-09-19,2090.0
345,2026-09-20,2070.0
345,2026-09-21,2070.0
345,2026-09-22,2110.0
346,2026-08-24,2720.0
346,2026-08-25,2730.0
346,2026-08-26,2700.0
346,2026-08-27,2730.0
346,2026-08-28,2720.0
346,2026-08-29,2700.0
346,2026-08-30,2680.0
346,2026-08-31,2650.0
346,2026-09-01,2620.0
346,2026-09-02,2680.0
346,2026-09-03,2610.0
346,2026-09-04,2630.0
346,2026-09-05,2630.0
346,2026-09-06,2580.0
346,2026-09-07,2600.0
346,2026-09-08,2590.0
346,2026-09-09,2600.0
346,2026-09-10,2540.0
346,2026-09-11,2510.0
346,2026-09-12,2520.0
346,2026-09-13,2520.0
346,2026-09-14,2510.0
346,2026-09-15,2490.0
346,2026-09-16,2450.0
346,2026-09-17,2490.0
346,2026-09-18,2510.0
346,2026-09-19,2460.0
346,2026-09-20,2460.0
346,2026-09-21,2440.0
346,2026-09-22,2430.0
347,2026-08-24,21170.0
347,2026-08-25,21010.0
347,2026-08-26,20830.0
347,2026-08-27,20680.0
347,2026-08-28,20700.0
347,2026-08-29,20720.0
347,2026-08-30,20550.0
347,2026-08-31,20580.0
347,2026-09-01,20540.0
347,2026-09-02,20530.0
347,2026-09-03,20530.0
347,2026-09-04,20270.0
347,2026-09-05,19980.0
347,2026-09-06,20060.0
347,2026-09-07,20060.0
347,2026-09-08,19690.0
347,2026-09-09,20130.0
347,2026-09-10,19870.0
347,2026-09-11,19840.0
347,2026-09-12,19920.0
347,2026-09-13,19540.0
347,2026-09-14,19660.0
347,2026-09-15,19480.0
347,2026-09-16,19400.0
347,2026-09-17,19240.0
347,2026-09-18,19560.0
347,2026-09-19,19160.0
347,2026-09-20,19260.0
347,2026-09-21,18780.0
347,2026-09-22,19200.0
348,2026-08-24,1980.0
348,2026-08-25,1960.0
348,2026-08-26,1950.0
348,2026-08-27,1960.0
348,2026-08-28,1980.0
348,2026-08-29,1910.0
348,2026-08-30,1950.0
348,2026-08-31,1920.0
348,2026-09-01,1920.0
348,2026-09-02,1920.0
348,2026-09-03,1910.0
348,2026-09-04,1910.0
348,2026-09-05,1890.0
348,2026-09-06,1910.0
348,2026-09-07,1860.0
348,2026-09-08,1900.0
348,2026-09-09,1880.0
348,2026-09-10,1860.0
348,2026-09-11,1870.0
348,2026-09-12,1840.0
348,2026-09-13,1860.0
348,2026-09-14,1830.0
348,2026-09-15,1860.0
348,2026-09-16,1830.0
348,2026-09-17,1830.0
348,2026-09-18,1840.0
348,2026-09-19,1820.0
348,2026-09-20,1820.0
348,2026-09-21,1790.0
348,2026-09-22,1820.0
349,2026-08-24,1580.0
349,2026-08-25,1590.0
349,2026-08-26,1550.0
349,2026-08-27,1560.0
349,2026-08-28,1520.0
349,2026-08-29,1560.0
349,2026-08-30,1540.0
349,2026-08-31,1520.0
349,2026-09-01,1540.0
349,2026-09-02,1510.0
349,2026-09-03,1510.0
349,2026-09-04,1510.0
349,2026-09-05,1490.0
349,2026-09-06,1510.0
349,2026-09-07,1480.0
349,2026-09-08,1470.0
349,2026-09-09,1470.0
349,2026-09-10,1490.0
349,2026-09-11,1460.0
349,2026-09-12,1450.0
349,2026-09-13,1460.0
349,2026-09-14,1460.0
349,2026-09-15,1440.0
349,2026-09-16,1430.0
349,2026-09-17,1470.0
349,2026-09-18,1430.0
349,2026-09-19,1430.0
349,2026-09-20,1420.0
349,2026-09-21,1420.0
349,2026-09-22,1420.0
350,2026-08-24,4160.0
350,2026-08-25,4100.0
350,2026-08-26,4060.0
350,2026-08-27,4130.0
350,2026-08-28,4070.0
350,2026-08-29,4120.0
350,2026-08-30,3980.0
350,2026-08-31,4040.0
350,2026-09-01,4080.0
350,2026-09-02,4000.0
350,2026-09-03,3990.0
350,2026-09-04,3990.0
350,2026-09-05,3950.0
350,2026-09-06,3940.0
350,2026-09-07,3930.0
350,2026-09-08,3910.0
350,2026-09-09,3950.0
350,2026-09-10,3920.0
350,2026-09-11,3900.0
350,2026-09-12,3900.0
350,2026-09-13,3850.0
350,2026-09-14,3820.0
350,2026-09-15,3810.0
350,2026-09-16,3820.0
350,2026-09-17,3770.0
350,2026-09-18,3780.0
350,2026-09-19,3760.0
350,2026-09-20,3840.0
350,2026-09-21,3670.0
350,2026-09-22,3730.0
351,2026-08-24,8150.0
351,2026-08-25,8030.0
351,2026-08-26,8040.0
351,2026-08-27,7980.0
351,2026-08-28,7900.0
351,2026-08-29,7780.0
351,2026-08-30,7910.0
351,2026-08-31,7820.0
351,2026-09-01,7790.0
351,2026-09-02,7790.0
351,2026-09-03,7900.0
351,2026-09-04,7920.0
351,2026-09-05,7760.0
351,2026-09-06,7690.0
351,2026-09-07,7620.0
351,2026-09-08,7700.0
351,2026-09-09,7750.0
351,2026-09-10,7600.0
351,2026-09-11,7440.0
351,2026-09-12,7610.0
351,2026-09-13,7600.0
351,2026-09-14,7420.0
351,2026-09-15,7500.0
351,2026-09-16,7490.0
351,2026-09-17,7430.0
351,2026-09-18,7360.0
351,2026-09-19,7450.0
351,2026-09-20,7340.0
351,2026-09-21,7240.0
351,2026-09-22,7180.0
352,2026-08-24,11240.0
352,2026-08-25,11160.0
352,2026-08-26,11080.0
352,2026-08-27,11000.0
352,2026-08-28,10960.0
352,2026-08-29,10880.0
352,2026-08-30,10900.0
352,2026-08-31,10730.0
352,2026-09-01,10810.0
352,2026-09-02,10820.0
352,2026-09-03,10860.0
352,2026-09-04,10780.0
352,2026-09-05,10810.0
352,2026-09-06,10830.0
352,2026-09-07,10770.0
352,2026-09-08,10690.0
352,2026-09-09,10620.0
352,2026-09-10,10500.0
352,2026-09-11,10620.0
352,2026-09-12,10660.0
352,2026-09-13,10520.0
352,2026-09-14,10620.0
352,2026-09-15,10290.0
352,2026-09-16,10290.0
352,2026-09-17,10430.0
352,2026-09-18,10350.0
352,2026-09-19,10410.0
352,2026-09-20,10260.0
352,2026-09-21,10150.0
352,2026-09-22,10180.0
353,2026-08-24,42340.0
353,2026-08-25,42330.0
353,2026-08-26,42890.0
353,2026-08-27,42710.0
353,2026-08-28,42400.0
353,2026-08-29,41570.0
353,2026-08-30,41880.0
353,2026-08-31,41440.0
353,2026-09-01,42100.0
353,2026-09-02,41370.0
353,2026-09-03,41060.0
353,2026-09-04,41290.0
353,2026-09-05,40920.0
353,2026-09-06,41490.0
353,2026-09-07,40610.0
353,2026-09-08,40240.0
353,2026-09-09,39850.0
353,2026-09-10,40410.0
353,2026-09-11,40090.0
353,2026-09-12,39660.0
353,2026-09-13,40390.0
353,2026-09-14,40070.0
353,2026-09-15,39700.0
353,2026-09-16,40020.0
353,2026-09-17,39640.0
353,2026-09-18,39000.0
353,2026-09-19,38790.0
353,2026-09-20,39260.0
353,2026-09-21,38980.0
353,2026-09-22,38760.0
354,2026-08-24,56300.0
354,2026-08-25,56740.0
354,2026-08-26,55940.0
354,2026-08-27,56030.0
354,2026-08-28,56500.0
354,2026-08-29,55390.0
354,2026-08-30,54790.0
354,2026-08-31,54820.0
354,2026-09-01,55510.0
354,2026-09-02,54990.0
354,2026-09-03,54620.0
354,2026-09-04,54260.0
354,2026-09-05,54490.0
354,2026-09-06,53710.0
354,2026-09-07,54010.0
354,2026-09-08,53360.0
354,2026-09-09,53090.0
354,2026-09-10,53010.0
354,2026-09-11,52920.0
354,2026-09-12,52860.0
354,2026-09-13,52790.0
354,2026-09-14,50880.0
354,2026-09-15,51940.0
354,2026-09-16,51920.0
354,2026-09-17,52550.0
354,2026-09-18,51220.0
354,2026-09-19,51560.0
354,2026-09-20,51940.0
354,2026-09-21,50520.0
354,2026-09-22,51060.0
355,2026-08-24,33300.0
355,2026-08-25,33250.0
355,2026-08-26,33050.0
355,2026-08-27,32950.0
355,2026-08-28,33720.0
355,2026-08-29,33110.0
355,2026-08-30,33060.0
355,2026-08-31,32780.0
355,2026-09-01,32120.0
355,2026-09-02,32520.0
355,2026-09-03,32570.0
355,2026-09-04,31950.0
355,2026-09-05,32300.0
355,2026-09-06,32110.0
355,2026-09-07,32280.0
355,2026-09-08,31580.0
355,2026-09-09,31290.0
355,2026-09-10,31350.0
355,2026-09-11,31690.0
355,2026-09-12,30740.0
355,2026-09-13,30550.0
355,2026-09-14,30990.0
355,2026-09-15,30730.0
355,2026-09-16,30720.0
355,2026-09-17,30840.0
355,2026-09-18,30340.0
355,2026-09-19,29880.0
355,2026-09-20,30760.0
355,2026-09-21,29860.0
355,2026-09-22,29720.0
356,2026-08-24,30300.0
356,2026-08-25,29850.0
356,2026-08-26,29820.0
356,2026-08-27,29830.0
356,2026-08-28,29860.0
356,2026-08-29,29430.0
356,2026-08-30,29750.0
356,2026-08-31,28800.0
356,2026-09-01,29360.0
356,2026-09-02,28880.0
356,2026-09-03,29280.0
356,2026-09-04,28890.0
356,2026-09-05,28600.0
356,2026-09-06,28800.0
356,2026-09-07,28740.0
356,2026-09-08,28580.0
356,2026-09-09,28090.0
356,2026-09-10,28100.0
356,2026-09-11,28100.0
356,2026-09-12,27990.0
356,2026-09-13,28060.0
356,2026-09-14,27320.0
356,2026-09-15,27750.0
356,2026-09-16,27500.0
356,2026-09-17,27270.0
356,2026-09-18,27180.0
356,2026-09-19,27190.0
356,2026-09-20,26310.0
356,2026-09-21,26870.0
356,2026-09-22,26720.0
357,2026-08-24,32040.0
357,2026-08-25,31600.0
357,2026-08-26,31640.0
357,2026-08-27,31960.0
357,2026-08-28,31720.0
357,2026-08-29,31580.0
357,2026-08-30,31130.0
357,2026-08-31,31280.0
357,2026-09-01,30980.0
357,2026-09-02,30880.0
357,2026-09-03,30920.0
357,2026-09-04,30560.0
357,2026-09-05,30970.0
357,2026-09-06,30450.0
357,2026-09-07,30530.0
357,2026-09-08,30630.0
357,2026-09-09,30420.0
357,2026-09-10,29710.0
357,2026-09-11,30050.0
357,2026-09-12,30040.0
357,2026-09-13,29950.0
357,2026-09-14,29350.0
357,2026-09-15,29350.0
357,2026-09-16,29640.0
357,2026-09-17,29110.0
357,2026-09-18,29110.0
357,2026-09-19,29460.0
357,2026-09-20,28950.0
357,2026-09-21,28680.0
357,2026-09-22,28530.0
358,2026-08-24,13030.0
358,2026-08-25,12810.0
358,2026-08-26,12870.0
358,2026-08-27,12880.0
358,2026-08-28,12930.0
358,2026-08-29,12820.0
358,2026-08-30,12630.0
358,2026-08-31,12770.0
358,2026-09-01,12570.0
358,2026-09-02,12430.0
358,2026-09-03,12490.0
358,2026-09-04,12600.0
358,2026-09-05,12420.0
358,2026-09-06,12360.0
358,2026-09-07,12470.0
358,2026-09-08,12120.0
358,2026-09-09,12080.0
358,2026-09-10,12000.0
358,2026-09-11,12150.0
358,2026-09-12,12080.0
358,2026-09-13,12170.0
358,2026-09-14,11990.0
358,2026-09-15,11880.0
358,2026-09-16,11870.0
358,2026-09-17,11830.0
358,2026-09-18,11600.0
358,2026-09-19,11990.0
358,2026-09-20,11720.0
358,2026-09-21,11640.0
358,2026-09-22,11640.0
359,2026-08-24,9000.0
359,2026-08-25,8910.0
359,2026-08-26,8840.0
359,2026-08-27,8890.0
359,2026-08-28,8840.0
359,2026-08-29,8730.0
359,2026-08-30,8850.0
359,2026-08-31,8740.0
359,2026-09-01,8740.0
359,2026-09-02,8750.0
359,2026-09-03,8620.0
359,2026-09-04,8610.0
359,2026-09-05,8610.0
359,2026-09-06,8470.0
359,2026-09-07,8490.0
359,2026-09-08,8460.0
359,2026-09-09,8360.0
359,2026-09-10,8550.0
359,2026-09-11,8260.0
359,2026-09-12,8230.0
359,2026-09-13,8380.0
359,2026-09-14,8300.0
359,2026-09-15,8150.0
359,2026-09-16,8230.0
359,2026-09-17,8260.0
359,2026-09-18,8120.0
359,2026-09-19,8270.0
359,2026-09-20,7940.0
359,2026-09-21,8070.0
359,2026-09-22,8070.0
360,2026-08-24,40950.0
360,2026-08-25,40480.0
360,2026-08-26,40320.0
360,2026-08-27,40420.0
360,2026-08-28,40410.0
360,2026-08-29,40210.0
360,2026-08-30,40220.0
360,2026-08-31,39450.0
360,2026-09-01,39560.0
360,2026-09-02,39210.0
360,2026-09-03,39250.0
360,2026-09-04,39560.0
360,2026-09-05,39150.0
360,2026-09-06,39800.0
360,2026-09-07,38920.0
360,2026-09-08,38750.0
360,2026-09-09,38630.0
360,2026-09-10,38270.0
360,2026-09-11,38320.0
360,2026-09-12,38560.0
360,2026-09-13,38110.0
360,2026-09-14,37700.0
360,2026-09-15,37530.0
360,2026-09-16,37550.0
360,2026-09-17,37580.0
360,2026-09-18,37800.0
360,2026-09-19,36880.0
360,2026-09-20,37070.0
360,2026-09-21,37090.0
360,2026-09-22,36340.0
361,2026-08-24,10900.0
361,2026-08-25,10880.0
361,2026-08-26,10840.0
361,2026-08-27,10890.0
361,2026-08-28,10820.0
361,2026-08-29,10760.0
361,2026-08-30,10810.0
361,2026-08-31,10880.0
361,2026-09-01,10840.0
361,2026-09-02,10510.0
361,2026-09-03,10680.0
361,2026-09-04,10590.0
361,2026-09-05,10580.0
361,2026-09-06,10500.0
361,2026-09-07,10510.0
361,2026-09-08,10480.0
361,2026-09-09,10390.0
361,2026-09-10,10330.0
361,2026-09-11,10330.0
361,2026-09-12,10360.0
361,2026-09-13,10350.0
361,2026-09-14,10340.0
361,2026-09-15,10200.0
361,2026-09-16,10230.0
361,2026-09-17,10250.0
361,2026-09-18,10240.0
361,2026-09-19,10100.0
361,2026-09-20,10050.0
361,2026-09-21,10050.0
361,2026-09-22,9910.0
362,2026-08-24,6250.0
362,2026-08-25,6270.0
362,2026-08-26,6240.0
362,2026-08-27,6170.0
362,2026-08-28,6170.0
362,2026-08-29,6090.0
362,2026-08-30,6140.0
362,2026-08-31,6080.0
362,2026-09-01,6040.0
362,2026-09-02,6010.0
362,2026-09-03,6000.0
362,2026-09-04,5960.0
362,2026-09-05,5980.0
362,2026-09-06,5910.0
362,2026-09-07,5980.0
362,2026-09-08,5950.0
362,2026-09-09,5810.0
362,2026-09-10,5830.0
362,2026-09-11,5770.0
362,2026-09-12,5760.0
362,2026-09-13,5840.0
362,2026-09-14,5710.0
362,2026-09-15,5710.0
362,2026-09-16,5700.0
362,2026-09-17,5600.0
362,2026-09-18,5580.0
362,2026-09-19,5540.0
362,2026-09-20,5530.0
362,2026-09-21,5410.0
362,2026-09-22,5540.0
363,2026-08-24,9750.0
363,2026-08-25,9580.0
363,2026-08-26,9440.0
363,2026-08-27,9470.0
363,2026-08-28,9450.0
363,2026-08-29,9390.0
363,2026-08-30,9500.0
363,2026-08-31,9470.0
363,2026-09-01,9300.0
363,2026-09-02,9410.0
363,2026-09-03,9440.0
363,2026-09-04,9440.0
363,2026-09-05,9490.0
363,2026-09-06,9180.0
363,2026-09-07,9430.0
363,2026-09-08,9170.0
363,2026-09-09,9120.0
363,2026-09-10,9170.0
363,2026-09-11,9070.0
363,2026-09-12,9120.0
363,2026-09-13,8960.0
363,2026-09-14,9020.0
363,2026-09-15,9100.0
363,2026-09-16,8980.0
363,2026-09-17,8970.0
363,2026-09-18,8960.0
363,2026-09-19,8990.0
363,2026-09-20,8750.0
363,2026-09-21,8890.0
363,2026-09-22,8800.0
364,2026-08-24,61270.0
364,2026-08-25,61420.0
364,2026-08-26,60100.0
364,2026-08-27,59920.0
364,2026-08-28,59230.0
364,2026-08-29,59610.0
364,2026-08-30,60210.0
364,2026-08-31,59270.0
364,2026-09-01,58440.0
364,2026-09-02,58570.0
364,2026-09-03,57840.0
364,2026-09-04,57740.0
364,2026-09-05,58180.0
364,2026-09-06,57190.0
364,2026-09-07,57990.0
364,2026-09-08,57170.0
364,2026-09-09,56980.0
364,2026-09-10,56540.0
364,2026-09-11,56760.0
364,2026-09-12,56500.0
364,2026-09-13,56030.0
364,2026-09-14,55870.0
364,2026-09-15,55240.0
364,2026-09-16,55330.0
364,2026-09-17,54660.0
364,2026-09-18,54550.0
364,2026-09-19,54150.0
364,2026-09-20,53800.0
364,2026-09-21,53430.0
364,2026-09-22,53700.0
365,2026-08-24,55060.0
365,2026-08-25,54820.0
365,2026-08-26,53610.0
365,2026-08-27,54500.0
365,2026-08-28,53640.0
365,2026-08-29,53840.0
365,2026-08-30,53020.0
365,2026-08-31,53280.0
365,2026-09-01,53170.0
365,2026-09-02,52230.0
365,2026-09-03,52920.0
365,2026-09-04,53050.0
365,2026-09-05,52220.0
365,2026-09-06,52680.0
365,2026-09-07,51850.0
365,2026-09-08,52100.0
365,2026-09-09,50630.0
365,2026-09-10,52390.0
365,2026-09-11,51820.0
365,2026-09-12,50890.0
365,2026-09-13,49990.0
365,2026-09-14,50760.0
365,2026-09-15,49850.0
365,2026-09-16,50460.0
365,2026-09-17,50260.0
365,2026-09-18,49500.0
365,2026-09-19,50190.0
365,2026-09-20,49870.0
365,2026-09-21,49760.0
365,2026-09-22,49170.0
366,2026-08-24,60960.0
366,2026-08-25,61830.0
366,2026-08-26,61010.0
366,2026-08-27,60250.0
366,2026-08-28,61270.0
366,2026-08-29,61370.0
366,2026-08-30,60140.0
366,2026-08-31,60920.0
366,2026-09-01,59710.0
366,2026-09-02,59250.0
366,2026-09-03,58890.0
366,2026-09-04,59700.0
366,2026-09-05,58340.0
366,2026-09-06,58800.0
366,2026-09-07,57950.0
366,2026-09-08,57760.0
366,2026-09-09,58200.0
366,2026-09-10,57310.0
366,2026-09-11,57050.0
366,2026-09-12,57520.0
366,2026-09-13,57490.0
366,2026-09-14,56810.0
366,2026-09-15,55960.0
366,2026-09-16,55780.0
366,2026-09-17,55810.0
366,2026-09-18,55680.0
366,2026-09-19,54830.0
366,2026-09-20,55380.0
366,2026-09-21,54840.0
366,2026-09-22,53770.0
367,2026-08-24,14980.0
367,2026-08-25,14970.0
367,2026-08-26,14970.0
367,2026-08-27,15150.0
367,2026-08-28,14910.0
367,2026-08-29,14730.0
367,2026-08-30,14800.0
367,2026-08-31,14690.0
367,2026-09-01,14710.0
367,2026-09-02,14690.0
367,2026-09-03,14710.0
367,2026-09-04,14520.0
367,2026-09-05,14660.0
367,2026-09-06,14520.0
367,2026-09-07,14290.0
367,2026-09-08,14570.0
367,2026-09-09,14310.0
367,2026-09-10,14120.0
367,2026-09-11,14360.0
367,2026-09-12,14350.0
367,2026-09-13,14060.0
367,2026-09-14,13960.0
367,2026-09-15,13940.0
367,2026-09-16,13990.0
367,2026-09-17,14010.0
367,2026-09-18,13870.0
367,2026-09-19,13770.0
367,2026-09-20,13880.0
367,2026-09-21,13620.0
367,2026-09-22,13720.0
368,2026-08-24,26220.0
368,2026-08-25,26290.0
368,2026-08-26,26110.0
368,2026-08-27,26040.0
368,2026-08-28,25900.0
368,2026-08-29,26180.0
368,2026-08-30,25680.0
368,2026-08-31,25600.0
368,2026-09-01,26110.0
368,2026-09-02,25800.0
368,2026-09-03,25040.0
368,2026-09-04,25340.0
368,2026-09-05,25010.0
368,2026-09-06,25110.0
368,2026-09-07,24590.0
368,2026-09-08,25120.0
368,2026-09-09,24840.0
368,2026-09-10,25010.0
368,2026-09-11,24590.0
368,2026-09-12,24870.0
368,2026-09-13,24690.0
368,2026-09-14,25010.0
368,2026-09-15,24910.0
368,2026-09-16,24710.0
368,2026-09-17,24410.0
368,2026-09-18,24800.0
368,2026-09-19,24010.0
368,2026-09-20,23960.0
368,2026-09-21,24160.0
368,2026-09-22,24560.0
369,2026-08-24,48050.0
369,2026-08-25,47910.0
369,2026-08-26,47290.0
369,2026-08-27,48010.0
369,2026-08-28,47860.0
369,2026-08-29,47650.0
369,2026-08-30,46980.0
369,2026-08-31,46790.0
369,2026-09-01,46430.0
369,2026-09-02,46770.0
369,2026-09-03,46190.0
369,2026-09-04,46010.0
369,2026-09-05,46130.0
369,2026-09-06,45950.0
369,2026-09-07,45780.0
369,2026-09-08,45990.0
369,2026-09-09,45690.0
369,2026-09-10,45410.0
369,2026-09-11,45420.0
369,2026-09-12,44840.0
369,2026-09-13,45090.0
369,2026-09-14,44950.0
369,2026-09-15,44190.0
369,2026-09-16,44950.0
369,2026-09-17,44110.0
369,2026-09-18,44310.0
369,2026-09-19,44550.0
369,2026-09-20,44310.0
369,2026-09-21,43830.0
369,2026-09-22,43530.0
370,2026-08-24,47280.0
370,2026-08-25,46970.0
370,2026-08-26,46310.0
370,2026-08-27,46030.0
370,2026-08-28,45370.0
370,2026-08-29,45940.0
370,2026-08-30,45650.0
370,2026-08-31,45860.0
370,2026-09-01,45380.0
370,2026-09-02,45510.0
370,2026-09-03,44580.0
370,2026-09-04,45020.0
370,2026-09-05,44220.0
370,2026-09-06,44470.0
370,2026-09-07,43470.0
370,2026-09-08,43850.0
370,2026-09-09,42860.0
370,2026-09-10,43250.0
370,2026-09-11,43290.0
370,2026-09-12,42740.0
370,2026-09-13,42340.0
370,2026-09-14,42800.0
370,2026-09-15,42250.0
370,2026-09-16,41900.0
370,2026-09-17,41880.0
370,2026-09-18,42580.0
370,2026-09-19,41850.0
370,2026-09-20,41640.0
370,2026-09-21,41170.0
370,2026-09-22,40860.0
371,2026-08-24,30400.0
371,2026-08-25,30710.0
371,2026-08-26,30650.0
371,2026-08-27,30210.0
371,2026-08-28,30280.0
371,2026-08-29,29980.0
371,2026-08-30,30340.0
371,2026-08-31,30440.0
371,2026-09-01,30400.0
371,2026-09-02,30130.0
371,2026-09-03,29690.0
371,2026-09-04,29350.0
371,2026-09-05,29290.0
371,2026-09-06,29300.0
371,2026-09-07,29290.0
371,2026-09-08,29360.0
371,2026-09-09,29050.0
371,2026-09-10,29270.0
371,2026-09-11,29020.0
371,2026-09-12,28980.0
371,2026-09-13,29140.0
371,2026-09-14,28480.0
371,2026-09-15,28760.0
371,2026-09-16,28550.0
371,2026-09-17,28370.0
371,2026-09-18,28560.0
371,2026-09-19,28450.0
371,2026-09-20,27900.0
371,2026-09-21,27980.0
371,2026-09-22,27990.0
372,2026-08-24,23580.0
372,2026-08-25,23650.0
372,2026-08-26,23510.0
372,2026-08-27,23710.0
372,2026-08-28,23010.0
372,2026-08-29,23190.0
372,2026-08-30,22960.0
372,2026-08-31,23150.0
372,2026-09-01,22660.0
372,2026-09-02,22930.0
372,2026-09-03,22670.0
372,2026-09-04,22570.0
372,2026-09-05,22350.0
372,2026-09-06,22450.0
372,2026-09-07,22650.0
372,2026-09-08,22360.0
372,2026-09-09,22390.0
372,2026-09-10,22500.0
372,2026-09-11,22160.0
372,2026-09-12,21920.0
372,2026-09-13,22030.0
372,2026-09-14,21760.0
372,2026-09-15,21680.0
372,2026-09-16,21410.0
372,2026-09-17,21770.0
372,2026-09-18,21450.0
372,2026-09-19,21470.0
372,2026-09-20,21160.0
372,2026-09-21,21340.0
372,2026-09-22,21040.0
373,2026-08-24,13270.0
373,2026-08-25,13330.0
373,2026-08-26,13280.0
373,2026-08-27,13160.0
373,2026-08-28,12940.0
373,2026-08-29,13380.0
373,2026-08-30,13210.0
373,2026-08-31,13070.0
373,2026-09-01,12880.0
373,2026-09-02,12900.0
373,2026-09-03,12820.0
373,2026-09-04,12960.0
373,2026-09-05,12820.0
373,2026-09-06,12670.0
373,2026-09-07,12670.0
373,2026-09-08,12790.0
373,2026-09-09,12800.0
373,2026-09-10,12750.0
373,2026-09-11,12630.0
373,2026-09-12,12490.0
373,2026-09-13,12140.0
373,2026-09-14,12460.0
373,2026-09-15,12390.0
373,2026-09-16,12360.0
373,2026-09-17,12320.0
373,2026-09-18,12140.0
373,2026-09-19,12290.0
373,2026-09-20,12250.0
373,2026-09-21,12220.0
373,2026-09-22,12200.0
374,2026-08-24,8110.0
374,2026-08-25,8020.0
374,2026-08-26,8020.0
374,2026-08-27,8000.0
374,2026-08-28,7980.0
374,2026-08-29,8010.0
374,2026-08-30,7960.0
374,2026-08-31,8030.0
374,2026-09-01,8010.0
374,2026-09-02,7850.0
374,2026-09-03,7580.0
374,2026-09-04,7880.0
374,2026-09-05,7740.0
374,2026-09-06,7700.0
374,2026-09-07,7700.0
374,2026-09-08,7670.0
374,2026-09-09,7710.0
374,2026-09-10,7550.0
374,2026-09-11,7560.0
374,2026-09-12,7620.0
374,2026-09-13,7610.0
374,2026-09-14,7590.0
374,2026-09-15,7470.0
374,2026-09-16,7440.0
374,2026-09-17,7440.0
374,2026-09-18,7460.0
374,2026-09-19,7520.0
374,2026-09-20,7270.0
374,2026-09-21,7360.0
374,2026-09-22,7270.0
375,2026-08-24,43910.0
375,2026-08-25,44600.0
375,2026-08-26,44270.0
375,2026-08-27,44040.0
375,2026-08-28,44010.0
375,2026-08-29,43350.0
375,2026-08-30,43170.0
375,2026-08-31,43870.0
375,2026-09-01,42850.0
375,2026-09-02,42990.0
375,2026-09-03,42560.0
375,2026-09-04,41740.0
375,2026-09-05,41480.0
375,2026-09-06,41790.0
375,2026-09-07,42150.0
375,2026-09-08,41870.0
375,2026-09-09,41720.0
375,2026-09-10,40880.0
375,2026-09-11,41570.0
375,2026-09-12,40510.0
375,2026-09-13,40720.0
375,2026-09-14,40450.0
375,2026-09-15,40200.0
375,2026-09-16,40520.0
375,2026-09-17,39640.0
375,2026-09-18,39230.0
375,2026-09-19,39500.0
375,2026-09-20,39170.0
375,2026-09-21,40260.0
375,2026-09-22,39150.0
376,2026-08-24,54690.0
376,2026-08-25,54200.0
376,2026-08-26,53630.0
376,2026-08-27,53760.0
376,2026-08-28,54010.0
376,2026-08-29,54340.0
376,2026-08-30,53990.0
376,2026-08-31,53390.0
376,2026-09-01,52940.0
376,2026-09-02,52960.0
376,2026-09-03,52410.0
376,2026-09-04,53120.0
376,2026-09-05,52100.0
376,2026-09-06,51920.0
376,2026-09-07,50810.0
376,2026-09-08,51430.0
376,2026-09-09,51630.0
376,2026-09-10,50620.0
376,2026-09-11,50520.0
376,2026-09-12,50940.0
376,2026-09-13,49780.0
376,2026-09-14,50610.0
376,2026-09-15,49720.0
376,2026-09-16,49560.0
376,2026-09-17,49030.0
376,2026-09-18,49430.0
376,2026-09-19,50070.0
376,2026-09-20,49150.0
376,2026-09-21,48240.0
376,2026-09-22,48850.0
377,2026-08-24,22400.0
377,2026-08-25,22590.0
377,2026-08-26,22390.0
377,2026-08-27,21660.0
377,2026-08-28,21890.0
377,2026-08-29,22120.0
377,2026-08-30,21880.0
377,2026-08-31,21580.0
377,2026-09-01,21550.0
377,2026-09-02,21240.0
377,2026-09-03,21440.0
377,2026-09-04,21730.0
377,2026-09-05,21390.0
377,2026-09-06,21530.0
377,2026-09-07,21210.0
377,2026-09-08,21130.0
377,2026-09-09,21190.0
377,2026-09-10,20820.0
377,2026-09-11,20630.0
377,2026-09-12,20730.0
377,2026-09-13,20710.0
377,2026-09-14,20280.0
377,2026-09-15,20140.0
377,2026-09-16,20180.0
377,2026-09-17,20200.0
377,2026-09-18,20100.0
377,2026-09-19,19620.0
377,2026-09-20,20080.0
377,2026-09-21,19550.0
377,2026-09-22,19520.0
378,2026-08-24,18030.0
378,2026-08-25,18450.0
378,2026-08-26,18040.0
378,2026-08-27,17810.0
378,2026-08-28,17970.0
378,2026-08-29,17880.0
378,2026-08-30,17680.0
378,2026-08-31,17740.0
378,2026-09-01,17440.0
378,2026-09-02,17410.0
378,2026-09-03,17130.0
378,2026-09-04,17150.0
378,2026-09-05,17500.0
378,2026-09-06,17400.0
378,2026-09-07,17110.0
378,2026-09-08,17260.0
378,2026-09-09,16930.0
378,2026-09-10,16850.0
378,2026-09-11,16810.0
378,2026-09-12,16710.0
378,2026-09-13,16620.0
378,2026-09-14,16730.0
378,2026-09-15,16520.0
378,2026-09-16,16530.0
378,2026-09-17,16490.0
378,2026-09-18,16330.0
378,2026-09-19,16070.0
378,2026-09-20,15950.0
378,2026-09-21,16070.0
378,2026-09-22,15960.0
379,2026-08-24,16980.0
379,2026-08-25,16900.0
379,2026-08-26,17160.0
379,2026-08-27,16590.0
379,2026-08-28,16440.0
379,2026-08-29,16660.0
379,2026-08-30,16500.0
379,2026-08-31,16520.0
379,2026-09-01,16490.0
379,2026-09-02,16510.0
379,2026-09-03,16080.0
379,2026-09-04,16130.0
379,2026-09-05,16190.0
379,2026-09-06,16160.0
379,2026-09-07,16280.0
379,2026-09-08,16050.0
379,2026-09-09,15850.0
379,2026-09-10,15680.0
379,2026-09-11,15650.0
379,2026-09-12,15570.0
379,2026-09-13,15660.0
379,2026-09-14,15540.0
379,2026-09-15,15270.0
379,2026-09-16,15320.0
379,2026-09-17,15410.0
379,2026-09-18,15280.0
379,2026-09-19,15240.0
379,2026-09-20,15140.0
379,2026-09-21,15230.0
379,2026-09-22,14990.0
380,2026-08-24,22400.0
380,2026-08-25,22240.0
380,2026-08-26,22370.0
380,2026-08-27,21840.0
380,2026-08-28,22160.0
380,2026-08-29,22080.0
380,2026-08-30,21810.0
380,2026-08-31,21820.0
380,2026-09-01,22050.0
380,2026-09-02,21880.0
380,2026-09-03,21790.0
380,2026-09-04,21750.0
380,2026-09-05,21640.0
380,2026-09-06,21770.0
380,2026-09-07,21510.0
380,2026-09-08,21170.0
380,2026-09-09,21630.0
380,2026-09-10,21340.0
380,2026-09-11,21110.0
380,2026-09-12,20920.0
380,2026-09-13,21140.0
380,2026-09-14,20980.0
380,2026-09-15,21200.0
380,2026-09-16,20800.0
380,2026-09-17,20640.0
380,2026-09-18,20870.0
380,2026-09-19,20810.0
380,2026-09-20,20610.0
380,2026-09-21,20620.0
380,2026-09-22,20430.0
381,2026-08-24,54230.0
381,2026-08-25,54390.0
381,2026-08-26,53930.0
381,2026-08-27,53380.0
381,2026-08-28,53780.0
381,2026-08-29,52020.0
381,2026-08-30,53610.0
381,2026-08-31,51830.0
381,2026-09-01,52050.0
381,2026-09-02,52060.0
381,2026-09-03,51790.0
381,2026-09-04,52040.0
381,2026-09-05,50960.0
381,2026-09-06,51270.0
381,2026-09-07,50700.0
381,2026-09-08,50830.0
381,2026-09-09,50450.0
381,2026-09-10,50290.0
381,2026-09-11,49800.0
381,2026-09-12,49590.0
381,2026-09-13,49690.0
381,2026-09-14,49730.0
381,2026-09-15,48860.0
381,2026-09-16,48520.0
381,2026-09-17,48910.0
381,2026-09-18,48410.0
381,2026-09-19,48540.0
381,2026-09-20,47600.0
381,2026-09-21,47010.0
381,2026-09-22,47290.0
382,2026-08-24,38690.0
382,2026-08-25,38750.0
382,2026-08-26,38440.0
382,2026-08-27,38700.0
382,2026-08-28,38250.0
382,2026-08-29,38230.0
382,2026-08-30,38080.0
382,2026-08-31,37950.0
382,2026-09-01,37730.0
382,2026-09-02,37750.0
382,2026-09-03,37210.0
382,2026-09-04,37720.0
382,2026-09-05,37080.0
382,2026-09-06,36610.0
382,2026-09-07,36910.0
382,2026-09-08,36450.0
382,2026-09-09,36760.0
382,2026-09-10,37070.0
382,2026-09-11,36030.0
382,2026-09-12,36220.0
382,2026-09-13,35440.0
382,2026-09-14,35960.0
382,2026-09-15,35410.0
382,2026-09-16,35340.0
382,2026-09-17,35050.0
382,2026-09-18,35450.0
382,2026-09-19,35380.0
382,2026-09-20,34940.0
382,2026-09-21,34530.0
382,2026-09-22,35120.0
383,2026-08-24,29260.0
383,2026-08-25,28850.0
383,2026-08-26,29370.0
383,2026-08-27,28930.0
383,2026-08-28,29320.0
383,2026-08-29,28930.0
383,2026-08-30,29070.0
383,2026-08-31,29170.0
383,2026-09-01,28490.0
383,2026-09-02,28550.0
383,2026-09-03,28580.0
383,2026-09-04,28860.0
383,2026-09-05,28280.0
383,2026-09-06,28210.0
383,2026-09-07,28370.0
383,2026-09-08,28050.0
383,2026-09-09,28130.0
383,2026-09-10,27660.0
383,2026-09-11,28440.0
383,2026-09-12,27540.0
383,2026-09-13,27690.0
383,2026-09-14,27670.0
383,2026-09-15,28030.0
383,2026-09-16,27210.0
383,2026-09-17,27880.0
383,2026-09-18,27520.0
383,2026-09-19,27360.0
383,2026-09-20,26960.0
383,2026-09-21,27230.0
383,2026-09-22,26850.0
384,2026-08-24,8090.0
384,2026-08-25,7920.0
384,2026-08-26,7940.0
384,2026-08-27,7890.0
384,2026-08-28,7830.0
384,2026-08-29,7900.0
384,2026-08-30,7860.0
384,2026-08-31,7860.0
384,2026-09-01,7650.0
384,2026-09-02,7790.0
384,2026-09-03,7850.0
384,2026-09-04,7630.0
384,2026-09-05,7740.0
384,2026-09-06,7580.0
384,2026-09-07,7480.0
384,2026-09-08,7510.0
384,2026-09-09,7560.0
384,2026-09-10,7420.0
384,2026-09-11,7400.0
384,2026-09-12,7440.0
384,2026-09-13,7370.0
384,2026-09-14,7380.0
384,2026-09-15,7320.0
384,2026-09-16,7300.0
384,2026-09-17,7220.0
384,2026-09-18,7220.0
384,2026-09-19,7120.0
384,2026-09-20,7220.0
384,2026-09-21,7080.0
384,2026-09-22,7150.0
385,2026-08-24,30010.0
385,2026-08-25,30020.0
385,2026-08-26,29770.0
385,2026-08-27,29550.0
385,2026-08-28,29290.0
385,2026-08-29,29350.0
385,2026-08-30,29430.0
385,2026-08-31,29460.0
385,2026-09-01,29550.0
385,2026-09-02,29120.0
385,2026-09-03,28920.0
385,2026-09-04,28700.0
385,2026-09-05,29050.0
385,2026-09-06,29170.0
385,2026-09-07,29050.0
385,2026-09-08,28820.0
385,2026-09-09,28710.0
385,2026-09-10,28860.0
385,2026-09-11,28450.0
385,2026-09-12,28430.0
385,2026-09-13,28110.0
385,2026-09-14,27780.0
385,2026-09-15,27840.0
385,2026-09-16,27900.0
385,2026-09-17,27830.0
385,2026-09-18,28170.0
385,2026-09-19,27640.0
385,2026-09-20,27800.0
385,2026-09-21,27340.0
385,2026-09-22,27270.0
386,2026-08-24,4080.0
386,2026-08-25,4080.0
386,2026-08-26,4110.0
386,2026-08-27,4080.0
386,2026-08-28,4090.0
386,2026-08-29,4050.0
386,2026-08-30,4020.0
386,2026-08-31,4090.0
386,2026-09-01,4000.0
386,2026-09-02,4030.0
386,2026-09-03,3960.0
386,2026-09-04,3980.0
386,2026-09-05,3980.0
386,2026-09-06,3940.0
386,2026-09-07,3850.0
386,2026-09-08,3910.0
386,2026-09-09,3930.0
386,2026-09-10,3890.0
386,2026-09-11,3870.0
386,2026-09-12,3790.0
386,2026-09-13,3810.0
386,2026-09-14,3830.0
386,2026-09-15,3820.0
386,2026-09-16,3830.0
386,2026-09-17,3770.0
386,2026-09-18,3770.0
386,2026-09-19,3750.0
386,2026-09-20,3700.0
386,2026-09-21,3650.0
386,2026-09-22,3720.0
387,2026-08-24,27450.0
387,2026-08-25,27180.0
387,2026-08-26,26860.0
387,2026-08-27,27220.0
387,2026-08-28,26920.0
387,2026-08-29,26990.0
387,2026-08-30,27150.0
387,2026-08-31,26210.0
387,2026-09-01,26400.0
387,2026-09-02,26390.0
387,2026-09-03,26630.0
387,2026-09-04,25880.0
387,2026-09-05,26520.0
387,2026-09-06,26030.0
387,2026-09-07,25880.0
387,2026-09-08,25750.0
387,2026-09-09,25590.0
387,2026-09-10,25790.0
387,2026-09-11,25240.0
387,2026-09-12,25430.0
387,2026-09-13,25170.0
387,2026-09-14,24980.0
387,2026-09-15,25570.0
387,2026-09-16,25010.0
387,2026-09-17,24940.0
387,2026-09-18,24940.0
387,2026-09-19,24300.0
387,2026-09-20,24850.0
387,2026-09-21,23850.0
387,2026-09-22,24110.0
388,2026-08-24,32220.0
388,2026-08-25,32370.0
388,2026-08-26,32170.0
388,2026-08-27,31960.0
388,2026-08-28,31890.0
388,2026-08-29,31540.0
388,2026-08-30,31300.0
388,2026-08-31,31740.0
388,2026-09-01,31620.0
388,2026-09-02,31740.0
388,2026-09-03,31030.0
388,2026-09-04,31290.0
388,2026-09-05,30940.0
388,2026-09-06,31200.0
388,2026-09-07,31040.0
388,2026-09-08,30730.0
388,2026-09-09,30480.0
388,2026-09-10,30700.0
388,2026-09-11,30510.0
388,2026-09-12,30070.0
388,2026-09-13,29800.0
388,2026-09-14,29950.0
388,2026-09-15,30280.0
388,2026-09-16,30080.0
388,2026-09-17,29410.0
388,2026-09-18,29290.0
388,2026-09-19,29780.0
388,2026-09-20,29070.0
388,2026-09-21,29370.0
388,2026-09-22,28980.0
389,2026-08-24,63760.0
389,2026-08-25,62370.0
389,2026-08-26,63030.0
389,2026-08-27,62320.0
389,2026-08-28,62090.0
389,2026-08-29,60780.0
389,2026-08-30,60420.0
389,2026-08-31,61110.0
389,2026-09-01,61070.0
389,2026-09-02,60170.0
389,2026-09-03,59930.0
389,2026-09-04,60460.0
389,2026-09-05,60210.0
389,2026-09-06,59620.0
389,2026-09-07,59800.0
389,2026-09-08,58620.0
389,2026-09-09,58750.0
389,2026-09-10,59450.0
389,2026-09-11,58450.0
389,2026-09-12,58220.0
389,2026-09-13,59000.0
389,2026-09-14,56980.0
389,2026-09-15,57780.0
389,2026-09-16,57930.0
389,2026-09-17,56730.0
389,2026-09-18,57040.0
389,2026-09-19,55910.0
389,2026-09-20,55800.0
389,2026-09-21,56050.0
389,2026-09-22,56000.0
390,2026-08-24,25950.0
390,2026-08-25,25940.0
390,2026-08-26,25520.0
390,2026-08-27,25670.0
390,2026-08-28,25270.0
390,2026-08-29,25420.0
390,2026-08-30,25180.0
390,2026-08-31,25130.0
390,2026-09-01,25030.0
390,2026-09-02,24530.0
390,2026-09-03,24530.0
390,2026-09-04,24670.0
390,2026-09-05,24220.0
390,2026-09-06,24610.0
390,2026-09-07,24520.0
390,2026-09-08,24320.0
390,2026-09-09,23940.0
390,2026-09-10,24320.0
390,2026-09-11,24350.0
390,2026-09-12,23890.0
390,2026-09-13,23860.0
390,2026-09-14,23700.0
390,2026-09-15,23660.0
390,2026-09-16,23440.0
390,2026-09-17,23360.0
390,2026-09-18,23440.0
390,2026-09-19,23620.0
390,2026-09-20,22790.0
390,2026-09-21,22950.0
390,2026-09-22,22640.0
391,2026-08-24,37740.0
391,2026-08-25,36980.0
391,2026-08-26,36610.0
391,2026-08-27,37070.0
391,2026-08-28,37260.0
391,2026-08-29,36820.0
391,2026-08-30,36550.0
391,2026-08-31,36480.0
391,2026-09-01,36640.0
391,2026-09-02,35850.0
391,2026-09-03,35940.0
391,2026-09-04,35710.0
391,2026-09-05,35370.0
391,2026-09-06,35480.0
391,2026-09-07,35760.0
391,2026-09-08,35480.0
391,2026-09-09,35370.0
391,2026-09-10,35090.0
391,2026-09-11,35070.0
391,2026-09-12,34560.0
391,2026-09-13,34570.0
391,2026-09-14,34580.0
391,2026-09-15,34470.0
391,2026-09-16,34350.0
391,2026-09-17,34090.0
391,2026-09-18,33890.0
391,2026-09-19,34770.0
391,2026-09-20,34000.0
391,2026-09-21,33720.0
391,2026-09-22,33410.0
392,2026-08-24,59430.0
392,2026-08-25,59310.0
392,2026-08-26,59230.0
392,2026-08-27,57990.0
392,2026-08-28,57860.0
392,2026-08-29,58010.0
392,2026-08-30,58130.0
392,2026-08-31,57660.0
392,2026-09-01,58160.0
392,2026-09-02,56560.0
392,2026-09-03,56630.0
392,2026-09-04,57380.0
392,2026-09-05,56490.0
392,2026-09-06,56560.0
392,2026-09-07,56820.0
392,2026-09-08,55320.0
392,2026-09-09,55320.0
392,2026-09-10,54970.0
392,2026-09-11,53950.0
392,2026-09-12,54420.0
392,2026-09-13,54690.0
392,2026-09-14,54270.0
392,2026-09-15,54040.0
392,2026-09-16,53320.0
392,2026-09-17,52930.0
392,2026-09-18,53530.0
392,2026-09-19,52470.0
392,2026-09-20,52560.0
392,2026-09-21,52230.0
392,2026-09-22,52550.0
393,2026-08-24,20700.0
393,2026-08-25,20280.0
393,2026-08-26,20220.0
393,2026-08-27,20420.0
393,2026-08-28,20250.0
393,2026-08-29,20110.0
393,2026-08-30,20260.0
393,2026-08-31,20060.0
393,2026-09-01,19960.0
393,2026-09-02,20000.0
393,2026-09-03,19750.0
393,2026-09-04,19980.0
393,2026-09-05,19540.0
393,2026-09-06,19690.0
393,2026-09-07,19730.0
393,2026-09-08,19220.0
393,2026-09-09,19310.0
393,2026-09-10,19460.0
393,2026-09-11,19390.0
393,2026-09-12,19110.0
393,2026-09-13,18950.0
393,2026-09-14,19130.0
393,2026-09-15,19100.0
393,2026-09-16,18660.0
393,2026-09-17,18580.0
393,2026-09-18,18720.0
393,2026-09-19,18710.0
393,2026-09-20,18490.0
393,2026-09-21,18570.0
393,2026-09-22,18280.0
394,2026-08-24,7580.0
394,2026-08-25,7660.0
394,2026-08-26,7670.0
394,2026-08-27,7630.0
394,2026-08-28,7560.0
394,2026-08-29,7500.0
394,2026-08-30,7550.0
394,2026-08-31,7610.0
394,2026-09-01,7610.0
394,2026-09-02,7590.0
394,2026-09-03,7450.0
394,2026-09-04,7410.0
394,2026-09-05,7490.0
394,2026-09-06,7470.0
394,2026-09-07,7440.0
394,2026-09-08,7270.0
394,2026-09-09,7320.0
394,2026-09-10,7350.0
394,2026-09-11,7360.0
394,2026-09-12,7350.0
394,2026-09-13,7300.0
394,2026-09-14,7290.0
394,2026-09-15,7250.0
394,2026-09-16,7270.0
394,2026-09-17,7220.0
394,2026-09-18,7190.0
394,2026-09-19,7150.0
394,2026-09-20,7150.0
394,2026-09-21,7150.0
394,2026-09-22,7110.0
395,2026-08-24,54420.0
395,2026-08-25,54620.0
395,2026-08-26,53980.0
395,2026-08-27,53400.0
395,2026-08-28,53840.0
395,2026-08-29,52700.0
395,2026-08-30,52620.0
395,2026-08-31,53010.0
395,2026-09-01,52890.0
395,2026-09-02,51960.0
395,2026-09-03,52110.0
395,2026-09-04,51820.0
395,2026-09-05,51670.0
395,2026-09-06,52070.0
395,2026-09-07,51770.0
395,2026-09-08,51270.0
395,2026-09-09,50850.0
395,2026-09-10,50320.0
395,2026-09-11,51270.0
395,2026-09-12,50720.0
395,2026-09-13,49990.0
395,2026-09-14,50380.0
395,2026-09-15,49850.0
395,2026-09-16,49560.0
395,2026-09-17,49660.0
395,2026-09-18,48970.0
395,2026-09-19,48940.0
395,2026-09-20,48930.0
395,2026-09-21,48480.0
395,2026-09-22,48760.0
396,2026-08-24,24940.0
396,2026-08-25,24360.0
396,2026-08-26,24110.0
396,2026-08-27,23960.0
396,2026-08-28,24210.0
396,2026-08-29,24030.0
396,2026-08-30,24100.0
396,2026-08-31,24000.0
396,2026-09-01,23590.0
396,2026-09-02,23470.0
396,2026-09-03,23770.0
396,2026-09-04,23650.0
396,2026-09-05,23460.0
396,2026-09-06,23140.0
396,2026-09-07,23450.0
396,2026-09-08,23510.0
396,2026-09-09,23240.0
396,2026-09-10,22940.0
396,2026-09-11,23020.0
396,2026-09-12,22670.0
396,2026-09-13,23030.0
396,2026-09-14,22760.0
396,2026-09-15,22330.0
396,2026-09-16,22520.0
396,2026-09-17,22570.0
396,2026-09-18,22340.0
396,2026-09-19,22260.0
396,2026-09-20,22000.0
396,2026-09-21,22240.0
396,2026-09-22,21930.0
397,2026-08-24,32990.0
397,2026-08-25,33290.0
397,2026-08-26,33470.0
397,2026-08-27,32970.0
397,2026-08-28,33350.0
397,2026-08-29,32870.0
397,2026-08-30,32690.0
397,2026-08-31,32420.0
397,2026-09-01,32280.0
397,2026-09-02,32070.0
397,2026-09-03,31910.0
397,2026-09-04,31960.0
397,2026-09-05,31440.0
397,2026-09-06,31250.0
397,2026-09-07,31080.0
397,2026-09-08,31720.0
397,2026-09-09,31190.0
397,2026-09-10,30970.0
397,2026-09-11,30470.0
397,2026-09-12,30740.0
397,2026-09-13,30400.0
397,2026-09-14,30330.0
397,2026-09-15,29870.0
397,2026-09-16,30010.0
397,2026-09-17,29700.0
397,2026-09-18,29460.0
397,2026-09-19,29680.0
397,2026-09-20,28960.0
397,2026-09-21,29330.0
397,2026-09-22,29210.0
398,2026-08-24,37100.0
398,2026-08-25,36970.0
398,2026-08-26,37000.0
398,2026-08-27,37000.0
398,2026-08-28,36730.0
398,2026-08-29,36750.0
398,2026-08-30,36990.0
398,2026-08-31,36190.0
398,2026-09-01,35710.0
398,2026-09-02,36290.0
398,2026-09-03,36390.0
398,2026-09-04,35880.0
398,2026-09-05,35310.0
398,2026-09-06,35440.0
398,2026-09-07,35010.0
398,2026-09-08,35370.0
398,2026-09-09,34660.0
398,2026-09-10,34810.0
398,2026-09-11,34470.0
398,2026-09-12,34650.0
398,2026-09-13,34360.0
398,2026-09-14,34370.0
398,2026-09-15,34190.0
398,2026-09-16,33750.0
398,2026-09-17,34070.0
398,2026-09-18,33730.0
398,2026-09-19,33320.0
398,2026-09-20,34100.0
398,2026-09-21,33450.0
398,2026-09-22,33130.0
399,2026-08-24,5340.0
399,2026-08-25,5340.0
399,2026-08-26,5240.0
399,2026-08-27,5240.0
399,2026-08-28,5160.0
399,2026-08-29,5170.0
399,2026-08-30,5150.0
399,2026-08-31,5140.0
399,2026-09-01,5130.0
399,2026-09-02,5120.0
399,2026-09-03,5080.0
399,2026-09-04,5000.0
399,2026-09-05,4990.0
399,2026-09-06,4990.0
399,2026-09-07,4980.0
399,2026-09-08,5010.0
399,2026-09-09,4900.0
399,2026-09-10,4910.0
399,2026-09-11,4940.0
399,2026-09-12,4870.0
399,2026-09-13,4880.0
399,2026-09-14,4830.0
399,2026-09-15,4830.0
399,2026-09-16,4790.0
399,2026-09-17,4800.0
399,2026-09-18,4690.0
399,2026-09-19,4720.0
399,2026-09-20,4720.0
399,2026-09-21,4710.0
399,2026-09-22,4730.0
400,2026-08-24,47120.0
400,2026-08-25,47600.0
400,2026-08-26,46640.0
400,2026-08-27,47160.0
400,2026-08-28,46780.0
400,2026-08-29,45970.0
400,2026-08-30,46210.0
400,2026-08-31,45890.0
400,2026-09-01,45940.0
400,2026-09-02,45440.0
400,2026-09-03,45220.0
400,2026-09-04,45620.0
400,2026-09-05,44900.0
400,2026-09-06,45040.0
400,2026-09-07,44470.0
400,2026-09-08,44960.0
400,2026-09-09,43920.0
400,2026-09-10,43750.0
400,2026-09-11,44320.0
400,2026-09-12,43430.0
400,2026-09-13,43960.0
400,2026-09-14,43520.0
400,2026-09-15,42950.0
400,2026-09-16,42160.0
400,2026-09-17,42610.0
400,2026-09-18,42460.0
400,2026-09-19,42650.0
400,2026-09-20,42600.0
400,2026-09-21,41600.0
400,2026-09-22,41940.0
401,2026-08-24,49960.0
401,2026-08-25,49900.0
401,2026-08-26,49510.0
401,2026-08-27,48420.0
401,2026-08-28,48900.0
401,2026-08-29,48350.0
401,2026-08-30,48530.0
401,2026-08-31,48790.0
401,2026-09-01,48360.0
401,2026-09-02,48490.0
401,2026-09-03,48010.0
401,2026-09-04,47220.0
401,2026-09-05,46590.0
401,2026-09-06,47400.0
401,2026-09-07,47090.0
401,2026-09-08,46620.0
401,2026-09-09,46180.0
401,2026-09-10,46360.0
401,2026-09-11,46380.0
401,2026-09-12,46520.0
401,2026-09-13,46160.0
401,2026-09-14,46510.0
401,2026-09-15,45350.0
401,2026-09-16,45880.0
401,2026-09-17,45390.0
401,2026-09-18,45450.0
401,2026-09-19,44850.0
401,2026-09-20,45230.0
401,2026-09-21,44760.0
401,2026-09-22,44220.0
402,2026-08-24,282860.0
402,2026-08-25,281340.0
402,2026-08-26,281930.0
402,2026-08-27,277240.0
402,2026-08-28,278750.0
402,2026-08-29,278670.0
402,2026-08-30,276850.0
402,2026-08-31,278720.0
402,2026-09-01,276450.0
402,2026-09-02,273710.0
402,2026-09-03,273190.0
402,2026-09-04,272340.0
402,2026-09-05,271560.0
402,2026-09-06,265650.0
402,2026-09-07,267980.0
402,2026-09-08,264360.0
402,2026-09-09,269410.0
402,2026-09-10,265450.0
402,2026-09-11,264150.0
402,2026-09-12,265520.0
402,2026-09-13,263460.0
402,2026-09-14,259040.0
402,2026-09-15,260340.0
402,2026-09-16,258750.0
402,2026-09-17,254640.0
402,2026-09-18,255930.0
402,2026-09-19,256030.0
402,2026-09-20,255160.0
402,2026-09-21,251140.0
402,2026-09-22,255900.0
403,2026-08-24,214080.0
403,2026-08-25,213540.0
403,2026-08-26,213360.0
403,2026-08-27,210650.0
403,2026-08-28,211920.0
403,2026-08-29,209800.0
403,2026-08-30,208170.0
403,2026-08-31,209810.0
403,2026-09-01,210550.0
403,2026-09-02,208520.0
403,2026-09-03,208080.0
403,2026-09-04,204940.0
403,2026-09-05,202410.0
403,2026-09-06,206700.0
403,2026-09-07,206860.0
403,2026-09-08,205250.0
403,2026-09-09,201410.0
403,2026-09-10,199290.0
403,2026-09-11,198670.0
403,2026-09-12,196890.0
403,2026-09-13,198710.0
403,2026-09-14,200750.0
403,2026-09-15,197120.0
403,2026-09-16,197080.0
403,2026-09-17,198070.0
403,2026-09-18,194380.0
403,2026-09-19,197610.0
403,2026-09-20,196770.0
403,2026-09-21,192520.0
403,2026-09-22,191020.0
404,2026-08-24,162140.0
404,2026-08-25,160260.0
404,2026-08-26,158680.0
404,2026-08-27,161110.0
404,2026-08-28,160450.0
404,2026-08-29,158550.0
404,2026-08-30,156200.0
404,2026-08-31,155660.0
404,2026-09-01,156730.0
404,2026-09-02,155390.0
404,2026-09-03,155010.0
404,2026-09-04,156110.0
404,2026-09-05,155170.0
404,2026-09-06,155380.0
404,2026-09-07,151860.0
404,2026-09-08,152080.0
404,2026-09-09,152860.0
404,2026-09-10,151890.0
404,2026-09-11,152650.0
404,2026-09-12,150680.0
404,2026-09-13,151870.0
404,2026-09-14,149660.0
404,2026-09-15,149720.0
404,2026-09-16,147420.0
404,2026-09-17,147250.0
404,2026-09-18,147780.0
404,2026-09-19,148060.0
404,2026-09-20,146380.0
404,2026-09-21,144790.0
404,2026-09-22,146020.0
405,2026-08-24,228330.0
405,2026-08-25,228920.0
405,2026-08-26,231870.0
405,2026-08-27,229930.0
405,2026-08-28,230210.0
405,2026-08-29,228490.0
405,2026-08-30,228620.0
405,2026-08-31,225410.0
405,2026-09-01,227090.0
405,2026-09-02,227070.0
405,2026-09-03,226710.0
405,2026-09-04,227340.0
405,2026-09-05,223460.0
405,2026-09-06,222750.0
405,2026-09-07,218810.0
405,2026-09-08,219800.0
405,2026-09-09,219630.0
405,2026-09-10,221060.0
405,2026-09-11,217370.0
405,2026-09-12,219090.0
405,2026-09-13,216920.0
405,2026-09-14,215840.0
405,2026-09-15,215830.0
405,2026-09-16,213940.0
405,2026-09-17,213110.0
405,2026-09-18,210090.0
405,2026-09-19,211900.0
405,2026-09-20,210730.0
405,2026-09-21,209900.0
405,2026-09-22,210780.0
406,2026-08-24,55310.0
406,2026-08-25,54960.0
406,2026-08-26,55110.0
406,2026-08-27,54770.0
406,2026-08-28,54230.0
406,2026-08-29,53990.0
406,2026-08-30,54150.0
406,2026-08-31,54090.0
406,2026-09-01,54270.0
406,2026-09-02,54010.0
406,2026-09-03,53110.0
406,2026-09-04,53130.0
406,2026-09-05,53290.0
406,2026-09-06,53280.0
406,2026-09-07,53060.0
406,2026-09-08,52470.0
406,2026-09-09,51800.0
406,2026-09-10,51740.0
406,2026-09-11,52100.0
406,2026-09-12,51960.0
406,2026-09-13,51190.0
406,2026-09-14,51500.0
406,2026-09-15,51580.0
406,2026-09-16,50660.0
406,2026-09-17,51440.0
406,2026-09-18,50650.0
406,2026-09-19,51170.0
406,2026-09-20,50250.0
406,2026-09-21,49870.0
406,2026-09-22,49940.0
407,2026-08-24,241390.0
407,2026-08-25,239980.0
407,2026-08-26,239420.0
407,2026-08-27,239540.0
407,2026-08-28,237740.0
407,2026-08-29,237060.0
407,2026-08-30,233190.0
407,2026-08-31,236140.0
407,2026-09-01,234390.0
407,2026-09-02,236610.0
407,2026-09-03,231080.0
407,2026-09-04,228630.0
407,2026-09-05,232170.0
407,2026-09-06,230800.0
407,2026-09-07,227450.0
407,2026-09-08,225630.0
407,2026-09-09,230340.0
407,2026-09-10,229240.0
407,2026-09-11,221250.0
407,2026-09-12,224070.0
407,2026-09-13,227060.0
407,2026-09-14,222290.0
407,2026-09-15,221380.0
407,2026-09-16,220880.0
407,2026-09-17,218480.0
407,2026-09-18,216540.0
407,2026-09-19,220690.0
407,2026-09-20,214540.0
407,2026-09-21,217470.0
407,2026-09-22,217750.0
408,2026-08-24,69940.0
408,2026-08-25,69990.0
408,2026-08-26,70910.0
408,2026-08-27,70300.0
408,2026-08-28,69440.0
408,2026-08-29,70180.0
408,2026-08-30,69950.0
408,2026-08-31,69200.0
408,2026-09-01,68330.0
408,2026-09-02,68350.0
408,2026-09-03,68490.0
408,2026-09-04,67990.0
408,2026-09-05,68370.0
408,2026-09-06,66790.0
408,2026-09-07,66570.0
408,2026-09-08,67240.0
408,2026-09-09,66630.0
408,2026-09-10,66320.0
408,2026-09-11,65460.0
408,2026-09-12,66190.0
408,2026-09-13,65910.0
408,2026-09-14,66060.0
408,2026-09-15,65500.0
408,2026-09-16,65150.0
408,2026-09-17,65620.0
408,2026-09-18,64040.0
408,2026-09-19,64800.0
408,2026-09-20,63360.0
408,2026-09-21,63580.0
408,2026-09-22,63130.0
409,2026-08-24,243480.0
409,2026-08-25,240940.0
409,2026-08-26,240060.0
409,2026-08-27,237060.0
409,2026-08-28,237570.0
409,2026-08-29,235740.0
409,2026-08-30,236880.0
409,2026-08-31,233370.0
409,2026-09-01,236670.0
409,2026-09-02,230150.0
409,2026-09-03,230780.0
409,2026-09-04,234380.0
409,2026-09-05,229510.0
409,2026-09-06,226910.0
409,2026-09-07,228760.0
409,2026-09-08,226500.0
409,2026-09-09,224860.0
409,2026-09-10,223410.0
409,2026-09-11,229560.0
409,2026-09-12,223010.0
409,2026-09-13,218950.0
409,2026-09-14,224270.0
409,2026-09-15,221670.0
409,2026-09-16,218150.0
409,2026-09-17,216870.0
409,2026-09-18,218850.0
409,2026-09-19,216180.0
409,2026-09-20,212110.0
409,2026-09-21,217980.0
409,2026-09-22,212910.0
410,2026-08-24,240580.0
410,2026-08-25,239150.0
410,2026-08-26,234050.0
410,2026-08-27,236630.0
410,2026-08-28,232580.0
410,2026-08-29,229380.0
410,2026-08-30,230900.0
410,2026-08-31,231320.0
410,2026-09-01,228740.0
410,2026-09-02,227980.0
410,2026-09-03,229520.0
410,2026-09-04,226630.0
410,2026-09-05,223890.0
410,2026-09-06,225600.0
410,2026-09-07,223660.0
410,2026-09-08,217770.0
410,2026-09-09,221980.0
410,2026-09-10,220870.0
410,2026-09-11,219170.0
410,2026-09-12,219670.0
410,2026-09-13,215850.0
410,2026-09-14,216600.0
410,2026-09-15,212170.0
410,2026-09-16,214640.0
410,2026-09-17,216350.0
410,2026-09-18,210050.0
410,2026-09-19,209430.0
410,2026-09-20,208470.0
410,2026-09-21,208930.0
410,2026-09-22,205760.0
411,2026-08-24,264850.0
411,2026-08-25,264580.0
411,2026-08-26,262850.0
411,2026-08-27,257200.0
411,2026-08-28,261550.0
411,2026-08-29,260320.0
411,2026-08-30,259000.0
411,2026-08-31,256990.0
411,2026-09-01,255580.0
411,2026-09-02,256070.0
411,2026-09-03,256720.0
411,2026-09-04,249930.0
411,2026-09-05,252830.0
411,2026-09-06,249420.0
411,2026-09-07,248230.0
411,2026-09-08,244340.0
411,2026-09-09,245700.0
411,2026-09-10,243190.0
411,2026-09-11,243130.0
411,2026-09-12,240770.0
411,2026-09-13,240940.0
411,2026-09-14,239910.0
411,2026-09-15,239800.0
411,2026-09-16,235310.0
411,2026-09-17,234530.0
411,2026-09-18,236990.0
411,2026-09-19,233590.0
411,2026-09-20,236180.0
411,2026-09-21,233400.0
411,2026-09-22,233040.0
412,2026-08-24,128410.0
412,2026-08-25,126180.0
412,2026-08-26,125350.0
412,2026-08-27,126150.0
412,2026-08-28,125230.0
412,2026-08-29,123980.0
412,2026-08-30,124910.0
412,2026-08-31,122800.0
412,2026-09-01,122450.0
412,2026-09-02,121860.0
412,2026-09-03,120370.0
412,2026-09-04,120750.0
412,2026-09-05,121430.0
412,2026-09-06,119940.0
412,2026-09-07,118970.0
412,2026-09-08,118200.0
412,2026-09-09,118090.0
412,2026-09-10,117910.0
412,2026-09-11,117200.0
412,2026-09-12,115720.0
412,2026-09-13,115770.0
412,2026-09-14,115330.0
412,2026-09-15,113330.0
412,2026-09-16,113880.0
412,2026-09-17,111070.0
412,2026-09-18,113020.0
412,2026-09-19,112610.0
412,2026-09-20,112110.0
412,2026-09-21,110440.0
412,2026-09-22,110530.0
413,2026-08-24,153710.0
413,2026-08-25,153020.0
413,2026-08-26,150690.0
413,2026-08-27,150210.0
413,2026-08-28,150650.0
413,2026-08-29,146970.0
413,2026-08-30,147650.0
413,2026-08-31,148890.0
413,2026-09-01,147800.0
413,2026-09-02,146430.0
413,2026-09-03,143600.0
413,2026-09-04,144600.0
413,2026-09-05,143300.0
413,2026-09-06,143680.0
413,2026-09-07,141700.0
413,2026-09-08,140780.0
413,2026-09-09,138910.0
413,2026-09-10,142010.0
413,2026-09-11,139470.0
413,2026-09-12,139440.0
413,2026-09-13,138580.0
413,2026-09-14,136680.0
413,2026-09-15,135790.0
413,2026-09-16,135400.0
413,2026-09-17,135050.0
413,2026-09-18,135630.0
413,2026-09-19,133620.0
413,2026-09-20,135870.0
413,2026-09-21,134370.0
413,2026-09-22,133440.0
414,2026-08-24,82410.0
414,2026-08-25,83060.0
414,2026-08-26,81620.0
414,2026-08-27,81370.0
414,2026-08-28,81130.0
414,2026-08-29,81100.0
414,2026-08-30,80700.0
414,2026-08-31,79640.0
414,2026-09-01,79240.0
414,2026-09-02,79610.0
414,2026-09-03,79290.0
414,2026-09-04,78240.0
414,2026-09-05,77130.0
414,2026-09-06,77630.0
414,2026-09-07,77780.0
414,2026-09-08,78160.0
414,2026-09-09,75920.0
414,2026-09-10,76040.0
414,2026-09-11,75700.0
414,2026-09-12,76420.0
414,2026-09-13,75190.0
414,2026-09-14,74280.0
414,2026-09-15,74830.0
414,2026-09-16,73870.0
414,2026-09-17,72990.0
414,2026-09-18,72840.0
414,2026-09-19,74110.0
414,2026-09-20,72910.0
414,2026-09-21,72370.0
414,2026-09-22,71780.0
415,2026-08-24,99930.0
415,2026-08-25,99480.0
415,2026-08-26,99060.0
415,2026-08-27,98490.0
415,2026-08-28,98620.0
415,2026-08-29,97550.0
415,2026-08-30,96370.0
415,2026-08-31,96210.0
415,2026-09-01,94750.0
415,2026-09-02,97310.0
415,2026-09-03,96010.0
415,2026-09-04,94300.0
415,2026-09-05,94280.0
415,2026-09-06,93580.0
415,2026-09-07,94780.0
415,2026-09-08,92120.0
415,2026-09-09,92840.0
415,2026-09-10,92240.0
415,2026-09-11,92500.0
415,2026-09-12,91370.0
415,2026-09-13,89690.0
415,2026-09-14,90390.0
415,2026-09-15,89410.0
415,2026-09-16,89770.0
415,2026-09-17,90350.0
415,2026-09-18,87530.0
415,2026-09-19,87800.0
415,2026-09-20,87550.0
415,2026-09-21,87250.0
415,2026-09-22,87650.0
416,2026-08-24,119100.0
416,2026-08-25,119090.0
416,2026-08-26,117630.0
416,2026-08-27,117860.0
416,2026-08-28,117820.0
416,2026-08-29,115930.0
416,2026-08-30,116750.0
416,2026-08-31,115570.0
416,2026-09-01,115920.0
416,2026-09-02,114270.0
416,2026-09-03,114260.0
416,2026-09-04,113350.0
416,2026-09-05,112770.0
416,2026-09-06,112550.0
416,2026-09-07,112270.0
416,2026-09-08,110140.0
416,2026-09-09,112000.0
416,2026-09-10,108530.0
416,2026-09-11,109040.0
416,2026-09-12,109040.0
416,2026-09-13,108960.0
416,2026-09-14,109470.0
416,2026-09-15,105860.0
416,2026-09-16,106540.0
416,2026-09-17,104550.0
416,2026-09-18,105950.0
416,2026-09-19,105630.0
416,2026-09-20,106280.0
416,2026-09-21,104430.0
416,2026-09-22,104720.0
417,2026-08-24,159260.0
417,2026-08-25,157390.0
417,2026-08-26,155570.0
417,2026-08-27,156930.0
417,2026-08-28,154170.0
417,2026-08-29,156850.0
417,2026-08-30,154460.0
417,2026-08-31,155430.0
417,2026-09-01,152770.0
417,2026-09-02,153020.0
417,2026-09-03,152290.0
417,2026-09-04,151340.0
417,2026-09-05,150220.0
417,2026-09-06,150560.0
417,2026-09-07,148330.0
417,2026-09-08,147340.0
417,2026-09-09,149620.0
417,2026-09-10,148350.0
417,2026-09-11,146910.0
417,2026-09-12,148170.0
417,2026-09-13,145210.0
417,2026-09-14,146460.0
417,2026-09-15,144430.0
417,2026-09-16,142350.0
417,2026-09-17,145130.0
417,2026-09-18,143450.0
417,2026-09-19,141470.0
417,2026-09-20,141840.0
417,2026-09-21,139830.0
417,2026-09-22,140650.0
418,2026-08-24,271860.0
418,2026-08-25,273520.0
418,2026-08-26,276500.0
418,2026-08-27,272740.0
418,2026-08-28,272500.0
418,2026-08-29,268070.0
418,2026-08-30,273530.0
418,2026-08-31,270970.0
418,2026-09-01,266880.0
418,2026-09-02,265260.0
418,2026-09-03,267060.0
418,2026-09-04,267850.0
418,2026-09-05,264520.0
418,2026-09-06,265860.0
418,2026-09-07,258220.0
418,2026-09-08,257240.0
418,2026-09-09,255280.0
418,2026-09-10,257490.0
418,2026-09-11,255740.0
418,2026-09-12,253860.0
418,2026-09-13,254670.0
418,2026-09-14,254360.0
418,2026-09-15,247420.0
418,2026-09-16,248170.0
418,2026-09-17,249920.0
418,2026-09-18,246050.0
418,2026-09-19,244170.0
418,2026-09-20,246760.0
418,2026-09-21,240760.0
418,2026-09-22,241620.0
419,2026-08-24,283150.0
419,2026-08-25,280320.0
419,2026-08-26,282380.0
419,2026-08-27,278570.0
419,2026-08-28,281970.0
419,2026-08-29,277770.0
419,2026-08-30,278610.0
419,2026-08-31,277900.0
419,2026-09-01,274040.0
419,2026-09-02,270070.0
419,2026-09-03,274420.0
419,2026-09-04,272910.0
419,2026-09-05,273080.0
419,2026-09-06,270500.0
419,2026-09-07,269180.0
419,2026-09-08,273590.0
419,2026-09-09,265160.0
419,2026-09-10,269060.0
419,2026-09-11,265350.0
419,2026-09-12,264990.0
419,2026-09-13,264150.0
419,2026-09-14,262210.0
419,2026-09-15,264310.0
419,2026-09-16,265210.0
419,2026-09-17,262330.0
419,2026-09-18,260660.0
419,2026-09-19,257410.0
419,2026-09-20,259790.0
419,2026-09-21,262460.0
419,2026-09-22,256080.0
420,2026-08-24,180090.0
420,2026-08-25,179140.0
420,2026-08-26,178540.0
420,2026-08-27,174730.0
420,2026-08-28,178380.0
420,2026-08-29,175960.0
420,2026-08-30,174210.0
420,2026-08-31,176770.0
420,2026-09-01,173540.0
420,2026-09-02,173870.0
420,2026-09-03,175670.0
420,2026-09-04,171000.0
420,2026-09-05,170140.0
420,2026-09-06,171930.0
420,2026-09-07,172450.0
420,2026-09-08,167990.0
420,2026-09-09,170030.0
420,2026-09-10,169570.0
420,2026-09-11,165230.0
420,2026-09-12,168480.0
420,2026-09-13,167890.0
420,2026-09-14,165560.0
420,2026-09-15,167020.0
420,2026-09-16,166160.0
420,2026-09-17,164040.0
420,2026-09-18,162580.0
420,2026-09-19,161160.0
420,2026-09-20,161760.0
420,2026-09-21,161900.0
420,2026-09-22,159970.0
421,2026-08-24,132040.0
421,2026-08-25,135140.0
421,2026-08-26,133520.0
421,2026-08-27,132430.0
421,2026-08-28,133220.0
421,2026-08-29,133410.0
421,2026-08-30,128420.0
421,2026-08-31,131280.0
421,2026-09-01,128850.0
421,2026-09-02,130350.0
421,2026-09-03,129470.0
421,2026-09-04,129500.0
421,2026-09-05,127820.0
421,2026-09-06,125890.0
421,2026-09-07,126870.0
421,2026-09-08,127260.0
421,2026-09-09,127390.0
421,2026-09-10,124630.0
421,2026-09-11,126410.0
421,2026-09-12,124170.0
421,2026-09-13,124720.0
421,2026-09-14,123320.0
421,2026-09-15,123540.0
421,2026-09-16,123770.0
421,2026-09-17,121080.0
421,2026-09-18,121140.0
421,2026-09-19,121540.0
421,2026-09-20,123340.0
421,2026-09-21,119460.0
421,2026-09-22,121970.0
422,2026-08-24,290800.0
422,2026-08-25,285280.0
422,2026-08-26,283980.0
422,2026-08-27,282250.0
422,2026-08-28,282780.0
422,2026-08-29,278950.0
422,2026-08-30,281040.0
422,2026-08-31,283670.0
422,2026-09-01,278140.0
422,2026-09-02,278110.0
422,2026-09-03,274010.0
422,2026-09-04,277750.0
422,2026-09-05,276650.0
422,2026-09-06,275350.0
422,2026-09-07,273870.0
422,2026-09-08,272840.0
422,2026-09-09,273750.0
422,2026-09-10,271710.0
422,2026-09-11,271620.0
422,2026-09-12,270540.0
422,2026-09-13,271690.0
422,2026-09-14,269850.0
422,2026-09-15,267920.0
422,2026-09-16,270000.0
422,2026-09-17,266710.0
422,2026-09-18,267810.0
422,2026-09-19,265400.0
422,2026-09-20,259120.0
422,2026-09-21,265240.0
422,2026-09-22,261790.0
423,2026-08-24,94980.0
423,2026-08-25,94900.0
423,2026-08-26,94130.0
423,2026-08-27,94220.0
423,2026-08-28,93310.0
423,2026-08-29,94340.0
423,2026-08-30,93020.0
423,2026-08-31,92510.0
423,2026-09-01,91800.0
423,2026-09-02,92340.0
423,2026-09-03,91960.0
423,2026-09-04,91790.0
423,2026-09-05,90450.0
423,2026-09-06,89720.0
423,2026-09-07,91010.0
423,2026-09-08,91310.0
423,2026-09-09,89180.0
423,2026-09-10,90750.0
423,2026-09-11,89490.0
423,2026-09-12,88960.0
423,2026-09-13,88360.0
423,2026-09-14,87320.0
423,2026-09-15,88720.0
423,2026-09-16,87130.0
423,2026-09-17,86800.0
423,2026-09-18,87770.0
423,2026-09-19,85370.0
423,2026-09-20,85310.0
423,2026-09-21,86080.0
423,2026-09-22,85990.0
424,2026-08-24,277640.0
424,2026-08-25,274920.0
424,2026-08-26,279750.0
424,2026-08-27,272920.0
424,2026-08-28,271840.0
424,2026-08-29,269580.0
424,2026-08-30,270430.0
424,2026-08-31,270380.0
424,2026-09-01,270530.0
424,2026-09-02,263840.0
424,2026-09-03,265350.0
424,2026-09-04,265720.0
424,2026-09-05,264940.0
424,2026-09-06,262650.0
424,2026-09-07,262690.0
424,2026-09-08,258800.0
424,2026-09-09,262660.0
424,2026-09-10,260410.0
424,2026-09-11,254460.0
424,2026-09-12,253940.0
424,2026-09-13,252930.0
424,2026-09-14,255450.0
424,2026-09-15,250280.0
424,2026-09-16,251190.0
424,2026-09-17,251750.0
424,2026-09-18,249590.0
424,2026-09-19,249190.0
424,2026-09-20,245360.0
424,2026-09-21,247740.0
424,2026-09-22,244150.0
425,2026-08-24,275010.0
425,2026-08-25,275050.0
425,2026-08-26,273630.0
425,2026-08-27,272320.0
425,2026-08-28,269560.0
425,2026-08-29,269370.0
425,2026-08-30,268860.0
425,2026-08-31,264840.0
425,2026-09-01,265610.0
425,2026-09-02,266250.0
425,2026-09-03,261630.0
425,2026-09-04,265580.0
425,2026-09-05,264680.0
425,2026-09-06,258280.0
425,2026-09-07,262580.0
425,2026-09-08,258300.0
425,2026-09-09,258340.0
425,2026-09-10,255290.0
425,2026-09-11,257120.0
425,2026-09-12,254900.0
425,2026-09-13,251210.0
425,2026-09-14,249330.0
425,2026-09-15,247580.0
425,2026-09-16,249880.0
425,2026-09-17,249550.0
425,2026-09-18,248580.0
425,2026-09-19,245830.0
425,2026-09-20,242520.0
425,2026-09-21,242370.0
425,2026-09-22,245070.0
426,2026-08-24,244410.0
426,2026-08-25,244710.0
426,2026-08-26,241560.0
426,2026-08-27,243320.0
426,2026-08-28,240970.0
426,2026-08-29,242900.0
426,2026-08-30,241520.0
426,2026-08-31,238290.0
426,2026-09-01,238110.0
426,2026-09-02,236440.0
426,2026-09-03,233960.0
426,2026-09-04,234130.0
426,2026-09-05,235230.0
426,2026-09-06,234590.0
426,2026-09-07,233390.0
426,2026-09-08,231680.0
426,2026-09-09,233110.0
426,2026-09-10,230620.0
426,2026-09-11,230940.0
426,2026-09-12,225460.0
426,2026-09-13,220580.0
426,2026-09-14,227550.0
426,2026-09-15,223490.0
426,2026-09-16,224880.0
426,2026-09-17,223840.0
426,2026-09-18,226490.0
426,2026-09-19,223410.0
426,2026-09-20,222100.0
426,2026-09-21,222480.0
426,2026-09-22,220740.0
427,2026-08-24,229190.0
427,2026-08-25,231070.0
427,2026-08-26,226370.0
427,2026-08-27,228070.0
427,2026-08-28,223920.0
427,2026-08-29,226190.0
427,2026-08-30,225340.0
427,2026-08-31,227130.0
427,2026-09-01,220550.0
427,2026-09-02,221420.0
427,2026-09-03,223110.0
427,2026-09-04,221410.0
427,2026-09-05,220300.0
427,2026-09-06,217460.0
427,2026-09-07,217270.0
427,2026-09-08,219690.0
427,2026-09-09,216550.0
427,2026-09-10,216480.0
427,2026-09-11,214770.0
427,2026-09-12,212040.0
427,2026-09-13,214960.0
427,2026-09-14,213360.0
427,2026-09-15,215720.0
427,2026-09-16,209000.0
427,2026-09-17,211430.0
427,2026-09-18,206810.0
427,2026-09-19,208580.0
427,2026-09-20,209190.0
427,2026-09-21,202950.0
427,2026-09-22,205430.0
428,2026-08-24,209170.0
428,2026-08-25,208160.0
428,2026-08-26,209130.0
428,2026-08-27,209520.0
428,2026-08-28,206730.0
428,2026-08-29,206490.0
428,2026-08-30,205550.0
428,2026-08-31,204590.0
428,2026-09-01,202050.0
428,2026-09-02,204800.0
428,2026-09-03,202710.0
428,2026-09-04,202080.0
428,2026-09-05,199370.0
428,2026-09-06,199140.0
428,2026-09-07,198810.0
428,2026-09-08,195850.0
428,2026-09-09,194820.0
428,2026-09-10,195780.0
428,2026-09-11,196800.0
428,2026-09-12,194120.0
428,2026-09-13,192750.0
428,2026-09-14,192300.0
428,2026-09-15,192090.0
428,2026-09-16,191470.0
428,2026-09-17,194730.0
428,2026-09-18,192160.0
428,2026-09-19,191330.0
428,2026-09-20,190780.0
428,2026-09-21,186510.0
428,2026-09-22,185370.0
429,2026-08-24,280930.0
429,2026-08-25,285470.0
429,2026-08-26,280570.0
429,2026-08-27,278250.0
429,2026-08-28,279250.0
429,2026-08-29,278890.0
429,2026-08-30,279200.0
429,2026-08-31,278380.0
429,2026-09-01,275240.0
429,2026-09-02,277750.0
429,2026-09-03,274070.0
429,2026-09-04,274340.0
429,2026-09-05,275390.0
429,2026-09-06,271710.0
429,2026-09-07,271080.0
429,2026-09-08,272820.0
429,2026-09-09,268870.0
429,2026-09-10,269120.0
429,2026-09-11,270380.0
429,2026-09-12,272860.0
429,2026-09-13,268920.0
429,2026-09-14,267840.0
429,2026-09-15,267180.0
429,2026-09-16,262890.0
429,2026-09-17,264700.0
429,2026-09-18,263590.0
429,2026-09-19,263570.0
429,2026-09-20,262340.0
429,2026-09-21,262120.0
429,2026-09-22,259830.0
430,2026-08-24,29490.0
430,2026-08-25,29100.0
430,2026-08-26,29190.0
430,2026-08-27,29460.0
430,2026-08-28,29110.0
430,2026-08-29,28920.0
430,2026-08-30,29240.0
430,2026-08-31,28410.0
430,2026-09-01,28350.0
430,2026-09-02,28870.0
430,2026-09-03,28390.0
430,2026-09-04,28210.0
430,2026-09-05,27890.0
430,2026-09-06,28150.0
430,2026-09-07,28060.0
430,2026-09-08,27580.0
430,2026-09-09,27690.0
430,2026-09-10,27530.0
430,2026-09-11,27550.0
430,2026-09-12,27140.0
430,2026-09-13,27550.0
430,2026-09-14,27370.0
430,2026-09-15,26980.0
430,2026-09-16,26900.0
430,2026-09-17,26810.0
430,2026-09-18,26550.0
430,2026-09-19,26520.0
430,2026-09-20,26450.0
430,2026-09-21,26750.0
430,2026-09-22,26500.0
431,2026-08-24,111230.0
431,2026-08-25,110370.0
431,2026-08-26,108740.0
431,2026-08-27,109230.0
431,2026-08-28,109670.0
431,2026-08-29,107430.0
431,2026-08-30,108600.0
431,2026-08-31,109590.0
431,2026-09-01,108150.0
431,2026-09-02,108050.0
431,2026-09-03,106660.0
431,2026-09-04,106880.0
431,2026-09-05,105090.0
431,2026-09-06,105950.0
431,2026-09-07,105430.0
431,2026-09-08,104730.0
431,2026-09-09,105180.0
431,2026-09-10,103250.0
431,2026-09-11,103140.0
431,2026-09-12,102980.0
431,2026-09-13,101650.0
431,2026-09-14,102290.0
431,2026-09-15,100290.0
431,2026-09-16,102180.0
431,2026-09-17,100950.0
431,2026-09-18,100090.0
431,2026-09-19,99430.0
431,2026-09-20,99530.0
431,2026-09-21,99890.0
431,2026-09-22,99380.0
432,2026-08-24,191830.0
432,2026-08-25,190900.0
432,2026-08-26,192380.0
432,2026-08-27,189640.0
432,2026-08-28,190070.0
432,2026-08-29,189440.0
432,2026-08-30,189000.0
432,2026-08-31,189070.0
432,2026-09-01,185250.0
432,2026-09-02,183580.0
432,2026-09-03,184830.0
432,2026-09-04,187570.0
432,2026-09-05,187170.0
432,2026-09-06,186170.0
432,2026-09-07,182490.0
432,2026-09-08,179440.0
432,2026-09-09,177900.0
432,2026-09-10,179710.0
432,2026-09-11,179600.0
432,2026-09-12,181070.0
432,2026-09-13,179720.0
432,2026-09-14,178060.0
432,2026-09-15,175700.0
432,2026-09-16,174880.0
432,2026-09-17,175940.0
432,2026-09-18,175860.0
432,2026-09-19,174700.0
432,2026-09-20,171890.0
432,2026-09-21,173630.0
432,2026-09-22,172580.0
433,2026-08-24,278300.0
433,2026-08-25,277740.0
433,2026-08-26,279700.0
433,2026-08-27,276590.0
433,2026-08-28,279290.0
433,2026-08-29,275820.0
433,2026-08-30,272570.0
433,2026-08-31,272420.0
433,2026-09-01,271410.0
433,2026-09-02,268570.0
433,2026-09-03,267020.0
433,2026-09-04,269280.0
433,2026-09-05,268420.0
433,2026-09-06,266750.0
433,2026-09-07,267520.0
433,2026-09-08,262000.0
433,2026-09-09,265530.0
433,2026-09-10,258920.0
433,2026-09-11,257520.0
433,2026-09-12,254780.0
433,2026-09-13,256400.0
433,2026-09-14,255120.0
433,2026-09-15,256140.0
433,2026-09-16,254380.0
433,2026-09-17,250180.0
433,2026-09-18,250710.0
433,2026-09-19,249590.0
433,2026-09-20,245460.0
433,2026-09-21,245980.0
433,2026-09-22,245270.0
434,2026-08-24,35520.0
434,2026-08-25,35060.0
434,2026-08-26,35060.0
434,2026-08-27,34360.0
434,2026-08-28,34960.0
434,2026-08-29,34860.0
434,2026-08-30,33850.0
434,2026-08-31,34070.0
434,2026-09-01,34270.0
434,2026-09-02,34190.0
434,2026-09-03,33710.0
434,2026-09-04,33680.0
434,2026-09-05,33480.0
434,2026-09-06,33550.0
434,2026-09-07,33720.0
434,2026-09-08,33060.0
434,2026-09-09,33410.0
434,2026-09-10,32810.0
434,2026-09-11,32670.0
434,2026-09-12,32990.0
434,2026-09-13,32900.0
434,2026-09-14,32750.0
434,2026-09-15,32050.0
434,2026-09-16,32150.0
434,2026-09-17,32370.0
434,2026-09-18,32040.0
434,2026-09-19,31620.0
434,2026-09-20,31900.0
434,2026-09-21,31460.0
434,2026-09-22,32010.0
435,2026-08-24,265600.0
435,2026-08-25,262730.0
435,2026-08-26,263270.0
435,2026-08-27,259690.0
435,2026-08-28,260120.0
435,2026-08-29,260560.0
435,2026-08-30,257110.0
435,2026-08-31,255130.0
435,2026-09-01,251250.0
435,2026-09-02,253520.0
435,2026-09-03,254350.0
435,2026-09-04,253610.0
435,2026-09-05,251750.0
435,2026-09-06,248680.0
435,2026-09-07,244830.0
435,2026-09-08,246810.0
435,2026-09-09,246210.0
435,2026-09-10,245210.0
435,2026-09-11,246090.0
435,2026-09-12,247850.0
435,2026-09-13,243140.0
435,2026-09-14,241480.0
435,2026-09-15,240420.0
435,2026-09-16,240200.0
435,2026-09-17,237320.0
435,2026-09-18,238230.0
435,2026-09-19,237920.0
435,2026-09-20,236450.0
435,2026-09-21,235970.0
435,2026-09-22,234940.0
436,2026-08-24,252630.0
436,2026-08-25,256500.0
436,2026-08-26,253140.0
436,2026-08-27,251490.0
436,2026-08-28,250660.0
436,2026-08-29,252830.0
436,2026-08-30,250740.0
436,2026-08-31,247080.0
436,2026-09-01,250460.0
436,2026-09-02,245910.0
436,2026-09-03,248170.0
436,2026-09-04,247540.0
436,2026-09-05,247980.0
436,2026-09-06,248910.0
436,2026-09-07,241960.0
436,2026-09-08,243700.0
436,2026-09-09,242440.0
436,2026-09-10,243010.0
436,2026-09-11,241770.0
436,2026-09-12,239840.0
436,2026-09-13,238850.0
436,2026-09-14,236720.0
436,2026-09-15,239990.0
436,2026-09-16,238150.0
436,2026-09-17,238220.0
436,2026-09-18,235010.0
436,2026-09-19,233520.0
436,2026-09-20,231880.0
436,2026-09-21,233860.0
436,2026-09-22,230320.0
437,2026-08-24,231220.0
437,2026-08-25,224740.0
437,2026-08-26,226380.0
437,2026-08-27,227520.0
437,2026-08-28,224790.0
437,2026-08-29,223000.0
437,2026-08-30,219970.0
437,2026-08-31,218190.0
437,2026-09-01,220800.0
437,2026-09-02,220990.0
437,2026-09-03,216580.0
437,2026-09-04,214310.0
437,2026-09-05,210980.0
437,2026-09-06,212440.0
437,2026-09-07,212850.0
437,2026-09-08,214710.0
437,2026-09-09,212060.0
437,2026-09-10,210360.0
437,2026-09-11,208080.0
437,2026-09-12,206690.0
437,2026-09-13,209020.0
437,2026-09-14,205890.0
437,2026-09-15,200870.0
437,2026-09-16,202250.0
437,2026-09-17,200860.0
437,2026-09-18,200320.0
437,2026-09-19,201150.0
437,2026-09-20,198930.0
437,2026-09-21,197910.0
437,2026-09-22,199220.0
438,2026-08-24,280140.0
438,2026-08-25,284910.0
438,2026-08-26,278610.0
438,2026-08-27,279470.0
438,2026-08-28,277870.0
438,2026-08-29,277960.0
438,2026-08-30,277870.0
438,2026-08-31,277050.0
438,2026-09-01,273680.0
438,2026-09-02,272090.0
438,2026-09-03,279170.0
438,2026-09-04,271890.0
438,2026-09-05,273670.0
438,2026-09-06,267870.0
438,2026-09-07,269960.0
438,2026-09-08,269500.0
438,2026-09-09,270010.0
438,2026-09-10,262280.0
438,2026-09-11,267760.0
438,2026-09-12,264110.0
438,2026-09-13,266520.0
438,2026-09-14,262770.0
438,2026-09-15,262370.0
438,2026-09-16,262850.0
438,2026-09-17,260360.0
438,2026-09-18,260820.0
438,2026-09-19,258470.0
438,2026-09-20,256290.0
438,2026-09-21,261690.0
438,2026-09-22,255870.0
439,2026-08-24,168820.0
439,2026-08-25,169180.0
439,2026-08-26,166640.0
439,2026-08-27,165570.0
439,2026-08-28,166090.0
439,2026-08-29,166400.0
439,2026-08-30,162700.0
439,2026-08-31,163180.0
439,2026-09-01,160370.0
439,2026-09-02,161250.0
439,2026-09-03,160980.0
439,2026-09-04,159050.0
439,2026-09-05,158740.0
439,2026-09-06,156730.0
439,2026-09-07,157800.0
439,2026-09-08,158220.0
439,2026-09-09,154690.0
439,2026-09-10,154480.0
439,2026-09-11,155090.0
439,2026-09-12,155180.0
439,2026-09-13,150950.0
439,2026-09-14,151810.0
439,2026-09-15,151580.0
439,2026-09-16,150280.0
439,2026-09-17,146470.0
439,2026-09-18,149420.0
439,2026-09-19,149900.0
439,2026-09-20,147310.0
439,2026-09-21,145050.0
439,2026-09-22,144900.0
440,2026-08-24,158730.0
440,2026-08-25,157260.0
440,2026-08-26,156500.0
440,2026-08-27,155720.0
440,2026-08-28,154050.0
440,2026-08-29,154180.0
440,2026-08-30,153890.0
440,2026-08-31,154220.0
440,2026-09-01,154940.0
440,2026-09-02,154040.0
440,2026-09-03,150530.0
440,2026-09-04,152090.0
440,2026-09-05,152270.0
440,2026-09-06,151700.0
440,2026-09-07,149750.0
440,2026-09-08,153610.0
440,2026-09-09,148100.0
440,2026-09-10,147900.0
440,2026-09-11,149060.0
440,2026-09-12,150910.0
440,2026-09-13,146900.0
440,2026-09-14,147150.0
440,2026-09-15,148350.0
440,2026-09-16,146590.0
440,2026-09-17,145770.0
440,2026-09-18,146420.0
440,2026-09-19,145640.0
440,2026-09-20,146120.0
440,2026-09-21,146000.0
440,2026-09-22,144380.0
441,2026-08-24,49970.0
441,2026-08-25,49760.0
441,2026-08-26,49690.0
441,2026-08-27,49340.0
441,2026-08-28,49130.0
441,2026-08-29,49410.0
441,2026-08-30,49360.0
441,2026-08-31,48010.0
441,2026-09-01,48410.0
441,2026-09-02,47960.0
441,2026-09-03,47920.0
441,2026-09-04,48020.0
441,2026-09-05,47940.0
441,2026-09-06,47460.0
441,2026-09-07,46580.0
441,2026-09-08,46760.0
441,2026-09-09,47300.0
441,2026-09-10,45720.0
441,2026-09-11,47050.0
441,2026-09-12,46610.0
441,2026-09-13,46730.0
441,2026-09-14,45970.0
441,2026-09-15,45070.0
441,2026-09-16,45850.0
441,2026-09-17,45990.0
441,2026-09-18,45670.0
441,2026-09-19,44880.0
441,2026-09-20,44990.0
441,2026-09-21,44570.0
441,2026-09-22,44270.0
442,2026-08-24,123990.0
442,2026-08-25,121580.0
442,2026-08-26,121480.0
442,2026-08-27,120890.0
442,2026-08-28,120140.0
442,2026-08-29,121280.0
442,2026-08-30,121840.0
442,2026-08-31,120190.0
442,2026-09-01,118560.0
442,2026-09-02,120370.0
442,2026-09-03,120770.0
442,2026-09-04,118200.0
442,2026-09-05,117960.0
442,2026-09-06,118500.0
442,2026-09-07,119140.0
442,2026-09-08,116750.0
442,2026-09-09,115600.0
442,2026-09-10,117050.0
442,2026-09-11,116810.0
442,2026-09-12,115680.0
442,2026-09-13,114770.0
442,2026-09-14,115830.0
442,2026-09-15,115000.0
442,2026-09-16,113400.0
442,2026-09-17,113770.0
442,2026-09-18,112070.0
442,2026-09-19,113590.0
442,2026-09-20,112310.0
442,2026-09-21,111760.0
442,2026-09-22,111740.0
443,2026-08-24,125440.0
443,2026-08-25,125830.0
443,2026-08-26,125100.0
443,2026-08-27,123940.0
443,2026-08-28,124390.0
443,2026-08-29,123610.0
443,2026-08-30,122370.0
443,2026-08-31,122230.0
443,2026-09-01,121770.0
443,2026-09-02,121970.0
443,2026-09-03,120690.0
443,2026-09-04,120230.0
443,2026-09-05,122070.0
443,2026-09-06,120640.0
443,2026-09-07,118570.0
443,2026-09-08,119420.0
443,2026-09-09,118550.0
443,2026-09-10,118370.0
443,2026-09-11,117690.0
443,2026-09-12,118270.0
443,2026-09-13,117020.0
443,2026-09-14,116190.0
443,2026-09-15,116820.0
443,2026-09-16,115610.0
443,2026-09-17,115070.0
443,2026-09-18,114820.0
443,2026-09-19,113990.0
443,2026-09-20,113650.0
443,2026-09-21,112640.0
443,2026-09-22,112050.0
444,2026-08-24,186110.0
444,2026-08-25,184930.0
444,2026-08-26,185040.0
444,2026-08-27,185430.0
444,2026-08-28,185200.0
444,2026-08-29,184050.0
444,2026-08-30,180440.0
444,2026-08-31,185440.0
444,2026-09-01,184130.0
444,2026-09-02,182590.0
444,2026-09-03,184060.0
444,2026-09-04,179310.0
444,2026-09-05,182790.0
444,2026-09-06,178080.0
444,2026-09-07,179180.0
444,2026-09-08,176400.0
444,2026-09-09,177620.0
444,2026-09-10,177530.0
444,2026-09-11,176140.0
444,2026-09-12,176760.0
444,2026-09-13,175260.0
444,2026-09-14,173750.0
444,2026-09-15,173060.0
444,2026-09-16,174410.0
444,2026-09-17,171690.0
444,2026-09-18,173320.0
444,2026-09-19,173140.0
444,2026-09-20,168380.0
444,2026-09-21,171760.0
444,2026-09-22,172470.0
445,2026-08-24,198610.0
445,2026-08-25,198420.0
445,2026-08-26,198370.0
445,2026-08-27,195650.0
445,2026-08-28,195630.0
445,2026-08-29,192640.0
445,2026-08-30,194130.0
445,2026-08-31,193960.0
445,2026-09-01,193270.0
445,2026-09-02,193390.0
445,2026-09-03,189870.0
445,2026-09-04,189520.0
445,2026-09-05,192510.0
445,2026-09-06,188670.0
445,2026-09-07,188490.0
445,2026-09-08,187360.0
445,2026-09-09,185500.0
445,2026-09-10,188500.0
445,2026-09-11,184510.0
445,2026-09-12,182880.0
445,2026-09-13,183190.0
445,2026-09-14,180110.0
445,2026-09-15,181450.0
445,2026-09-16,180250.0
445,2026-09-17,181950.0
445,2026-09-18,179260.0
445,2026-09-19,180930.0
445,2026-09-20,180990.0
445,2026-09-21,179330.0
445,2026-09-22,177090.0
446,2026-08-24,292400.0
446,2026-08-25,287400.0
446,2026-08-26,289080.0
446,2026-08-27,286130.0
446,2026-08-28,288170.0
446,2026-08-29,290920.0
446,2026-08-30,285030.0
446,2026-08-31,278220.0
446,2026-09-01,280420.0
446,2026-09-02,280120.0
446,2026-09-03,278680.0
446,2026-09-04,275540.0
446,2026-09-05,276310.0
446,2026-09-06,271700.0
446,2026-09-07,270990.0
446,2026-09-08,273100.0
446,2026-09-09,268110.0
446,2026-09-10,270150.0
446,2026-09-11,264620.0
446,2026-09-12,270110.0
446,2026-09-13,263200.0
446,2026-09-14,263040.0
446,2026-09-15,262900.0
446,2026-09-16,259580.0
446,2026-09-17,259770.0
446,2026-09-18,259350.0
446,2026-09-19,258830.0
446,2026-09-20,257100.0
446,2026-09-21,253640.0
446,2026-09-22,252330.0
447,2026-08-24,228600.0
447,2026-08-25,225330.0
447,2026-08-26,221260.0
447,2026-08-27,222100.0
447,2026-08-28,220460.0
447,2026-08-29,219910.0
447,2026-08-30,217160.0
447,2026-08-31,217650.0
447,2026-09-01,220530.0
447,2026-09-02,217540.0
447,2026-09-03,211440.0
447,2026-09-04,216830.0
447,2026-09-05,215720.0
447,2026-09-06,212370.0
447,2026-09-07,213300.0
447,2026-09-08,209730.0
447,2026-09-09,209490.0
447,2026-09-10,211940.0
447,2026-09-11,208040.0
447,2026-09-12,204430.0
447,2026-09-13,206600.0
447,2026-09-14,205680.0
447,2026-09-15,206960.0
447,2026-09-16,204050.0
447,2026-09-17,202420.0
447,2026-09-18,204010.0
447,2026-09-19,201550.0
447,2026-09-20,199170.0
447,2026-09-21,201510.0
447,2026-09-22,198990.0
448,2026-08-24,92920.0
448,2026-08-25,92780.0
448,2026-08-26,91610.0
448,2026-08-27,91740.0
448,2026-08-28,91860.0
448,2026-08-29,91450.0
448,2026-08-30,92240.0
448,2026-08-31,91220.0
448,2026-09-01,91410.0
448,2026-09-02,90540.0
448,2026-09-03,91030.0
448,2026-09-04,90290.0
448,2026-09-05,89740.0
448,2026-09-06,89460.0
448,2026-09-07,88510.0
448,2026-09-08,89300.0
448,2026-09-09,88640.0
448,2026-09-10,88050.0
448,2026-09-11,88940.0
448,2026-09-12,86980.0
448,2026-09-13,87310.0
448,2026-09-14,88090.0
448,2026-09-15,87310.0
448,2026-09-16,86780.0
448,2026-09-17,86730.0
448,2026-09-18,86420.0
448,2026-09-19,84930.0
448,2026-09-20,85500.0
448,2026-09-21,86660.0
448,2026-09-22,84750.0
449,2026-08-24,264700.0
449,2026-08-25,263330.0
449,2026-08-26,263340.0
449,2026-08-27,261410.0
449,2026-08-28,262680.0
449,2026-08-29,261180.0
449,2026-08-30,261440.0
449,2026-08-31,256800.0
449,2026-09-01,257340.0
449,2026-09-02,256650.0
449,2026-09-03,257130.0
449,2026-09-04,253660.0
449,2026-09-05,256240.0
449,2026-09-06,255880.0
449,2026-09-07,250520.0
449,2026-09-08,250620.0
449,2026-09-09,249630.0
449,2026-09-10,255180.0
449,2026-09-11,248000.0
449,2026-09-12,251400.0
449,2026-09-13,244460.0
449,2026-09-14,244120.0
449,2026-09-15,243820.0
449,2026-09-16,242580.0
449,2026-09-17,242850.0
449,2026-09-18,241030.0
449,2026-09-19,239890.0
449,2026-09-20,243020.0
449,2026-09-21,242240.0
449,2026-09-22,240760.0
450,2026-08-24,304630.0
450,2026-08-25,302300.0
450,2026-08-26,299610.0
450,2026-08-27,297220.0
450,2026-08-28,298880.0
450,2026-08-29,294030.0
450,2026-08-30,293100.0
450,2026-08-31,296660.0
450,2026-09-01,297030.0
450,2026-09-02,292240.0
450,2026-09-03,292520.0
450,2026-09-04,288090.0
450,2026-09-05,284250.0
450,2026-09-06,287360.0
450,2026-09-07,285920.0
450,2026-09-08,283440.0
450,2026-09-09,281380.0
450,2026-09-10,282790.0
450,2026-09-11,276990.0
450,2026-09-12,276130.0
450,2026-09-13,274250.0
450,2026-09-14,275410.0
450,2026-09-15,271380.0
450,2026-09-16,270960.0
450,2026-09-17,269570.0
450,2026-09-18,269250.0
450,2026-09-19,265100.0
450,2026-09-20,267350.0
450,2026-09-21,268660.0
450,2026-09-22,264780.0
451,2026-08-24,38230.0
451,2026-08-25,38050.0
451,2026-08-26,37760.0
451,2026-08-27,37430.0
451,2026-08-28,37290.0
451,2026-08-29,37380.0
451,2026-08-30,36910.0
451,2026-08-31,36350.0
451,2026-09-01,36920.0
451,2026-09-02,36320.0
451,2026-09-03,36240.0
451,2026-09-04,36400.0
451,2026-09-05,36240.0
451,2026-09-06,35730.0
451,2026-09-07,36070.0
451,2026-09-08,36180.0
451,2026-09-09,35440.0
451,2026-09-10,36010.0
451,2026-09-11,35060.0
451,2026-09-12,36010.0
451,2026-09-13,35140.0
451,2026-09-14,35180.0
451,2026-09-15,34460.0
451,2026-09-16,34870.0
451,2026-09-17,34820.0
451,2026-09-18,34610.0
451,2026-09-19,34340.0
451,2026-09-20,34100.0
451,2026-09-21,34580.0
451,2026-09-22,34140.0
452,2026-08-24,65110.0
452,2026-08-25,63850.0
452,2026-08-26,63670.0
452,2026-08-27,64060.0
452,2026-08-28,62610.0
452,2026-08-29,62580.0
452,2026-08-30,63500.0
452,2026-08-31,62140.0
452,2026-09-01,61580.0
452,2026-09-02,63190.0
452,2026-09-03,61330.0
452,2026-09-04,61890.0
452,2026-09-05,61600.0
452,2026-09-06,59930.0
452,2026-09-07,60970.0
452,2026-09-08,61090.0
452,2026-09-09,60810.0
452,2026-09-10,60860.0
452,2026-09-11,59980.0
452,2026-09-12,60300.0
452,2026-09-13,59370.0
452,2026-09-14,58770.0
452,2026-09-15,58600.0
452,2026-09-16,58290.0
452,2026-09-17,59290.0
452,2026-09-18,57800.0
452,2026-09-19,58450.0
452,2026-09-20,57950.0
452,2026-09-21,57800.0
452,2026-09-22,58300.0
453,2026-08-24,105800.0
453,2026-08-25,106300.0
453,2026-08-26,105490.0
453,2026-08-27,104990.0
453,2026-08-28,106620.0
453,2026-08-29,103250.0
453,2026-08-30,105100.0
453,2026-08-31,104240.0
453,2026-09-01,102980.0
453,2026-09-02,104330.0
453,2026-09-03,101170.0
453,2026-09-04,101900.0
453,2026-09-05,100990.0
453,2026-09-06,101950.0
453,2026-09-07,100370.0
453,2026-09-08,101270.0
453,2026-09-09,100420.0
453,2026-09-10,99840.0
453,2026-09-11,100190.0
453,2026-09-12,99310.0
453,2026-09-13,98300.0
453,2026-09-14,101090.0
453,2026-09-15,98090.0
453,2026-09-16,96340.0
453,2026-09-17,97100.0
453,2026-09-18,96410.0
453,2026-09-19,97750.0
453,2026-09-20,97000.0
453,2026-09-21,96710.0
453,2026-09-22,95740.0
454,2026-08-24,131670.0
454,2026-08-25,131140.0
454,2026-08-26,131000.0
454,2026-08-27,131490.0
454,2026-08-28,130550.0
454,2026-08-29,130280.0
454,2026-08-30,129840.0
454,2026-08-31,129800.0
454,2026-09-01,128750.0
454,2026-09-02,128390.0
454,2026-09-03,128790.0
454,2026-09-04,126480.0
454,2026-09-05,125850.0
454,2026-09-06,125080.0
454,2026-09-07,126030.0
454,2026-09-08,123530.0
454,2026-09-09,125440.0
454,2026-09-10,124420.0
454,2026-09-11,125250.0
454,2026-09-12,122980.0
454,2026-09-13,123020.0
454,2026-09-14,123930.0
454,2026-09-15,123750.0
454,2026-09-16,121230.0
454,2026-09-17,121660.0
454,2026-09-18,121340.0
454,2026-09-19,120980.0
454,2026-09-20,119900.0
454,2026-09-21,121030.0
454,2026-09-22,117380.0
455,2026-08-24,136910.0
455,2026-08-25,137360.0
455,2026-08-26,136900.0
455,2026-08-27,137380.0
455,2026-08-28,136750.0
455,2026-08-29,134710.0
455,2026-08-30,135910.0
455,2026-08-31,133310.0
455,2026-09-01,134580.0
455,2026-09-02,135040.0
455,2026-09-03,133940.0
455,2026-09-04,132300.0
455,2026-09-05,131370.0
455,2026-09-06,129630.0
455,2026-09-07,131110.0
455,2026-09-08,129130.0
455,2026-09-09,129000.0
455,2026-09-10,128110.0
455,2026-09-11,128410.0
455,2026-09-12,128400.0
455,2026-09-13,128240.0
455,2026-09-14,126850.0
455,2026-09-15,128150.0
455,2026-09-16,126320.0
455,2026-09-17,125240.0
455,2026-09-18,125840.0
455,2026-09-19,127210.0
455,2026-09-20,125020.0
455,2026-09-21,123810.0
455,2026-09-22,122110.0
456,2026-08-24,135110.0
456,2026-08-25,135150.0
456,2026-08-26,134080.0
456,2026-08-27,132340.0
456,2026-08-28,132750.0
456,2026-08-29,134710.0
456,2026-08-30,134260.0
456,2026-08-31,131440.0
456,2026-09-01,132630.0
456,2026-09-02,130290.0
456,2026-09-03,132530.0
456,2026-09-04,130910.0
456,2026-09-05,131210.0
456,2026-09-06,128040.0
456,2026-09-07,130080.0
456,2026-09-08,128950.0
456,2026-09-09,129410.0
456,2026-09-10,129050.0
456,2026-09-11,127750.0
456,2026-09-12,126640.0
456,2026-09-13,127640.0
456,2026-09-14,126340.0
456,2026-09-15,125080.0
456,2026-09-16,124610.0
456,2026-09-17,123610.0
456,2026-09-18,124180.0
456,2026-09-19,125420.0
456,2026-09-20,124040.0
456,2026-09-21,122880.0
456,2026-09-22,123840.0
457,2026-08-24,199830.0
457,2026-08-25,200570.0
457,2026-08-26,199470.0
457,2026-08-27,200260.0
457,2026-08-28,195980.0
457,2026-08-29,196410.0
457,2026-08-30,194530.0
457,2026-08-31,195950.0
457,2026-09-01,197520.0
457,2026-09-02,194220.0
457,2026-09-03,193530.0
457,2026-09-04,194960.0
457,2026-09-05,194590.0
457,2026-09-06,192140.0
457,2026-09-07,192640.0
457,2026-09-08,189270.0
457,2026-09-09,192340.0
457,2026-09-10,192840.0
457,2026-09-11,189670.0
457,2026-09-12,185020.0
457,2026-09-13,186670.0
457,2026-09-14,187780.0
457,2026-09-15,185520.0
457,2026-09-16,187420.0
457,2026-09-17,185700.0
457,2026-09-18,183040.0
457,2026-09-19,183490.0
457,2026-09-20,181400.0
457,2026-09-21,181810.0
457,2026-09-22,180560.0
458,2026-08-24,203850.0
458,2026-08-25,204510.0
458,2026-08-26,198240.0
458,2026-08-27,196680.0
458,2026-08-28,198480.0
458,2026-08-29,195720.0
458,2026-08-30,197340.0
458,2026-08-31,197630.0
458,2026-09-01,197980.0
458,2026-09-02,195190.0
458,2026-09-03,193790.0
458,2026-09-04,190230.0
458,2026-09-05,192530.0
458,2026-09-06,191810.0
458,2026-09-07,191890.0
458,2026-09-08,189010.0
458,2026-09-09,188640.0
458,2026-09-10,186230.0
458,2026-09-11,184180.0
458,2026-09-12,185210.0
458,2026-09-13,183700.0
458,2026-09-14,185850.0
458,2026-09-15,183740.0
458,2026-09-16,182910.0
458,2026-09-17,181430.0
458,2026-09-18,177160.0
458,2026-09-19,183690.0
458,2026-09-20,179020.0
458,2026-09-21,179130.0
458,2026-09-22,176720.0
459,2026-08-24,205550.0
459,2026-08-25,203600.0
459,2026-08-26,201430.0
459,2026-08-27,201430.0
459,2026-08-28,203950.0
459,2026-08-29,200580.0
459,2026-08-30,199740.0
459,2026-08-31,197890.0
459,2026-09-01,195750.0
459,2026-09-02,197750.0
459,2026-09-03,197830.0
459,2026-09-04,198350.0
459,2026-09-05,192510.0
459,2026-09-06,193570.0
459,2026-09-07,193740.0
459,2026-09-08,193960.0
459,2026-09-09,193060.0
459,2026-09-10,192430.0
459,2026-09-11,192570.0
459,2026-09-12,189880.0
459,2026-09-13,192040.0
459,2026-09-14,190590.0
459,2026-09-15,188760.0
459,2026-09-16,191050.0
459,2026-09-17,190310.0
459,2026-09-18,188670.0
459,2026-09-19,181910.0
459,2026-09-20,188320.0
459,2026-09-21,186440.0
459,2026-09-22,187630.0
460,2026-08-24,81830.0
460,2026-08-25,81740.0
460,2026-08-26,81010.0
460,2026-08-27,81000.0
460,2026-08-28,81090.0
460,2026-08-29,79690.0
460,2026-08-30,78290.0
460,2026-08-31,78770.0
460,2026-09-01,78890.0
460,2026-09-02,78400.0
460,2026-09-03,77280.0
460,2026-09-04,76740.0
460,2026-09-05,76990.0
460,2026-09-06,77640.0
460,2026-09-07,77810.0
460,2026-09-08,77100.0
460,2026-09-09,76890.0
460,2026-09-10,75880.0
460,2026-09-11,74560.0
460,2026-09-12,75050.0
460,2026-09-13,74870.0
460,2026-09-14,74420.0
460,2026-09-15,74450.0
460,2026-09-16,74390.0
460,2026-09-17,74340.0
460,2026-09-18,73340.0
460,2026-09-19,72040.0
460,2026-09-20,72610.0
460,2026-09-21,72630.0
460,2026-09-22,73060.0
461,2026-08-24,24170.0
461,2026-08-25,24290.0
461,2026-08-26,24170.0
461,2026-08-27,24050.0
461,2026-08-28,24140.0
461,2026-08-29,23770.0
461,2026-08-30,23700.0
461,2026-08-31,23730.0
461,2026-09-01,23540.0
461,2026-09-02,23680.0
461,2026-09-03,23370.0
461,2026-09-04,23470.0
461,2026-09-05,23330.0
461,2026-09-06,23310.0
461,2026-09-07,23110.0
461,2026-09-08,23060.0
461,2026-09-09,23060.0
461,2026-09-10,23000.0
461,2026-09-11,22890.0
461,2026-09-12,23130.0
461,2026-09-13,22550.0
461,2026-09-14,22650.0
461,2026-09-15,22290.0
461,2026-09-16,22580.0
461,2026-09-17,22220.0
461,2026-09-18,22300.0
461,2026-09-19,22200.0
461,2026-09-20,22250.0
461,2026-09-21,22020.0
461,2026-09-22,21930.0
462,2026-08-24,118680.0
462,2026-08-25,117230.0
462,2026-08-26,116050.0
462,2026-08-27,115920.0
462,2026-08-28,117210.0
462,2026-08-29,115100.0
462,2026-08-30,114280.0
462,2026-08-31,113870.0
462,2026-09-01,113580.0
462,2026-09-02,113120.0
462,2026-09-03,112090.0
462,2026-09-04,111820.0
462,2026-09-05,111670.0
462,2026-09-06,112540.0
462,2026-09-07,111250.0
462,2026-09-08,110990.0
462,2026-09-09,111910.0
462,2026-09-10,111510.0
462,2026-09-11,109680.0
462,2026-09-12,108950.0
462,2026-09-13,108330.0
462,2026-09-14,109320.0
462,2026-09-15,108090.0
462,2026-09-16,107520.0
462,2026-09-17,106720.0
462,2026-09-18,106340.0
462,2026-09-19,106910.0
462,2026-09-20,105030.0
462,2026-09-21,106690.0
462,2026-09-22,104900.0
463,2026-08-24,52760.0
463,2026-08-25,52140.0
463,2026-08-26,52550.0
463,2026-08-27,52280.0
463,2026-08-28,52260.0
463,2026-08-29,52750.0
463,2026-08-30,52090.0
463,2026-08-31,51560.0
463,2026-09-01,51450.0
463,2026-09-02,51850.0
463,2026-09-03,52010.0
463,2026-09-04,51460.0
463,2026-09-05,51490.0
463,2026-09-06,51320.0
463,2026-09-07,51520.0
463,2026-09-08,50010.0
463,2026-09-09,50940.0
463,2026-09-10,50940.0
463,2026-09-11,49850.0
463,2026-09-12,49900.0
463,2026-09-13,49780.0
463,2026-09-14,49700.0
463,2026-09-15,49670.0
463,2026-09-16,49830.0
463,2026-09-17,49950.0
463,2026-09-18,49900.0
463,2026-09-19,48980.0
463,2026-09-20,48840.0
463,2026-09-21,49590.0
463,2026-09-22,49190.0
464,2026-08-24,93150.0
464,2026-08-25,93110.0
464,2026-08-26,92440.0
464,2026-08-27,92510.0
464,2026-08-28,91590.0
464,2026-08-29,91710.0
464,2026-08-30,90140.0
464,2026-08-31,90400.0
464,2026-09-01,90100.0
464,2026-09-02,90000.0
464,2026-09-03,89290.0
464,2026-09-04,89260.0
464,2026-09-05,88250.0
464,2026-09-06,89390.0
464,2026-09-07,88630.0
464,2026-09-08,87180.0
464,2026-09-09,87470.0
464,2026-09-10,87980.0
464,2026-09-11,87050.0
464,2026-09-12,86630.0
464,2026-09-13,86750.0
464,2026-09-14,86730.0
464,2026-09-15,85170.0
464,2026-09-16,86250.0
464,2026-09-17,84980.0
464,2026-09-18,85220.0
464,2026-09-19,84900.0
464,2026-09-20,84230.0
464,2026-09-21,83570.0
464,2026-09-22,83780.0
465,2026-08-24,67290.0
465,2026-08-25,65550.0
465,2026-08-26,66880.0
465,2026-08-27,65670.0
465,2026-08-28,65590.0
465,2026-08-29,64800.0
465,2026-08-30,64740.0
465,2026-08-31,64650.0
465,2026-09-01,64150.0
465,2026-09-02,64360.0
465,2026-09-03,64040.0
465,2026-09-04,64970.0
465,2026-09-05,63200.0
465,2026-09-06,63630.0
465,2026-09-07,63480.0
465,2026-09-08,62590.0
465,2026-09-09,63260.0
465,2026-09-10,62480.0
465,2026-09-11,61190.0
465,2026-09-12,62580.0
465,2026-09-13,61450.0
465,2026-09-14,61260.0
465,2026-09-15,61930.0
465,2026-09-16,61180.0
465,2026-09-17,61600.0
465,2026-09-18,61530.0
465,2026-09-19,60360.0
465,2026-09-20,60870.0
465,2026-09-21,59860.0
465,2026-09-22,61160.0
466,2026-08-24,47770.0
466,2026-08-25,48250.0
466,2026-08-26,48030.0
466,2026-08-27,47680.0
466,2026-08-28,47170.0
466,2026-08-29,47210.0
466,2026-08-30,46320.0
466,2026-08-31,47040.0
466,2026-09-01,46930.0
466,2026-09-02,46700.0
466,2026-09-03,45410.0
466,2026-09-04,45880.0
466,2026-09-05,45920.0
466,2026-09-06,46150.0
466,2026-09-07,45990.0
466,2026-09-08,45670.0
466,2026-09-09,45820.0
466,2026-09-10,45050.0
466,2026-09-11,45500.0
466,2026-09-12,45300.0
466,2026-09-13,45110.0
466,2026-09-14,44750.0
466,2026-09-15,45340.0
466,2026-09-16,44700.0
466,2026-09-17,44010.0
466,2026-09-18,44300.0
466,2026-09-19,44330.0
466,2026-09-20,43690.0
466,2026-09-21,44150.0
466,2026-09-22,43740.0
467,2026-08-24,137870.0
467,2026-08-25,140120.0
467,2026-08-26,138840.0
467,2026-08-27,139300.0
467,2026-08-28,139190.0
467,2026-08-29,137860.0
467,2026-08-30,138880.0
467,2026-08-31,136390.0
467,2026-09-01,136700.0
467,2026-09-02,136360.0
467,2026-09-03,134870.0
467,2026-09-04,135260.0
467,2026-09-05,133270.0
467,2026-09-06,132910.0
467,2026-09-07,131440.0
467,2026-09-08,132540.0
467,2026-09-09,132090.0
467,2026-09-10,132460.0
467,2026-09-11,131510.0
467,2026-09-12,129840.0
467,2026-09-13,128360.0
467,2026-09-14,129520.0
467,2026-09-15,129700.0
467,2026-09-16,128790.0
467,2026-09-17,128600.0
467,2026-09-18,126690.0
467,2026-09-19,125890.0
467,2026-09-20,125060.0
467,2026-09-21,125250.0
467,2026-09-22,124690.0
468,2026-08-24,152830.0
468,2026-08-25,151810.0
468,2026-08-26,151170.0
468,2026-08-27,149800.0
468,2026-08-28,151140.0
468,2026-08-29,149510.0
468,2026-08-30,148590.0
468,2026-08-31,147300.0
468,2026-09-01,145990.0
468,2026-09-02,148400.0
468,2026-09-03,146900.0
468,2026-09-04,143760.0
468,2026-09-05,145870.0
468,2026-09-06,145420.0
468,2026-09-07,143870.0
468,2026-09-08,144940.0
468,2026-09-09,142710.0
468,2026-09-10,140200.0
468,2026-09-11,141620.0
468,2026-09-12,140850.0
468,2026-09-13,139240.0
468,2026-09-14,139960.0
468,2026-09-15,136750.0
468,2026-09-16,139170.0
468,2026-09-17,136390.0
468,2026-09-18,135640.0
468,2026-09-19,136000.0
468,2026-09-20,136000.0
468,2026-09-21,135060.0
468,2026-09-22,133380.0
469,2026-08-24,139590.0
469,2026-08-25,138400.0
469,2026-08-26,138850.0
469,2026-08-27,139710.0
469,2026-08-28,138030.0
469,2026-08-29,138430.0
469,2026-08-30,138540.0
469,2026-08-31,135840.0
469,2026-09-01,135740.0
469,2026-09-02,137740.0
469,2026-09-03,136430.0
469,2026-09-04,132580.0
469,2026-09-05,134260.0
469,2026-09-06,133320.0
469,2026-09-07,133680.0
469,2026-09-08,131480.0
469,2026-09-09,130850.0
469,2026-09-10,130500.0
469,2026-09-11,130090.0
469,2026-09-12,131040.0
469,2026-09-13,128390.0
469,2026-09-14,128460.0
469,2026-09-15,126690.0
469,2026-09-16,129150.0
469,2026-09-17,128910.0
469,2026-09-18,126680.0
469,2026-09-19,126190.0
469,2026-09-20,126460.0
469,2026-09-21,127030.0
469,2026-09-22,125370.0
470,2026-08-24,201910.0
470,2026-08-25,199840.0
470,2026-08-26,199980.0
470,2026-08-27,201180.0
470,2026-08-28,199410.0
470,2026-08-29,200090.0
470,2026-08-30,198290.0
470,2026-08-31,196870.0
470,2026-09-01,196040.0
470,2026-09-02,199650.0
470,2026-09-03,197970.0
470,2026-09-04,198630.0
470,2026-09-05,196140.0
470,2026-09-06,194000.0
470,2026-09-07,196080.0
470,2026-09-08,193340.0
470,2026-09-09,193090.0
470,2026-09-10,192040.0
470,2026-09-11,186900.0
470,2026-09-12,193310.0
470,2026-09-13,190950.0
470,2026-09-14,190060.0
470,2026-09-15,188810.0
470,2026-09-16,188520.0
470,2026-09-17,186700.0
470,2026-09-18,187940.0
470,2026-09-19,184320.0
470,2026-09-20,185990.0
470,2026-09-21,185940.0
470,2026-09-22,184120.0
471,2026-08-24,33110.0
471,2026-08-25,32670.0
471,2026-08-26,32590.0
471,2026-08-27,32800.0
471,2026-08-28,32820.0
471,2026-08-29,32080.0
471,2026-08-30,32600.0
471,2026-08-31,32230.0
471,2026-09-01,32230.0
471,2026-09-02,31840.0
471,2026-09-03,31870.0
471,2026-09-04,32250.0
471,2026-09-05,31910.0
471,2026-09-06,31710.0
471,2026-09-07,31690.0
471,2026-09-08,31750.0
471,2026-09-09,31650.0
471,2026-09-10,31420.0
471,2026-09-11,31630.0
471,2026-09-12,31500.0
471,2026-09-13,31270.0
471,2026-09-14,31080.0
471,2026-09-15,31150.0
471,2026-09-16,30970.0
471,2026-09-17,31060.0
471,2026-09-18,30930.0
471,2026-09-19,30350.0
471,2026-09-20,30240.0
471,2026-09-21,30240.0
471,2026-09-22,30580.0
472,2026-08-24,202880.0
472,2026-08-25,205260.0
472,2026-08-26,204460.0
472,2026-08-27,204980.0
472,2026-08-28,202670.0
472,2026-08-29,199500.0
472,2026-08-30,199360.0
472,2026-08-31,198260.0
472,2026-09-01,198530.0
472,2026-09-02,198340.0
472,2026-09-03,196030.0
472,2026-09-04,199470.0
472,2026-09-05,194280.0
472,2026-09-06,197770.0
472,2026-09-07,196770.0
472,2026-09-08,195560.0
472,2026-09-09,192290.0
472,2026-09-10,193180.0
472,2026-09-11,189860.0
472,2026-09-12,192580.0
472,2026-09-13,190270.0
472,2026-09-14,188990.0
472,2026-09-15,186950.0
472,2026-09-16,184210.0
472,2026-09-17,185740.0
472,2026-09-18,188410.0
472,2026-09-19,185250.0
472,2026-09-20,184870.0
472,2026-09-21,185430.0
472,2026-09-22,186510.0
473,2026-08-24,79100.0
473,2026-08-25,77390.0
473,2026-08-26,76460.0
473,2026-08-27,78640.0
473,2026-08-28,78230.0
473,2026-08-29,76640.0
473,2026-08-30,75420.0
473,2026-08-31,76380.0
473,2026-09-01,75390.0
473,2026-09-02,75030.0
473,2026-09-03,75270.0
473,2026-09-04,74580.0
473,2026-09-05,73330.0
473,2026-09-06,73480.0
473,2026-09-07,73700.0
473,2026-09-08,73260.0
473,2026-09-09,72750.0
473,2026-09-10,72790.0
473,2026-09-11,71670.0
473,2026-09-12,71630.0
473,2026-09-13,69170.0
473,2026-09-14,70540.0
473,2026-09-15,70900.0
473,2026-09-16,69860.0
473,2026-09-17,69460.0
473,2026-09-18,68760.0
473,2026-09-19,69610.0
473,2026-09-20,68990.0
473,2026-09-21,68790.0
473,2026-09-22,66930.0
474,2026-08-24,148890.0
474,2026-08-25,148240.0
474,2026-08-26,147720.0
474,2026-08-27,146810.0
474,2026-08-28,146610.0
474,2026-08-29,147470.0
474,2026-08-30,143760.0
474,2026-08-31,147510.0
474,2026-09-01,145490.0
474,2026-09-02,144370.0
474,2026-09-03,144950.0
474,2026-09-04,141700.0
474,2026-09-05,142090.0
474,2026-09-06,142200.0
474,2026-09-07,143400.0
474,2026-09-08,141250.0
474,2026-09-09,141310.0
474,2026-09-10,139590.0
474,2026-09-11,140320.0
474,2026-09-12,141170.0
474,2026-09-13,139870.0
474,2026-09-14,138110.0
474,2026-09-15,138460.0
474,2026-09-16,137830.0
474,2026-09-17,137230.0
474,2026-09-18,137410.0
474,2026-09-19,136890.0
474,2026-09-20,134940.0
474,2026-09-21,135320.0
474,2026-09-22,133610.0
475,2026-08-24,118650.0
475,2026-08-25,118740.0
475,2026-08-26,118420.0
475,2026-08-27,116500.0
475,2026-08-28,118260.0
475,2026-08-29,114520.0
475,2026-08-30,118920.0
475,2026-08-31,117340.0
475,2026-09-01,115270.0
475,2026-09-02,115020.0
475,2026-09-03,114790.0
475,2026-09-04,113490.0
475,2026-09-05,113690.0
475,2026-09-06,112900.0
475,2026-09-07,112450.0
475,2026-09-08,112200.0
475,2026-09-09,110360.0
475,2026-09-10,111080.0
475,2026-09-11,110690.0
475,2026-09-12,110160.0
475,2026-09-13,109360.0
475,2026-09-14,110070.0
475,2026-09-15,108250.0
475,2026-09-16,108270.0
475,2026-09-17,108730.0
475,2026-09-18,107000.0
475,2026-09-19,106770.0
475,2026-09-20,105990.0
475,2026-09-21,106690.0
475,2026-09-22,104860.0
476,2026-08-24,183890.0
476,2026-08-25,181320.0
476,2026-08-26,179640.0
476,2026-08-27,181180.0
476,2026-08-28,179180.0
476,2026-08-29,179860.0
476,2026-08-30,174540.0
476,2026-08-31,177760.0
476,2026-09-01,176480.0
476,2026-09-02,175020.0
476,2026-09-03,175110.0
476,2026-09-04,174460.0
476,2026-09-05,174580.0
476,2026-09-06,172110.0
476,2026-09-07,173850.0
476,2026-09-08,174710.0
476,2026-09-09,172560.0
476,2026-09-10,172680.0
476,2026-09-11,172460.0
476,2026-09-12,172040.0
476,2026-09-13,172310.0
476,2026-09-14,168370.0
476,2026-09-15,167440.0
476,2026-09-16,168930.0
476,2026-09-17,168200.0
476,2026-09-18,167680.0
476,2026-09-19,168620.0
476,2026-09-20,165360.0
476,2026-09-21,165330.0
476,2026-09-22,162730.0
477,2026-08-24,152090.0
477,2026-08-25,148620.0
477,2026-08-26,147970.0
477,2026-08-27,147230.0
477,2026-08-28,146210.0
477,2026-08-29,145430.0
477,2026-08-30,144970.0
477,2026-08-31,143340.0
477,2026-09-01,143310.0
477,2026-09-02,145690.0
477,2026-09-03,143640.0
477,2026-09-04,143170.0
477,2026-09-05,142760.0
477,2026-09-06,142810.0
477,2026-09-07,138070.0
477,2026-09-08,138000.0
477,2026-09-09,137790.0
477,2026-09-10,137480.0
477,2026-09-11,136980.0
477,2026-09-12,136130.0
477,2026-09-13,136190.0
477,2026-09-14,135290.0
477,2026-09-15,133750.0
477,2026-09-16,131430.0
477,2026-09-17,132080.0
477,2026-09-18,131890.0
477,2026-09-19,131540.0
477,2026-09-20,129860.0
477,2026-09-21,129890.0
477,2026-09-22,128490.0
478,2026-08-24,36490.0
478,2026-08-25,36060.0
478,2026-08-26,35950.0
478,2026-08-27,35660.0
478,2026-08-28,35800.0
478,2026-08-29,35440.0
478,2026-08-30,35750.0
478,2026-08-31,35450.0
478,2026-09-01,35140.0
478,2026-09-02,34780.0
478,2026-09-03,34930.0
478,2026-09-04,34840.0
478,2026-09-05,34520.0
478,2026-09-06,34750.0
478,2026-09-07,34270.0
478,2026-09-08,34220.0
478,2026-09-09,33840.0
478,2026-09-10,33820.0
478,2026-09-11,33250.0
478,2026-09-12,33170.0
478,2026-09-13,33220.0
478,2026-09-14,33050.0
478,2026-09-15,32920.0
478,2026-09-16,32920.0
478,2026-09-17,32050.0
478,2026-09-18,32010.0
478,2026-09-19,32170.0
478,2026-09-20,31730.0
478,2026-09-21,32690.0
478,2026-09-22,31730.0
479,2026-08-24,137620.0
479,2026-08-25,136710.0
479,2026-08-26,136300.0
479,2026-08-27,136390.0
479,2026-08-28,136030.0
479,2026-08-29,134980.0
479,2026-08-30,134720.0
479,2026-08-31,135990.0
479,2026-09-01,135590.0
479,2026-09-02,133930.0
479,2026-09-03,131790.0
479,2026-09-04,133340.0
479,2026-09-05,133970.0
479,2026-09-06,133330.0
479,2026-09-07,132200.0
479,2026-09-08,132490.0
479,2026-09-09,130580.0
479,2026-09-10,130740.0
479,2026-09-11,128900.0
479,2026-09-12,129490.0
479,2026-09-13,130140.0
479,2026-09-14,127650.0
479,2026-09-15,126920.0
479,2026-09-16,127490.0
479,2026-09-17,126690.0
479,2026-09-18,127180.0
479,2026-09-19,125550.0
479,2026-09-20,127410.0
479,2026-09-21,123770.0
479,2026-09-22,126020.0
480,2026-08-24,50380.0
480,2026-08-25,49830.0
480,2026-08-26,50460.0
480,2026-08-27,50110.0
480,2026-08-28,49630.0
480,2026-08-29,49250.0
480,2026-08-30,49740.0
480,2026-08-31,49970.0
480,2026-09-01,49660.0
480,2026-09-02,49300.0
480,2026-09-03,49310.0
480,2026-09-04,48960.0
480,2026-09-05,48250.0
480,2026-09-06,48100.0
480,2026-09-07,48420.0
480,2026-09-08,48280.0
480,2026-09-09,48520.0
480,2026-09-10,48330.0
480,2026-09-11,48110.0
480,2026-09-12,47610.0
480,2026-09-13,47030.0
480,2026-09-14,47570.0
480,2026-09-15,47460.0
480,2026-09-16,46170.0
480,2026-09-17,46620.0
480,2026-09-18,46520.0
480,2026-09-19,46670.0
480,2026-09-20,46160.0
480,2026-09-21,46300.0
480,2026-09-22,46080.0
481,2026-08-24,151600.0
481,2026-08-25,150410.0
481,2026-08-26,149960.0
481,2026-08-27,148900.0
481,2026-08-28,150070.0
481,2026-08-29,149750.0
481,2026-08-30,147640.0
481,2026-08-31,149790.0
481,2026-09-01,147090.0
481,2026-09-02,148710.0
481,2026-09-03,145620.0
481,2026-09-04,143450.0
481,2026-09-05,145760.0
481,2026-09-06,145040.0
481,2026-09-07,144250.0
481,2026-09-08,142910.0
481,2026-09-09,143090.0
481,2026-09-10,141980.0
481,2026-09-11,141690.0
481,2026-09-12,142490.0
481,2026-09-13,141180.0
481,2026-09-14,141140.0
481,2026-09-15,139600.0
481,2026-09-16,138930.0
481,2026-09-17,137440.0
481,2026-09-18,137820.0
481,2026-09-19,133810.0
481,2026-09-20,136480.0
481,2026-09-21,136530.0
481,2026-09-22,136750.0
482,2026-08-24,57120.0
482,2026-08-25,57230.0
482,2026-08-26,55960.0
482,2026-08-27,56740.0
482,2026-08-28,55860.0
482,2026-08-29,55920.0
482,2026-08-30,56210.0
482,2026-08-31,56700.0
482,2026-09-01,56140.0
482,2026-09-02,55830.0
482,2026-09-03,55650.0
482,2026-09-04,55190.0
482,2026-09-05,55110.0
482,2026-09-06,55380.0
482,2026-09-07,54420.0
482,2026-09-08,55140.0
482,2026-09-09,54550.0
482,2026-09-10,54920.0
482,2026-09-11,54830.0
482,2026-09-12,53510.0
482,2026-09-13,53830.0
482,2026-09-14,53550.0
482,2026-09-15,52970.0
482,2026-09-16,53160.0
482,2026-09-17,54530.0
482,2026-09-18,53570.0
482,2026-09-19,53990.0
482,2026-09-20,53350.0
482,2026-09-21,52500.0
482,2026-09-22,52500.0
483,2026-08-24,77730.0
483,2026-08-25,77400.0
483,2026-08-26,76570.0
483,2026-08-27,75780.0
483,2026-08-28,78390.0
483,2026-08-29,76120.0
483,2026-08-30,75780.0
483,2026-08-31,75810.0
483,2026-09-01,75360.0
483,2026-09-02,75350.0
483,2026-09-03,75800.0
483,2026-09-04,74730.0
483,2026-09-05,73880.0
483,2026-09-06,74240.0
483,2026-09-07,73830.0
483,2026-09-08,74710.0
483,2026-09-09,74330.0
483,2026-09-10,73470.0
483,2026-09-11,72410.0
483,2026-09-12,72210.0
483,2026-09-13,72710.0
483,2026-09-14,72670.0
483,2026-09-15,72010.0
483,2026-09-16,71710.0
483,2026-09-17,71410.0
483,2026-09-18,71520.0
483,2026-09-19,69880.0
483,2026-09-20,70410.0
483,2026-09-21,70460.0
483,2026-09-22,71310.0
484,2026-08-24,84240.0
484,2026-08-25,84540.0
484,2026-08-26,84230.0
484,2026-08-27,84580.0
484,2026-08-28,84210.0
484,2026-08-29,83020.0
484,2026-08-30,82400.0
484,2026-08-31,81940.0
484,2026-09-01,81870.0
484,2026-09-02,81400.0
484,2026-09-03,81700.0
484,2026-09-04,81270.0
484,2026-09-05,81040.0
484,2026-09-06,81130.0
484,2026-09-07,81170.0
484,2026-09-08,79710.0
484,2026-09-09,80000.0
484,2026-09-10,78720.0
484,2026-09-11,79370.0
484,2026-09-12,78940.0
484,2026-09-13,78570.0
484,2026-09-14,77640.0
484,2026-09-15,76800.0
484,2026-09-16,75990.0
484,2026-09-17,76520.0
484,2026-09-18,77200.0
484,2026-09-19,75660.0
484,2026-09-20,76030.0
484,2026-09-21,75720.0
484,2026-09-22,74650.0
485,2026-08-24,50830.0
485,2026-08-25,49030.0
485,2026-08-26,49490.0
485,2026-08-27,49420.0
485,2026-08-28,49270.0
485,2026-08-29,49520.0
485,2026-08-30,49320.0
485,2026-08-31,49170.0
485,2026-09-01,49060.0
485,2026-09-02,48280.0
485,2026-09-03,47990.0
485,2026-09-04,48420.0
485,2026-09-05,47840.0
485,2026-09-06,47300.0
485,2026-09-07,48080.0
485,2026-09-08,48060.0
485,2026-09-09,47930.0
485,2026-09-10,47220.0
485,2026-09-11,47200.0
485,2026-09-12,47300.0
485,2026-09-13,46340.0
485,2026-09-14,46820.0
485,2026-09-15,46320.0
485,2026-09-16,46380.0
485,2026-09-17,45910.0
485,2026-09-18,46150.0
485,2026-09-19,45550.0
485,2026-09-20,44710.0
485,2026-09-21,45650.0
485,2026-09-22,44540.0
486,2026-08-24,157540.0
486,2026-08-25,155330.0
486,2026-08-26,156170.0
486,2026-08-27,155480.0
486,2026-08-28,154010.0
486,2026-08-29,153460.0
486,2026-08-30,152720.0
486,2026-08-31,149220.0
486,2026-09-01,151080.0
486,2026-09-02,148990.0
486,2026-09-03,149850.0
486,2026-09-04,147670.0
486,2026-09-05,146980.0
486,2026-09-06,149610.0
486,2026-09-07,148340.0
486,2026-09-08,146440.0
486,2026-09-09,146020.0
486,2026-09-10,144870.0
486,2026-09-11,145190.0
486,2026-09-12,143080.0
486,2026-09-13,144400.0
486,2026-09-14,142290.0
486,2026-09-15,141460.0
486,2026-09-16,141330.0
486,2026-09-17,139970.0
486,2026-09-18,140410.0
486,2026-09-19,138750.0
486,2026-09-20,139290.0
486,2026-09-21,139520.0
486,2026-09-22,136610.0
487,2026-08-24,62980.0
487,2026-08-25,63060.0
487,2026-08-26,62440.0
487,2026-08-27,62670.0
487,2026-08-28,62510.0
487,2026-08-29,62570.0
487,2026-08-30,61560.0
487,2026-08-31,61200.0
487,2026-09-01,61300.0
487,2026-09-02,60790.0
487,2026-09-03,61320.0
487,2026-09-04,60300.0
487,2026-09-05,61770.0
487,2026-09-06,61080.0
487,2026-09-07,60260.0
487,2026-09-08,60470.0
487,2026-09-09,59070.0
487,2026-09-10,60870.0
487,2026-09-11,59180.0
487,2026-09-12,59200.0
487,2026-09-13,58170.0
487,2026-09-14,59100.0
487,2026-09-15,58130.0
487,2026-09-16,58510.0
487,2026-09-17,58000.0
487,2026-09-18,57550.0
487,2026-09-19,57480.0
487,2026-09-20,57780.0
487,2026-09-21,56860.0
487,2026-09-22,56910.0
488,2026-08-24,23750.0
488,2026-08-25,24020.0
488,2026-08-26,23570.0
488,2026-08-27,23240.0
488,2026-08-28,23270.0
488,2026-08-29,23270.0
488,2026-08-30,23120.0
488,2026-08-31,23270.0
488,2026-09-01,23080.0
488,2026-09-02,23130.0
488,2026-09-03,22830.0
488,2026-09-04,23050.0
488,2026-09-05,22710.0
488,2026-09-06,22500.0
488,2026-09-07,22990.0
488,2026-09-08,22200.0
488,2026-09-09,22320.0
488,2026-09-10,22260.0
488,2026-09-11,22750.0
488,2026-09-12,22550.0
488,2026-09-13,22420.0
488,2026-09-14,22020.0
488,2026-09-15,22440.0
488,2026-09-16,22000.0
488,2026-09-17,22030.0
488,2026-09-18,21820.0
488,2026-09-19,21700.0
488,2026-09-20,21590.0
488,2026-09-21,21530.0
488,2026-09-22,21600.0
489,2026-08-24,89990.0
489,2026-08-25,89330.0
489,2026-08-26,89990.0
489,2026-08-27,86590.0
489,2026-08-28,88550.0
489,2026-08-29,88310.0
489,2026-08-30,88210.0
489,2026-08-31,87010.0
489,2026-09-01,86810.0
489,2026-09-02,86960.0
489,2026-09-03,86910.0
489,2026-09-04,85320.0
489,2026-09-05,85320.0
489,2026-09-06,85890.0
489,2026-09-07,82940.0
489,2026-09-08,83530.0
489,2026-09-09,84600.0
489,2026-09-10,83960.0
489,2026-09-11,83200.0
489,2026-09-12,82160.0
489,2026-09-13,81480.0
489,2026-09-14,81290.0
489,2026-09-15,82360.0
489,2026-09-16,80500.0
489,2026-09-17,80610.0
489,2026-09-18,79650.0
489,2026-09-19,80350.0
489,2026-09-20,79030.0
489,2026-09-21,78950.0
489,2026-09-22,77490.0
490,2026-08-24,186840.0
490,2026-08-25,188260.0
490,2026-08-26,185500.0
490,2026-08-27,189480.0
490,2026-08-28,182700.0
490,2026-08-29,183600.0
490,2026-08-30,183880.0
490,2026-08-31,182460.0
490,2026-09-01,180540.0
490,2026-09-02,179870.0
490,2026-09-03,178940.0
490,2026-09-04,179060.0
490,2026-09-05,181350.0
490,2026-09-06,177820.0
490,2026-09-07,178510.0
490,2026-09-08,176670.0
490,2026-09-09,176650.0
490,2026-09-10,170230.0
490,2026-09-11,172890.0
490,2026-09-12,174290.0
490,2026-09-13,170750.0
490,2026-09-14,173180.0
490,2026-09-15,171910.0
490,2026-09-16,168270.0
490,2026-09-17,167340.0
490,2026-09-18,165740.0
490,2026-09-19,165400.0
490,2026-09-20,163670.0
490,2026-09-21,165150.0
490,2026-09-22,161600.0
491,2026-08-24,95170.0
491,2026-08-25,94880.0
491,2026-08-26,92900.0
491,2026-08-27,94920.0
491,2026-08-28,93850.0
491,2026-08-29,93710.0
491,2026-08-30,92300.0
491,2026-08-31,92990.0
491,2026-09-01,93040.0
491,2026-09-02,91840.0
491,2026-09-03,93050.0
491,2026-09-04,91320.0
491,2026-09-05,91800.0
491,2026-09-06,90870.0
491,2026-09-07,90770.0
491,2026-09-08,88820.0
491,2026-09-09,89990.0
491,2026-09-10,88870.0
491,2026-09-11,88480.0
491,2026-09-12,90050.0
491,2026-09-13,88310.0
491,2026-09-14,87420.0
491,2026-09-15,87580.0
491,2026-09-16,86580.0
491,2026-09-17,88250.0
491,2026-09-18,86390.0
491,2026-09-19,86970.0
491,2026-09-20,87260.0
491,2026-09-21,85590.0
491,2026-09-22,86030.0
492,2026-08-24,127900.0
492,2026-08-25,130840.0
492,2026-08-26,128950.0
492,2026-08-27,127420.0
492,2026-08-28,126430.0
492,2026-08-29,126640.0
492,2026-08-30,126000.0
492,2026-08-31,127790.0
492,2026-09-01,124280.0
492,2026-09-02,125170.0
492,2026-09-03,124590.0
492,2026-09-04,124070.0
492,2026-09-05,123650.0
492,2026-09-06,123210.0
492,2026-09-07,123750.0
492,2026-09-08,123060.0
492,2026-09-09,122450.0
492,2026-09-10,118670.0
492,2026-09-11,121480.0
492,2026-09-12,119150.0
492,2026-09-13,120960.0
492,2026-09-14,121330.0
492,2026-09-15,118570.0
492,2026-09-16,118790.0
492,2026-09-17,118030.0
492,2026-09-18,119390.0
492,2026-09-19,117850.0
492,2026-09-20,119010.0
492,2026-09-21,117300.0
492,2026-09-22,116710.0
493,2026-08-24,32600.0
493,2026-08-25,32650.0
493,2026-08-26,31880.0
493,2026-08-27,32200.0
493,2026-08-28,32020.0
493,2026-08-29,32080.0
493,2026-08-30,31720.0
493,2026-08-31,31380.0
493,2026-09-01,31500.0
493,2026-09-02,31100.0
493,2026-09-03,30760.0
493,2026-09-04,31270.0
493,2026-09-05,31100.0
493,2026-09-06,30940.0
493,2026-09-07,31010.0
493,2026-09-08,30390.0
493,2026-09-09,30070.0
493,2026-09-10,30270.0
493,2026-09-11,30060.0
493,2026-09-12,29810.0
493,2026-09-13,29860.0
493,2026-09-14,29590.0
493,2026-09-15,29160.0
493,2026-09-16,29370.0
493,2026-09-17,29060.0
493,2026-09-18,29260.0
493,2026-09-19,28910.0
493,2026-09-20,29210.0
493,2026-09-21,29190.0
493,2026-09-22,28830.0
494,2026-08-24,140400.0
494,2026-08-25,143340.0
494,2026-08-26,143020.0
494,2026-08-27,140920.0
494,2026-08-28,141940.0
494,2026-08-29,139490.0
494,2026-08-30,137650.0
494,2026-08-31,138460.0
494,2026-09-01,140790.0
494,2026-09-02,136860.0
494,2026-09-03,138090.0
494,2026-09-04,137730.0
494,2026-09-05,136730.0
494,2026-09-06,136410.0
494,2026-09-07,136570.0
494,2026-09-08,135480.0
494,2026-09-09,134130.0
494,2026-09-10,135520.0
494,2026-09-11,136060.0
494,2026-09-12,135440.0
494,2026-09-13,133200.0
494,2026-09-14,132320.0
494,2026-09-15,132980.0
494,2026-09-16,134600.0
494,2026-09-17,133190.0
494,2026-09-18,132850.0
494,2026-09-19,132660.0
494,2026-09-20,131740.0
494,2026-09-21,131010.0
494,2026-09-22,131210.0
495,2026-08-24,102920.0
495,2026-08-25,101860.0
495,2026-08-26,103120.0
495,2026-08-27,103130.0
495,2026-08-28,100910.0
495,2026-08-29,102030.0
495,2026-08-30,102300.0
495,2026-08-31,100610.0
495,2026-09-01,99580.0
495,2026-09-02,99920.0
495,2026-09-03,99010.0
495,2026-09-04,98560.0
495,2026-09-05,98990.0
495,2026-09-06,97020.0
495,2026-09-07,96750.0
495,2026-09-08,97490.0
495,2026-09-09,97070.0
495,2026-09-10,96960.0
495,2026-09-11,97760.0
495,2026-09-12,96000.0
495,2026-09-13,95990.0
495,2026-09-14,94380.0
495,2026-09-15,95340.0
495,2026-09-16,93940.0
495,2026-09-17,94010.0
495,2026-09-18,93480.0
495,2026-09-19,93980.0
495,2026-09-20,91770.0
495,2026-09-21,90620.0
495,2026-09-22,91840.0
496,2026-08-24,52010.0
496,2026-08-25,51690.0
496,2026-08-26,51920.0
496,2026-08-27,51410.0
496,2026-08-28,50820.0
496,2026-08-29,49930.0
496,2026-08-30,50560.0
496,2026-08-31,50860.0
496,2026-09-01,50100.0
496,2026-09-02,50080.0
496,2026-09-03,50040.0
496,2026-09-04,49270.0
496,2026-09-05,49720.0
496,2026-09-06,49930.0
496,2026-09-07,49020.0
496,2026-09-08,48450.0
496,2026-09-09,48670.0
496,2026-09-10,47630.0
496,2026-09-11,48440.0
496,2026-09-12,48290.0
496,2026-09-13,48580.0
496,2026-09-14,47640.0
496,2026-09-15,47690.0
496,2026-09-16,46990.0
496,2026-09-17,47000.0
496,2026-09-18,46340.0
496,2026-09-19,46670.0
496,2026-09-20,46430.0
496,2026-09-21,46470.0
496,2026-09-22,45910.0
497,2026-08-24,102460.0
497,2026-08-25,101820.0
497,2026-08-26,101500.0
497,2026-08-27,101510.0
497,2026-08-28,101170.0
497,2026-08-29,101420.0
497,2026-08-30,100410.0
497,2026-08-31,99910.0
497,2026-09-01,99730.0
497,2026-09-02,98990.0
497,2026-09-03,98960.0
497,2026-09-04,100530.0
497,2026-09-05,97890.0
497,2026-09-06,98080.0
497,2026-09-07,97680.0
497,2026-09-08,97470.0
497,2026-09-09,97090.0
497,2026-09-10,97260.0
497,2026-09-11,95370.0
497,2026-09-12,97230.0
497,2026-09-13,96590.0
497,2026-09-14,94800.0
497,2026-09-15,93670.0
497,2026-09-16,94380.0
497,2026-09-17,94640.0
497,2026-09-18,96550.0
497,2026-09-19,94630.0
497,2026-09-20,92460.0
497,2026-09-21,93030.0
497,2026-09-22,93210.0
498,2026-08-24,140320.0
498,2026-08-25,138060.0
498,2026-08-26,138720.0
498,2026-08-27,137510.0
498,2026-08-28,136500.0
498,2026-08-29,137360.0
498,2026-08-30,137310.0
498,2026-08-31,136790.0
498,2026-09-01,135910.0
498,2026-09-02,134180.0
498,2026-09-03,134870.0
498,2026-09-04,133850.0
498,2026-09-05,133070.0
498,2026-09-06,131680.0
498,2026-09-07,131210.0
498,2026-09-08,131220.0
498,2026-09-09,133140.0
498,2026-09-10,130280.0
498,2026-09-11,128720.0
498,2026-09-12,127890.0
498,2026-09-13,127650.0
498,2026-09-14,129900.0
498,2026-09-15,126570.0
498,2026-09-16,127360.0
498,2026-09-17,125400.0
498,2026-09-18,125490.0
498,2026-09-19,125460.0
498,2026-09-20,123410.0
498,2026-09-21,122750.0
498,2026-09-22,124600.0
499,2026-08-24,94920.0
499,2026-08-25,94470.0
499,2026-08-26,94160.0
499,2026-08-27,93610.0
499,2026-08-28,94430.0
499,2026-08-29,92680.0
499,2026-08-30,92760.0
499,2026-08-31,90970.0
499,2026-09-01,91110.0
499,2026-09-02,90520.0
499,2026-09-03,92020.0
499,2026-09-04,88920.0
499,2026-09-05,90170.0
499,2026-09-06,87970.0
499,2026-09-07,89230.0
499,2026-09-08,89170.0
499,2026-09-09,90230.0
499,2026-09-10,89190.0
499,2026-09-11,87990.0
499,2026-09-12,89060.0
499,2026-09-13,87980.0
499,2026-09-14,87680.0
499,2026-09-15,86470.0
499,2026-09-16,86310.0
499,2026-09-17,86120.0
499,2026-09-18,86440.0
499,2026-09-19,86150.0
499,2026-09-20,86910.0
499,2026-09-21,85750.0
499,2026-09-22,83190.0
500,2026-08-24,84890.0
500,2026-08-25,83410.0
500,2026-08-26,83340.0
500,2026-08-27,83060.0
500,2026-08-28,82780.0
500,2026-08-29,81950.0
500,2026-08-30,82580.0
500,2026-08-31,81170.0
500,2026-09-01,81920.0
500,2026-09-02,82750.0
500,2026-09-03,80080.0
500,2026-09-04,80370.0
500,2026-09-05,78560.0
500,2026-09-06,79610.0
500,2026-09-07,79830.0
500,2026-09-08,79510.0
500,2026-09-09,78720.0
500,2026-09-10,78860.0
500,2026-09-11,79540.0
500,2026-09-12,78630.0
500,2026-09-13,76820.0
500,2026-09-14,75850.0
500,2026-09-15,76140.0
500,2026-09-16,75410.0
500,2026-09-17,75930.0
500,2026-09-18,74510.0
500,2026-09-19,74840.0
500,2026-09-20,75040.0
500,2026-09-21,74060.0
500,2026-09-22,73140.0
501,2026-08-24,54690.0
501,2026-08-25,53230.0
501,2026-08-26,53640.0
501,2026-08-27,53540.0
501,2026-08-28,53350.0
501,2026-08-29,53200.0
501,2026-08-30,53160.0
501,2026-08-31,52680.0
501,2026-09-01,52330.0
501,2026-09-02,52100.0
501,2026-09-03,51800.0
501,2026-09-04,52160.0
501,2026-09-05,51360.0
501,2026-09-06,51750.0
501,2026-09-07,51200.0
501,2026-09-08,50760.0
501,2026-09-09,51010.0
501,2026-09-10,50250.0
501,2026-09-11,50590.0
501,2026-09-12,50200.0
501,2026-09-13,49650.0
501,2026-09-14,49900.0
501,2026-09-15,49690.0
501,2026-09-16,49720.0
501,2026-09-17,49430.0
501,2026-09-18,49020.0
501,2026-09-19,48140.0
501,2026-09-20,49390.0
501,2026-09-21,47600.0
501,2026-09-22,48340.0
502,2026-08-24,76410.0
502,2026-08-25,75190.0
502,2026-08-26,75470.0
502,2026-08-27,75190.0
502,2026-08-28,75670.0
502,2026-08-29,74210.0
502,2026-08-30,74150.0
502,2026-08-31,72660.0
502,2026-09-01,74670.0
502,2026-09-02,72760.0
502,2026-09-03,73250.0
502,2026-09-04,72690.0
502,2026-09-05,72380.0
502,2026-09-06,72590.0
502,2026-09-07,72770.0
502,2026-09-08,71650.0
502,2026-09-09,71570.0
502,2026-09-10,71070.0
502,2026-09-11,71150.0
502,2026-09-12,70000.0
502,2026-09-13,70570.0
502,2026-09-14,70280.0
502,2026-09-15,69950.0
502,2026-09-16,68650.0
502,2026-09-17,68620.0
502,2026-09-18,68540.0
502,2026-09-19,67310.0
502,2026-09-20,68690.0
502,2026-09-21,67460.0
502,2026-09-22,67320.0
503,2026-08-24,22410.0
503,2026-08-25,22200.0
503,2026-08-26,22250.0
503,2026-08-27,22320.0
503,2026-08-28,22320.0
503,2026-08-29,22160.0
503,2026-08-30,22120.0
503,2026-08-31,21920.0
503,2026-09-01,21990.0
503,2026-09-02,22090.0
503,2026-09-03,21870.0
503,2026-09-04,21820.0
503,2026-09-05,21650.0
503,2026-09-06,21260.0
503,2026-09-07,21270.0
503,2026-09-08,21450.0
503,2026-09-09,21290.0
503,2026-09-10,21300.0
503,2026-09-11,21440.0
503,2026-09-12,21190.0
503,2026-09-13,21210.0
503,2026-09-14,20930.0
503,2026-09-15,20700.0
503,2026-09-16,20750.0
503,2026-09-17,20550.0
503,2026-09-18,20880.0
503,2026-09-19,20670.0
503,2026-09-20,20550.0
503,2026-09-21,20600.0
503,2026-09-22,19960.0
504,2026-08-24,40400.0
504,2026-08-25,39700.0
504,2026-08-26,39970.0
504,2026-08-27,39750.0
504,2026-08-28,39920.0
504,2026-08-29,39660.0
504,2026-08-30,39880.0
504,2026-08-31,39160.0
504,2026-09-01,39430.0
504,2026-09-02,39140.0
504,2026-09-03,38460.0
504,2026-09-04,38560.0
504,2026-09-05,38670.0
504,2026-09-06,38930.0
504,2026-09-07,38600.0
504,2026-09-08,37980.0
504,2026-09-09,38170.0
504,2026-09-10,38700.0
504,2026-09-11,37990.0
504,2026-09-12,37730.0
504,2026-09-13,37860.0
504,2026-09-14,37810.0
504,2026-09-15,37310.0
504,2026-09-16,37480.0
504,2026-09-17,37100.0
504,2026-09-18,37300.0
504,2026-09-19,37000.0
504,2026-09-20,36970.0
504,2026-09-21,36470.0
504,2026-09-22,36320.0
505,2026-08-24,79850.0
505,2026-08-25,78930.0
505,2026-08-26,78840.0
505,2026-08-27,78170.0
505,2026-08-28,78580.0
505,2026-08-29,77370.0
505,2026-08-30,77340.0
505,2026-08-31,77580.0
505,2026-09-01,77500.0
505,2026-09-02,76170.0
505,2026-09-03,77350.0
505,2026-09-04,76050.0
505,2026-09-05,74930.0
505,2026-09-06,75460.0
505,2026-09-07,74700.0
505,2026-09-08,74880.0
505,2026-09-09,74280.0
505,2026-09-10,74040.0
505,2026-09-11,73140.0
505,2026-09-12,73970.0
505,2026-09-13,72370.0
505,2026-09-14,72090.0
505,2026-09-15,72660.0
505,2026-09-16,73090.0
505,2026-09-17,71610.0
505,2026-09-18,71930.0
505,2026-09-19,71840.0
505,2026-09-20,71380.0
505,2026-09-21,70390.0
505,2026-09-22,69610.0
506,2026-08-24,123730.0
506,2026-08-25,125240.0
506,2026-08-26,126270.0
506,2026-08-27,123680.0
506,2026-08-28,125080.0
506,2026-08-29,123110.0
506,2026-08-30,123770.0
506,2026-08-31,123980.0
506,2026-09-01,122290.0
506,2026-09-02,122730.0
506,2026-09-03,121800.0
506,2026-09-04,122510.0
506,2026-09-05,121690.0
506,2026-09-06,121150.0
506,2026-09-07,122240.0
506,2026-09-08,121000.0
506,2026-09-09,119330.0
506,2026-09-10,119550.0
506,2026-09-11,119190.0
506,2026-09-12,118970.0
506,2026-09-13,120970.0
506,2026-09-14,118520.0
506,2026-09-15,115820.0
506,2026-09-16,116900.0
506,2026-09-17,115190.0
506,2026-09-18,116380.0
506,2026-09-19,114400.0
506,2026-09-20,115120.0
506,2026-09-21,114120.0
506,2026-09-22,115600.0
507,2026-08-24,110260.0
507,2026-08-25,110140.0
507,2026-08-26,109430.0
507,2026-08-27,107970.0
507,2026-08-28,109210.0
507,2026-08-29,110020.0
507,2026-08-30,108380.0
507,2026-08-31,107300.0
507,2026-09-01,106080.0
507,2026-09-02,106150.0
507,2026-09-03,106930.0
507,2026-09-04,107080.0
507,2026-09-05,106020.0
507,2026-09-06,106110.0
507,2026-09-07,105660.0
507,2026-09-08,105120.0
507,2026-09-09,103760.0
507,2026-09-10,104090.0
507,2026-09-11,102860.0
507,2026-09-12,103220.0
507,2026-09-13,103110.0
507,2026-09-14,103880.0
507,2026-09-15,100980.0
507,2026-09-16,102120.0
507,2026-09-17,102590.0
507,2026-09-18,101610.0
507,2026-09-19,101310.0
507,2026-09-20,100730.0
507,2026-09-21,100950.0
507,2026-09-22,98570.0
508,2026-08-24,65110.0
508,2026-08-25,65600.0
508,2026-08-26,64320.0
508,2026-08-27,65810.0
508,2026-08-28,65600.0
508,2026-08-29,64560.0
508,2026-08-30,64390.0
508,2026-08-31,64330.0
508,2026-09-01,64190.0
508,2026-09-02,64020.0
508,2026-09-03,64030.0
508,2026-09-04,63460.0
508,2026-09-05,63820.0
508,2026-09-06,63360.0
508,2026-09-07,62630.0
508,2026-09-08,63400.0
508,2026-09-09,61840.0
508,2026-09-10,62270.0
508,2026-09-11,62600.0
508,2026-09-12,61550.0
508,2026-09-13,61860.0
508,2026-09-14,61770.0
508,2026-09-15,60860.0
508,2026-09-16,61050.0
508,2026-09-17,60800.0
508,2026-09-18,60400.0
508,2026-09-19,61620.0
508,2026-09-20,59890.0
508,2026-09-21,60560.0
508,2026-09-22,59660.0
509,2026-08-24,59690.0
509,2026-08-25,60040.0
509,2026-08-26,60090.0
509,2026-08-27,60010.0
509,2026-08-28,60100.0
509,2026-08-29,60540.0
509,2026-08-30,59100.0
509,2026-08-31,58470.0
509,2026-09-01,58790.0
509,2026-09-02,58250.0
509,2026-09-03,58600.0
509,2026-09-04,57370.0
509,2026-09-05,58860.0
509,2026-09-06,57960.0
509,2026-09-07,56590.0
509,2026-09-08,56840.0
509,2026-09-09,57340.0
509,2026-09-10,57300.0
509,2026-09-11,55970.0
509,2026-09-12,56680.0
509,2026-09-13,55260.0
509,2026-09-14,55910.0
509,2026-09-15,56260.0
509,2026-09-16,55290.0
509,2026-09-17,54650.0
509,2026-09-18,55210.0
509,2026-09-19,54660.0
509,2026-09-20,55030.0
509,2026-09-21,54130.0
509,2026-09-22,53980.0
510,2026-08-24,72180.0
510,2026-08-25,73140.0
510,2026-08-26,72700.0
510,2026-08-27,71880.0
510,2026-08-28,72380.0
510,2026-08-29,72590.0
510,2026-08-30,71650.0
510,2026-08-31,71660.0
510,2026-09-01,71400.0
510,2026-09-02,70330.0
510,2026-09-03,71880.0
510,2026-09-04,70230.0
510,2026-09-05,70590.0
510,2026-09-06,70400.0
510,2026-09-07,69640.0
510,2026-09-08,69800.0
510,2026-09-09,69340.0
510,2026-09-10,68170.0
510,2026-09-11,68510.0
510,2026-09-12,68100.0
510,2026-09-13,67930.0
510,2026-09-14,67210.0
510,2026-09-15,68290.0
510,2026-09-16,68300.0
510,2026-09-17,67700.0
510,2026-09-18,67600.0
510,2026-09-19,66460.0
510,2026-09-20,66040.0
510,2026-09-21,65710.0
510,2026-09-22,66240.0
511,2026-08-24,27090.0
511,2026-08-25,26930.0
511,2026-08-26,27120.0
511,2026-08-27,26850.0
511,2026-08-28,26500.0
511,2026-08-29,26450.0
511,2026-08-30,26630.0
511,2026-08-31,26620.0
511,2026-09-01,26430.0
511,2026-09-02,26610.0
511,2026-09-03,26470.0
511,2026-09-04,26130.0
511,2026-09-05,25780.0
511,2026-09-06,25590.0
511,2026-09-07,25690.0
511,2026-09-08,25830.0
511,2026-09-09,25960.0
511,2026-09-10,25580.0
511,2026-09-11,25640.0
511,2026-09-12,25260.0
511,2026-09-13,25350.0
511,2026-09-14,25300.0
511,2026-09-15,24630.0
511,2026-09-16,24860.0
511,2026-09-17,25050.0
511,2026-09-18,24820.0
511,2026-09-19,24430.0
511,2026-09-20,24090.0
511,2026-09-21,24420.0
511,2026-09-22,24390.0
512,2026-08-24,119750.0
512,2026-08-25,120270.0
512,2026-08-26,120190.0
512,2026-08-27,119930.0
512,2026-08-28,116750.0
512,2026-08-29,117280.0
512,2026-08-30,117790.0
512,2026-08-31,118180.0
512,2026-09-01,117690.0
512,2026-09-02,117260.0
512,2026-09-03,116060.0
512,2026-09-04,115700.0
512,2026-09-05,114920.0
512,2026-09-06,115870.0
512,2026-09-07,113910.0
512,2026-09-08,115110.0
512,2026-09-09,114110.0
512,2026-09-10,113470.0
512,2026-09-11,112490.0
512,2026-09-12,111440.0
512,2026-09-13,111670.0
512,2026-09-14,111550.0
512,2026-09-15,109270.0
512,2026-09-16,110840.0
512,2026-09-17,111450.0
512,2026-09-18,110710.0
512,2026-09-19,109320.0
512,2026-09-20,109410.0
512,2026-09-21,108440.0
512,2026-09-22,108670.0
513,2026-08-24,38710.0
513,2026-08-25,38400.0
513,2026-08-26,38130.0
513,2026-08-27,37700.0
513,2026-08-28,37920.0
513,2026-08-29,37070.0
513,2026-08-30,37340.0
513,2026-08-31,37450.0
513,2026-09-01,37350.0
513,2026-09-02,37190.0
513,2026-09-03,36940.0
513,2026-09-04,36660.0
513,2026-09-05,36730.0
513,2026-09-06,36160.0
513,2026-09-07,36050.0
513,2026-09-08,36170.0
513,2026-09-09,36060.0
513,2026-09-10,35350.0
513,2026-09-11,35860.0
513,2026-09-12,35820.0
513,2026-09-13,35430.0
513,2026-09-14,36000.0
513,2026-09-15,34970.0
513,2026-09-16,34930.0
513,2026-09-17,34780.0
513,2026-09-18,34730.0
513,2026-09-19,34510.0
513,2026-09-20,34060.0
513,2026-09-21,34170.0
513,2026-09-22,34160.0
514,2026-08-24,16160.0
514,2026-08-25,16220.0
514,2026-08-26,16060.0
514,2026-08-27,15750.0
514,2026-08-28,15710.0
514,2026-08-29,15720.0
514,2026-08-30,15900.0
514,2026-08-31,15610.0
514,2026-09-01,15410.0
514,2026-09-02,15450.0
514,2026-09-03,15550.0
514,2026-09-04,15490.0
514,2026-09-05,15320.0
514,2026-09-06,15380.0
514,2026-09-07,14960.0
514,2026-09-08,15200.0
514,2026-09-09,15230.0
514,2026-09-10,14970.0
514,2026-09-11,14920.0
514,2026-09-12,14740.0
514,2026-09-13,15100.0
514,2026-09-14,14760.0
514,2026-09-15,14820.0
514,2026-09-16,14810.0
514,2026-09-17,14870.0
514,2026-09-18,14610.0
514,2026-09-19,14510.0
514,2026-09-20,14540.0
514,2026-09-21,14620.0
514,2026-09-22,14390.0
515,2026-08-24,71710.0
515,2026-08-25,71160.0
515,2026-08-26,71120.0
515,2026-08-27,72060.0
515,2026-08-28,71170.0
515,2026-08-29,70790.0
515,2026-08-30,70510.0
515,2026-08-31,70730.0
515,2026-09-01,70330.0
515,2026-09-02,70080.0
515,2026-09-03,70770.0
515,2026-09-04,70650.0
515,2026-09-05,68670.0
515,2026-09-06,69530.0
515,2026-09-07,68690.0
515,2026-09-08,68760.0
515,2026-09-09,68850.0
515,2026-09-10,68330.0
515,2026-09-11,68350.0
515,2026-09-12,68380.0
515,2026-09-13,67940.0
515,2026-09-14,67190.0
515,2026-09-15,66980.0
515,2026-09-16,66300.0
515,2026-09-17,66410.0
515,2026-09-18,67760.0
515,2026-09-19,66000.0
515,2026-09-20,65550.0
515,2026-09-21,66170.0
515,2026-09-22,65710.0
516,2026-08-24,54810.0
516,2026-08-25,55340.0
516,2026-08-26,54820.0
516,2026-08-27,54210.0
516,2026-08-28,54100.0
516,2026-08-29,53910.0
516,2026-08-30,54340.0
516,2026-08-31,53690.0
516,2026-09-01,52900.0
516,2026-09-02,53490.0
516,2026-09-03,52700.0
516,2026-09-04,54130.0
516,2026-09-05,52640.0
516,2026-09-06,52820.0
516,2026-09-07,52850.0
516,2026-09-08,52460.0
516,2026-09-09,52300.0
516,2026-09-10,52450.0
516,2026-09-11,52770.0
516,2026-09-12,52290.0
516,2026-09-13,52440.0
516,2026-09-14,51210.0
516,2026-09-15,51640.0
516,2026-09-16,51410.0
516,2026-09-17,51340.0
516,2026-09-18,51620.0
516,2026-09-19,50790.0
516,2026-09-20,50560.0
516,2026-09-21,50800.0
516,2026-09-22,49670.0
517,2026-08-24,112380.0
517,2026-08-25,112070.0
517,2026-08-26,111000.0
517,2026-08-27,112300.0
517,2026-08-28,110090.0
517,2026-08-29,110480.0
517,2026-08-30,110450.0
517,2026-08-31,110960.0
517,2026-09-01,109400.0
517,2026-09-02,109810.0
517,2026-09-03,109210.0
517,2026-09-04,108320.0
517,2026-09-05,106890.0
517,2026-09-06,106200.0
517,2026-09-07,107120.0
517,2026-09-08,106160.0
517,2026-09-09,107020.0
517,2026-09-10,106470.0
517,2026-09-11,105280.0
517,2026-09-12,104050.0
517,2026-09-13,105080.0
517,2026-09-14,103380.0
517,2026-09-15,103200.0
517,2026-09-16,102620.0
517,2026-09-17,102940.0
517,2026-09-18,103660.0
517,2026-09-19,102260.0
517,2026-09-20,101490.0
517,2026-09-21,100160.0
517,2026-09-22,101540.0
518,2026-08-24,124120.0
518,2026-08-25,124450.0
518,2026-08-26,123480.0
518,2026-08-27,124090.0
518,2026-08-28,122630.0
518,2026-08-29,122210.0
518,2026-08-30,122200.0
518,2026-08-31,123220.0
518,2026-09-01,121550.0
518,2026-09-02,120100.0
518,2026-09-03,119670.0
518,2026-09-04,118650.0
518,2026-09-05,117730.0
518,2026-09-06,117590.0
518,2026-09-07,116860.0
518,2026-09-08,117690.0
518,2026-09-09,115540.0
518,2026-09-10,117300.0
518,2026-09-11,116230.0
518,2026-09-12,115020.0
518,2026-09-13,114480.0
518,2026-09-14,113430.0
518,2026-09-15,113700.0
518,2026-09-16,113950.0
518,2026-09-17,111740.0
518,2026-09-18,110430.0
518,2026-09-19,112030.0
518,2026-09-20,111150.0
518,2026-09-21,109270.0
518,2026-09-22,109110.0
519,2026-08-24,122250.0
519,2026-08-25,121890.0
519,2026-08-26,121770.0
519,2026-08-27,121340.0
519,2026-08-28,120490.0
519,2026-08-29,119910.0
519,2026-08-30,119910.0
519,2026-08-31,119800.0
519,2026-09-01,118860.0
519,2026-09-02,119750.0
519,2026-09-03,118650.0
519,2026-09-04,116200.0
519,2026-09-05,117700.0
519,2026-09-06,117280.0
519,2026-09-07,115820.0
519,2026-09-08,114350.0
519,2026-09-09,115260.0
519,2026-09-10,114760.0
519,2026-09-11,113230.0
519,2026-09-12,112440.0
519,2026-09-13,113230.0
519,2026-09-14,112600.0
519,2026-09-15,111940.0
519,2026-09-16,111770.0
519,2026-09-17,110330.0
519,2026-09-18,110470.0
519,2026-09-19,110880.0
519,2026-09-20,109570.0
519,2026-09-21,107850.0
519,2026-09-22,108480.0
520,2026-08-24,25680.0
520,2026-08-25,25850.0
520,2026-08-26,25770.0
520,2026-08-27,25300.0
520,2026-08-28,25680.0
520,2026-08-29,25230.0
520,2026-08-30,25660.0
520,2026-08-31,25260.0
520,2026-09-01,24930.0
520,2026-09-02,24860.0
520,2026-09-03,25070.0
520,2026-09-04,24830.0
520,2026-09-05,24800.0
520,2026-09-06,25050.0
520,2026-09-07,24510.0
520,2026-09-08,24570.0
520,2026-09-09,24740.0
520,2026-09-10,24430.0
520,2026-09-11,23980.0
520,2026-09-12,24300.0
520,2026-09-13,23890.0
520,2026-09-14,24300.0
520,2026-09-15,23770.0
520,2026-09-16,24430.0
520,2026-09-17,24040.0
520,2026-09-18,23510.0
520,2026-09-19,23580.0
520,2026-09-20,23640.0
520,2026-09-21,23560.0
520,2026-09-22,23400.0
521,2026-08-24,132110.0
521,2026-08-25,130300.0
521,2026-08-26,129630.0
521,2026-08-27,129220.0
521,2026-08-28,129980.0
521,2026-08-29,129060.0
521,2026-08-30,128550.0
521,2026-08-31,128620.0
521,2026-09-01,125350.0
521,2026-09-02,127270.0
521,2026-09-03,126740.0
521,2026-09-04,127750.0
521,2026-09-05,124140.0
521,2026-09-06,126780.0
521,2026-09-07,124870.0
521,2026-09-08,124850.0
521,2026-09-09,125590.0
521,2026-09-10,124050.0
521,2026-09-11,123460.0
521,2026-09-12,122870.0
521,2026-09-13,121710.0
521,2026-09-14,121730.0
521,2026-09-15,120620.0
521,2026-09-16,120850.0
521,2026-09-17,118140.0
521,2026-09-18,120460.0
521,2026-09-19,119470.0
521,2026-09-20,118830.0
521,2026-09-21,118950.0
521,2026-09-22,116870.0
522,2026-08-24,103540.0
522,2026-08-25,101630.0
522,2026-08-26,101250.0
522,2026-08-27,100270.0
522,2026-08-28,100680.0
522,2026-08-29,101370.0
522,2026-08-30,100750.0
522,2026-08-31,100260.0
522,2026-09-01,99680.0
522,2026-09-02,98630.0
522,2026-09-03,97440.0
522,2026-09-04,98050.0
522,2026-09-05,97670.0
522,2026-09-06,98310.0
522,2026-09-07,97390.0
522,2026-09-08,98040.0
522,2026-09-09,97370.0
522,2026-09-10,95750.0
522,2026-09-11,94370.0
522,2026-09-12,96460.0
522,2026-09-13,96090.0
522,2026-09-14,93640.0
522,2026-09-15,95500.0
522,2026-09-16,94280.0
522,2026-09-17,93760.0
522,2026-09-18,94530.0
522,2026-09-19,93970.0
522,2026-09-20,93090.0
522,2026-09-21,92600.0
522,2026-09-22,92360.0
523,2026-08-24,34320.0
523,2026-08-25,34250.0
523,2026-08-26,33870.0
523,2026-08-27,33860.0
523,2026-08-28,33700.0
523,2026-08-29,33470.0
523,2026-08-30,33510.0
523,2026-08-31,33230.0
523,2026-09-01,33290.0
523,2026-09-02,32580.0
523,2026-09-03,32820.0
523,2026-09-04,32720.0
523,2026-09-05,32450.0
523,2026-09-06,32330.0
523,2026-09-07,31810.0
523,2026-09-08,32150.0
523,2026-09-09,32070.0
523,2026-09-10,31870.0
523,2026-09-11,31860.0
523,2026-09-12,31480.0
523,2026-09-13,31400.0
523,2026-09-14,31160.0
523,2026-09-15,31140.0
523,2026-09-16,30390.0
523,2026-09-17,30410.0
523,2026-09-18,30900.0
523,2026-09-19,29690.0
523,2026-09-20,30130.0
523,2026-09-21,30320.0
523,2026-09-22,29830.0
524,2026-08-24,14950.0
524,2026-08-25,14960.0
524,2026-08-26,14850.0
524,2026-08-27,14840.0
524,2026-08-28,14700.0
524,2026-08-29,14850.0
524,2026-08-30,14830.0
524,2026-08-31,14600.0
524,2026-09-01,14410.0
524,2026-09-02,14450.0
524,2026-09-03,14430.0
524,2026-09-04,14460.0
524,2026-09-05,14230.0
524,2026-09-06,14210.0
524,2026-09-07,14300.0
524,2026-09-08,14290.0
524,2026-09-09,14060.0
524,2026-09-10,13930.0
524,2026-09-11,14390.0
524,2026-09-12,14060.0
524,2026-09-13,13880.0
524,2026-09-14,13960.0
524,2026-09-15,13790.0
524,2026-09-16,13850.0
524,2026-09-17,13720.0
524,2026-09-18,13650.0
524,2026-09-19,13580.0
524,2026-09-20,13370.0
524,2026-09-21,13700.0
524,2026-09-22,13320.0
525,2026-08-24,52530.0
525,2026-08-25,52850.0
525,2026-08-26,52390.0
525,2026-08-27,52600.0
525,2026-08-28,52750.0
525,2026-08-29,52720.0
525,2026-08-30,52490.0
525,2026-08-31,51880.0
525,2026-09-01,51870.0
525,2026-09-02,51860.0
525,2026-09-03,50820.0
525,2026-09-04,51620.0
525,2026-09-05,50640.0
525,2026-09-06,51910.0
525,2026-09-07,50760.0
525,2026-09-08,50700.0
525,2026-09-09,50300.0
525,2026-09-10,50200.0
525,2026-09-11,51240.0
525,2026-09-12,50540.0
525,2026-09-13,49360.0
525,2026-09-14,50460.0
525,2026-09-15,50180.0
525,2026-09-16,49420.0
525,2026-09-17,49510.0
525,2026-09-18,49220.0
525,2026-09-19,49880.0
525,2026-09-20,48590.0
525,2026-09-21,48820.0
525,2026-09-22,48430.0
526,2026-08-24,38520.0
526,2026-08-25,39430.0
526,2026-08-26,38280.0
526,2026-08-27,38530.0
526,2026-08-28,37800.0
526,2026-08-29,38040.0
526,2026-08-30,38120.0
526,2026-08-31,37600.0
526,2026-09-01,37860.0
526,2026-09-02,37450.0
526,2026-09-03,37710.0
526,2026-09-04,37620.0
526,2026-09-05,36890.0
526,2026-09-06,36930.0
526,2026-09-07,36800.0
526,2026-09-08,36770.0
526,2026-09-09,36440.0
526,2026-09-10,36330.0
526,2026-09-11,36050.0
526,2026-09-12,36000.0
526,2026-09-13,36190.0
526,2026-09-14,35840.0
526,2026-09-15,35700.0
526,2026-09-16,35550.0
526,2026-09-17,35130.0
526,2026-09-18,35120.0
526,2026-09-19,34550.0
526,2026-09-20,35080.0
526,2026-09-21,33730.0
526,2026-09-22,34370.0
527,2026-08-24,132070.0
527,2026-08-25,129180.0
527,2026-08-26,130530.0
527,2026-08-27,129050.0
527,2026-08-28,128960.0
527,2026-08-29,129860.0
527,2026-08-30,128710.0
527,2026-08-31,126090.0
527,2026-09-01,126740.0
527,2026-09-02,128270.0
527,2026-09-03,127350.0
527,2026-09-04,128240.0
527,2026-09-05,127770.0
527,2026-09-06,125350.0
527,2026-09-07,127780.0
527,2026-09-08,124910.0
527,2026-09-09,123520.0
527,2026-09-10,123440.0
527,2026-09-11,121420.0
527,2026-09-12,124870.0
527,2026-09-13,124450.0
527,2026-09-14,121450.0
527,2026-09-15,121830.0
527,2026-09-16,121750.0
527,2026-09-17,120290.0
527,2026-09-18,119100.0
527,2026-09-19,120230.0
527,2026-09-20,119720.0
527,2026-09-21,119250.0
527,2026-09-22,119450.0
528,2026-08-24,87140.0
528,2026-08-25,85730.0
528,2026-08-26,85800.0
528,2026-08-27,85920.0
528,2026-08-28,85550.0
528,2026-08-29,84520.0
528,2026-08-30,84740.0
528,2026-08-31,84790.0
528,2026-09-01,83420.0
528,2026-09-02,84770.0
528,2026-09-03,84630.0
528,2026-09-04,82940.0
528,2026-09-05,83300.0
528,2026-09-06,83350.0
528,2026-09-07,82300.0
528,2026-09-08,82740.0
528,2026-09-09,82280.0
528,2026-09-10,80930.0
528,2026-09-11,81970.0
528,2026-09-12,80680.0
528,2026-09-13,81790.0
528,2026-09-14,80460.0
528,2026-09-15,80550.0
528,2026-09-16,81320.0
528,2026-09-17,80490.0
528,2026-09-18,79180.0
528,2026-09-19,78970.0
528,2026-09-20,79000.0
528,2026-09-21,79410.0
528,2026-09-22,79140.0
529,2026-08-24,52340.0
529,2026-08-25,52050.0
529,2026-08-26,52480.0
529,2026-08-27,52140.0
529,2026-08-28,52940.0
529,2026-08-29,51910.0
529,2026-08-30,52480.0
529,2026-08-31,51110.0
529,2026-09-01,50790.0
529,2026-09-02,50820.0
529,2026-09-03,51600.0
529,2026-09-04,51680.0
529,2026-09-05,50490.0
529,2026-09-06,50460.0
529,2026-09-07,50020.0
529,2026-09-08,49600.0
529,2026-09-09,50480.0
529,2026-09-10,50120.0
529,2026-09-11,49870.0
529,2026-09-12,49140.0
529,2026-09-13,50230.0
529,2026-09-14,49200.0
529,2026-09-15,49460.0
529,2026-09-16,48490.0
529,2026-09-17,48860.0
529,2026-09-18,48900.0
529,2026-09-19,48750.0
529,2026-09-20,48530.0
529,2026-09-21,48510.0
529,2026-09-22,47690.0
530,2026-08-24,84680.0
530,2026-08-25,84370.0
530,2026-08-26,84200.0
530,2026-08-27,83840.0
530,2026-08-28,82700.0
530,2026-08-29,82420.0
530,2026-08-30,81580.0
530,2026-08-31,83300.0
530,2026-09-01,83050.0
530,2026-09-02,82810.0
530,2026-09-03,82210.0
530,2026-09-04,80360.0
530,2026-09-05,80820.0
530,2026-09-06,81350.0
530,2026-09-07,81070.0
530,2026-09-08,80580.0
530,2026-09-09,80720.0
530,2026-09-10,80230.0
530,2026-09-11,80040.0
530,2026-09-12,79290.0
530,2026-09-13,80100.0
530,2026-09-14,78920.0
530,2026-09-15,78080.0
530,2026-09-16,78190.0
530,2026-09-17,78210.0
530,2026-09-18,78830.0
530,2026-09-19,77900.0
530,2026-09-20,77550.0
530,2026-09-21,76600.0
530,2026-09-22,77670.0
531,2026-08-24,36720.0
531,2026-08-25,36740.0
531,2026-08-26,37050.0
531,2026-08-27,36640.0
531,2026-08-28,35900.0
531,2026-08-29,35720.0
531,2026-08-30,36070.0
531,2026-08-31,35610.0
531,2026-09-01,36000.0
531,2026-09-02,35690.0
531,2026-09-03,35590.0
531,2026-09-04,35210.0
531,2026-09-05,35760.0
531,2026-09-06,35940.0
531,2026-09-07,34930.0
531,2026-09-08,34970.0
531,2026-09-09,34760.0
531,2026-09-10,34520.0
531,2026-09-11,34230.0
531,2026-09-12,34020.0
531,2026-09-13,33870.0
531,2026-09-14,34170.0
531,2026-09-15,33770.0
531,2026-09-16,33060.0
531,2026-09-17,33770.0
531,2026-09-18,33500.0
531,2026-09-19,33760.0
531,2026-09-20,33350.0
531,2026-09-21,32690.0
531,2026-09-22,32340.0
532,2026-08-24,41870.0
532,2026-08-25,41730.0
532,2026-08-26,42060.0
532,2026-08-27,41600.0
532,2026-08-28,41800.0
532,2026-08-29,40860.0
532,2026-08-30,41420.0
532,2026-08-31,41180.0
532,2026-09-01,40150.0
532,2026-09-02,41040.0
532,2026-09-03,40490.0
532,2026-09-04,40420.0
532,2026-09-05,39860.0
532,2026-09-06,40370.0
532,2026-09-07,39430.0
532,2026-09-08,39910.0
532,2026-09-09,39740.0
532,2026-09-10,39010.0
532,2026-09-11,39780.0
532,2026-09-12,39060.0
532,2026-09-13,39030.0
532,2026-09-14,38180.0
532,2026-09-15,39170.0
532,2026-09-16,37950.0
532,2026-09-17,38500.0
532,2026-09-18,37690.0
532,2026-09-19,37650.0
532,2026-09-20,37930.0
532,2026-09-21,37840.0
532,2026-09-22,36950.0
533,2026-08-24,105090.0
533,2026-08-25,104680.0
533,2026-08-26,102710.0
533,2026-08-27,104370.0
533,2026-08-28,101540.0
533,2026-08-29,101830.0
533,2026-08-30,102350.0
533,2026-08-31,100900.0
533,2026-09-01,101420.0
533,2026-09-02,101030.0
533,2026-09-03,100310.0
533,2026-09-04,100750.0
533,2026-09-05,99530.0
533,2026-09-06,99520.0
533,2026-09-07,99880.0
533,2026-09-08,99220.0
533,2026-09-09,98840.0
533,2026-09-10,96910.0
533,2026-09-11,97880.0
533,2026-09-12,96380.0
533,2026-09-13,95680.0
533,2026-09-14,96270.0
533,2026-09-15,95230.0
533,2026-09-16,96220.0
533,2026-09-17,95860.0
533,2026-09-18,93300.0
533,2026-09-19,93790.0
533,2026-09-20,92910.0
533,2026-09-21,93330.0
533,2026-09-22,93690.0
534,2026-08-24,87720.0
534,2026-08-25,87220.0
534,2026-08-26,88220.0
534,2026-08-27,85540.0
534,2026-08-28,87640.0
534,2026-08-29,86180.0
534,2026-08-30,86230.0
534,2026-08-31,85660.0
534,2026-09-01,86780.0
534,2026-09-02,84660.0
534,2026-09-03,85220.0
534,2026-09-04,85300.0
534,2026-09-05,83600.0
534,2026-09-06,83800.0
534,2026-09-07,84050.0
534,2026-09-08,83290.0
534,2026-09-09,83070.0
534,2026-09-10,83110.0
534,2026-09-11,83510.0
534,2026-09-12,82580.0
534,2026-09-13,83260.0
534,2026-09-14,81610.0
534,2026-09-15,81170.0
534,2026-09-16,83030.0
534,2026-09-17,81040.0
534,2026-09-18,80330.0
534,2026-09-19,79780.0
534,2026-09-20,81390.0
534,2026-09-21,80180.0
534,2026-09-22,79970.0
535,2026-08-24,102440.0
535,2026-08-25,103040.0
535,2026-08-26,101770.0
535,2026-08-27,103440.0
535,2026-08-28,101380.0
535,2026-08-29,101790.0
535,2026-08-30,101260.0
535,2026-08-31,100270.0
535,2026-09-01,99520.0
535,2026-09-02,99920.0
535,2026-09-03,99740.0
535,2026-09-04,98560.0
535,2026-09-05,98820.0
535,2026-09-06,99340.0
535,2026-09-07,99680.0
535,2026-09-08,98390.0
535,2026-09-09,98870.0
535,2026-09-10,96580.0
535,2026-09-11,97300.0
535,2026-09-12,97480.0
535,2026-09-13,95400.0
535,2026-09-14,95400.0
535,2026-09-15,96830.0
535,2026-09-16,94370.0
535,2026-09-17,93750.0
535,2026-09-18,95700.0
535,2026-09-19,95110.0
535,2026-09-20,94190.0
535,2026-09-21,93490.0
535,2026-09-22,92850.0
536,2026-08-24,50280.0
536,2026-08-25,50620.0
536,2026-08-26,49940.0
536,2026-08-27,50520.0
536,2026-08-28,49180.0
536,2026-08-29,49360.0
536,2026-08-30,49070.0
536,2026-08-31,48630.0
536,2026-09-01,48830.0
536,2026-09-02,48890.0
536,2026-09-03,48770.0
536,2026-09-04,49240.0
536,2026-09-05,48430.0
536,2026-09-06,48530.0
536,2026-09-07,47950.0
536,2026-09-08,48410.0
536,2026-09-09,48530.0
536,2026-09-10,47650.0
536,2026-09-11,46910.0
536,2026-09-12,46920.0
536,2026-09-13,47080.0
536,2026-09-14,46980.0
536,2026-09-15,46920.0
536,2026-09-16,46660.0
536,2026-09-17,46330.0
536,2026-09-18,45920.0
536,2026-09-19,46160.0
536,2026-09-20,46560.0
536,2026-09-21,46080.0
536,2026-09-22,45730.0
537,2026-08-24,59530.0
537,2026-08-25,58680.0
537,2026-08-26,58390.0
537,2026-08-27,58050.0
537,2026-08-28,58100.0
537,2026-08-29,57740.0
537,2026-08-30,58230.0
537,2026-08-31,57250.0
537,2026-09-01,56880.0
537,2026-09-02,57870.0
537,2026-09-03,56580.0
537,2026-09-04,56610.0
537,2026-09-05,56520.0
537,2026-09-06,55580.0
537,2026-09-07,56400.0
537,2026-09-08,55910.0
537,2026-09-09,56090.0
537,2026-09-10,54870.0
537,2026-09-11,54980.0
537,2026-09-12,54720.0
537,2026-09-13,54590.0
537,2026-09-14,53600.0
537,2026-09-15,54070.0
537,2026-09-16,53160.0
537,2026-09-17,53720.0
537,2026-09-18,52380.0
537,2026-09-19,52280.0
537,2026-09-20,53230.0
537,2026-09-21,52400.0
537,2026-09-22,51970.0
538,2026-08-24,40890.0
538,2026-08-25,40440.0
538,2026-08-26,40440.0
538,2026-08-27,39960.0
538,2026-08-28,40660.0
538,2026-08-29,39500.0
538,2026-08-30,40050.0
538,2026-08-31,39340.0
538,2026-09-01,38690.0
538,2026-09-02,39180.0
538,2026-09-03,38960.0
538,2026-09-04,38380.0
538,2026-09-05,38260.0
538,2026-09-06,38370.0
538,2026-09-07,38320.0
538,2026-09-08,37300.0
538,2026-09-09,38200.0
538,2026-09-10,37570.0
538,2026-09-11,37150.0
538,2026-09-12,37680.0
538,2026-09-13,37220.0
538,2026-09-14,37430.0
538,2026-09-15,37030.0
538,2026-09-16,36730.0
538,2026-09-17,36520.0
538,2026-09-18,36550.0
538,2026-09-19,36120.0
538,2026-09-20,35820.0
538,2026-09-21,36100.0
538,2026-09-22,35710.0
539,2026-08-24,106920.0
539,2026-08-25,107380.0
539,2026-08-26,106010.0
539,2026-08-27,105720.0
539,2026-08-28,104820.0
539,2026-08-29,105260.0
539,2026-08-30,104800.0
539,2026-08-31,104840.0
539,2026-09-01,103250.0
539,2026-09-02,102950.0
539,2026-09-03,103570.0
539,2026-09-04,102730.0
539,2026-09-05,101400.0
539,2026-09-06,102790.0
539,2026-09-07,99960.0
539,2026-09-08,101570.0
539,2026-09-09,99520.0
539,2026-09-10,101670.0
539,2026-09-11,98500.0
539,2026-09-12,100280.0
539,2026-09-13,98880.0
539,2026-09-14,98260.0
539,2026-09-15,98310.0
539,2026-09-16,98270.0
539,2026-09-17,96630.0
539,2026-09-18,96300.0
539,2026-09-19,97090.0
539,2026-09-20,94790.0
539,2026-09-21,95300.0
539,2026-09-22,97840.0
540,2026-08-24,109560.0
540,2026-08-25,111080.0
540,2026-08-26,109310.0
540,2026-08-27,109960.0
540,2026-08-28,109800.0
540,2026-08-29,109920.0
540,2026-08-30,108490.0
540,2026-08-31,110080.0
540,2026-09-01,107580.0
540,2026-09-02,108000.0
540,2026-09-03,107720.0
540,2026-09-04,106260.0
540,2026-09-05,106690.0
540,2026-09-06,106780.0
540,2026-09-07,105990.0
540,2026-09-08,108160.0
540,2026-09-09,105060.0
540,2026-09-10,106500.0
540,2026-09-11,105940.0
540,2026-09-12,104910.0
540,2026-09-13,103890.0
540,2026-09-14,103680.0
540,2026-09-15,103610.0
540,2026-09-16,102240.0
540,2026-09-17,102620.0
540,2026-09-18,101920.0
540,2026-09-19,104060.0
540,2026-09-20,103150.0
540,2026-09-21,103000.0
540,2026-09-22,102540.0
541,2026-08-24,134090.0
541,2026-08-25,134890.0
541,2026-08-26,132220.0
541,2026-08-27,132420.0
541,2026-08-28,132540.0
541,2026-08-29,129870.0
541,2026-08-30,133880.0
541,2026-08-31,130190.0
541,2026-09-01,129770.0
541,2026-09-02,130380.0
541,2026-09-03,129490.0
541,2026-09-04,128050.0
541,2026-09-05,127600.0
541,2026-09-06,125380.0
541,2026-09-07,125820.0
541,2026-09-08,126390.0
541,2026-09-09,125780.0
541,2026-09-10,126040.0
541,2026-09-11,124120.0
541,2026-09-12,122280.0
541,2026-09-13,124250.0
541,2026-09-14,124110.0
541,2026-09-15,123020.0
541,2026-09-16,121390.0
541,2026-09-17,122090.0
541,2026-09-18,124010.0
541,2026-09-19,120060.0
541,2026-09-20,118050.0
541,2026-09-21,118260.0
541,2026-09-22,118970.0
542,2026-08-24,66190.0
542,2026-08-25,66860.0
542,2026-08-26,66730.0
542,2026-08-27,67090.0
542,2026-08-28,66730.0
542,2026-08-29,66270.0
542,2026-08-30,64470.0
542,2026-08-31,65820.0
542,2026-09-01,65470.0
542,2026-09-02,65000.0
542,2026-09-03,63740.0
542,2026-09-04,63990.0
542,2026-09-05,63560.0
542,2026-09-06,62880.0
542,2026-09-07,63680.0
542,2026-09-08,63030.0
542,2026-09-09,64550.0
542,2026-09-10,62880.0
542,2026-09-11,63390.0
542,2026-09-12,61680.0
542,2026-09-13,61980.0
542,2026-09-14,62060.0
542,2026-09-15,61310.0
542,2026-09-16,61320.0
542,2026-09-17,61190.0
542,2026-09-18,60940.0
542,2026-09-19,61780.0
542,2026-09-20,60780.0
542,2026-09-21,60590.0
542,2026-09-22,60390.0
543,2026-08-24,117820.0
543,2026-08-25,116830.0
543,2026-08-26,116250.0
543,2026-08-27,116310.0
543,2026-08-28,116810.0
543,2026-08-29,116410.0
543,2026-08-30,114830.0
543,2026-08-31,115350.0
543,2026-09-01,114120.0
543,2026-09-02,113960.0
543,2026-09-03,113130.0
543,2026-09-04,113020.0
543,2026-09-05,114000.0
543,2026-09-06,112520.0
543,2026-09-07,112180.0
543,2026-09-08,110410.0
543,2026-09-09,111040.0
543,2026-09-10,110730.0
543,2026-09-11,109840.0
543,2026-09-12,110220.0
543,2026-09-13,109450.0
543,2026-09-14,109530.0
543,2026-09-15,109190.0
543,2026-09-16,107860.0
543,2026-09-17,107990.0
543,2026-09-18,108040.0
543,2026-09-19,108650.0
543,2026-09-20,107450.0
543,2026-09-21,106260.0
543,2026-09-22,106830.0
544,2026-08-24,68350.0
544,2026-08-25,67680.0
544,2026-08-26,67220.0
544,2026-08-27,67040.0
544,2026-08-28,67130.0
544,2026-08-29,66680.0
544,2026-08-30,66150.0
544,2026-08-31,66140.0
544,2026-09-01,64780.0
544,2026-09-02,64300.0
544,2026-09-03,64870.0
544,2026-09-04,64550.0
544,2026-09-05,63970.0
544,2026-09-06,64400.0
544,2026-09-07,62770.0
544,2026-09-08,63170.0
544,2026-09-09,62930.0
544,2026-09-10,62070.0
544,2026-09-11,63390.0
544,2026-09-12,61680.0
544,2026-09-13,61800.0
544,2026-09-14,62290.0
544,2026-09-15,61880.0
544,2026-09-16,60730.0
544,2026-09-17,61360.0
544,2026-09-18,60890.0
544,2026-09-19,61660.0
544,2026-09-20,60410.0
544,2026-09-21,59870.0
544,2026-09-22,59240.0
545,2026-08-24,113620.0
545,2026-08-25,113070.0
545,2026-08-26,114520.0
545,2026-08-27,112860.0
545,2026-08-28,112860.0
545,2026-08-29,113220.0
545,2026-08-30,109360.0
545,2026-08-31,112060.0
545,2026-09-01,110520.0
545,2026-09-02,110380.0
545,2026-09-03,108800.0
545,2026-09-04,108390.0
545,2026-09-05,109000.0
545,2026-09-06,110180.0
545,2026-09-07,108500.0
545,2026-09-08,108250.0
545,2026-09-09,106510.0
545,2026-09-10,105670.0
545,2026-09-11,105040.0
545,2026-09-12,104820.0
545,2026-09-13,102980.0
545,2026-09-14,103670.0
545,2026-09-15,103340.0
545,2026-09-16,103200.0
545,2026-09-17,102990.0
545,2026-09-18,102720.0
545,2026-09-19,101910.0
545,2026-09-20,100940.0
545,2026-09-21,99260.0
545,2026-09-22,100000.0
546,2026-08-24,18770.0
546,2026-08-25,18910.0
546,2026-08-26,18900.0
546,2026-08-27,18840.0
546,2026-08-28,18740.0
546,2026-08-29,18550.0
546,2026-08-30,18420.0
546,2026-08-31,18320.0
546,2026-09-01,18150.0
546,2026-09-02,18440.0
546,2026-09-03,18200.0
546,2026-09-04,17980.0
546,2026-09-05,17970.0
546,2026-09-06,17900.0
546,2026-09-07,17960.0
546,2026-09-08,18040.0
546,2026-09-09,17770.0
546,2026-09-10,17430.0
546,2026-09-11,17660.0
546,2026-09-12,17590.0
546,2026-09-13,17510.0
546,2026-09-14,17390.0
546,2026-09-15,17440.0
546,2026-09-16,17350.0
546,2026-09-17,17270.0
546,2026-09-18,17270.0
546,2026-09-19,17080.0
546,2026-09-20,17000.0
546,2026-09-21,17200.0
546,2026-09-22,17010.0
547,2026-08-24,112450.0
547,2026-08-25,112430.0
547,2026-08-26,111480.0
547,2026-08-27,111480.0
547,2026-08-28,108980.0
547,2026-08-29,110150.0
547,2026-08-30,109470.0
547,2026-08-31,110710.0
547,2026-09-01,109710.0
547,2026-09-02,108030.0
547,2026-09-03,108530.0
547,2026-09-04,108000.0
547,2026-09-05,107900.0
547,2026-09-06,106290.0
547,2026-09-07,107110.0
547,2026-09-08,106260.0
547,2026-09-09,106340.0
547,2026-09-10,105130.0
547,2026-09-11,104890.0
547,2026-09-12,106040.0
547,2026-09-13,103790.0
547,2026-09-14,103500.0
547,2026-09-15,103940.0
547,2026-09-16,102970.0
547,2026-09-17,102520.0
547,2026-09-18,103020.0
547,2026-09-19,101290.0
547,2026-09-20,101360.0
547,2026-09-21,103620.0
547,2026-09-22,101910.0
548,2026-08-24,15480.0
548,2026-08-25,15550.0
548,2026-08-26,15500.0
548,2026-08-27,15490.0
548,2026-08-28,15290.0
548,2026-08-29,15360.0
548,2026-08-30,14940.0
548,2026-08-31,14990.0
548,2026-09-01,15070.0
548,2026-09-02,15030.0
548,2026-09-03,14820.0
548,2026-09-04,14890.0
548,2026-09-05,14720.0
548,2026-09-06,14700.0
548,2026-09-07,14790.0
548,2026-09-08,14710.0
548,2026-09-09,14420.0
548,2026-09-10,14350.0
548,2026-09-11,14360.0
548,2026-09-12,14340.0
548,2026-09-13,14200.0
548,2026-09-14,14340.0
548,2026-09-15,14190.0
548,2026-09-16,14140.0
548,2026-09-17,13870.0
548,2026-09-18,14100.0
548,2026-09-19,13560.0
548,2026-09-20,13930.0
548,2026-09-21,13880.0
548,2026-09-22,13650.0
549,2026-08-24,132580.0
549,2026-08-25,130680.0
549,2026-08-26,130240.0
549,2026-08-27,129950.0
549,2026-08-28,132210.0
549,2026-08-29,129810.0
549,2026-08-30,128600.0
549,2026-08-31,126430.0
549,2026-09-01,126910.0
549,2026-09-02,125390.0
549,2026-09-03,126440.0
549,2026-09-04,125200.0
549,2026-09-05,123370.0
549,2026-09-06,124000.0
549,2026-09-07,122510.0
549,2026-09-08,122930.0
549,2026-09-09,121360.0
549,2026-09-10,121670.0
549,2026-09-11,121820.0
549,2026-09-12,120460.0
549,2026-09-13,119550.0
549,2026-09-14,119570.0
549,2026-09-15,119500.0
549,2026-09-16,117130.0
549,2026-09-17,117920.0
549,2026-09-18,118410.0
549,2026-09-19,117100.0
549,2026-09-20,116020.0
549,2026-09-21,116030.0
549,2026-09-22,115270.0
550,2026-08-24,89300.0
550,2026-08-25,87110.0
550,2026-08-26,87110.0
550,2026-08-27,88520.0
550,2026-08-28,86500.0
550,2026-08-29,87470.0
550,2026-08-30,86650.0
550,2026-08-31,85900.0
550,2026-09-01,86490.0
550,2026-09-02,86070.0
550,2026-09-03,87040.0
550,2026-09-04,84880.0
550,2026-09-05,85950.0
550,2026-09-06,84900.0
550,2026-09-07,83900.0
550,2026-09-08,84570.0
550,2026-09-09,84090.0
550,2026-09-10,83420.0
550,2026-09-11,83250.0
550,2026-09-12,82350.0
550,2026-09-13,81880.0
550,2026-09-14,82640.0
550,2026-09-15,81650.0
550,2026-09-16,81430.0
550,2026-09-17,81360.0
550,2026-09-18,81030.0
550,2026-09-19,79570.0
550,2026-09-20,81090.0
550,2026-09-21,79980.0
550,2026-09-22,79450.0
551,2026-08-24,82940.0
551,2026-08-25,82550.0
551,2026-08-26,82620.0
551,2026-08-27,82200.0
551,2026-08-28,82050.0
551,2026-08-29,82180.0
551,2026-08-30,81610.0
551,2026-08-31,80680.0
551,2026-09-01,79800.0
551,2026-09-02,81300.0
551,2026-09-03,79830.0
551,2026-09-04,79410.0
551,2026-09-05,78340.0
551,2026-09-06,79380.0
551,2026-09-07,78990.0
551,2026-09-08,77670.0
551,2026-09-09,78650.0
551,2026-09-10,77780.0
551,2026-09-11,79530.0
551,2026-09-12,77190.0
551,2026-09-13,77010.0
551,2026-09-14,76460.0
551,2026-09-15,77560.0
551,2026-09-16,76240.0
551,2026-09-17,75750.0
551,2026-09-18,76390.0
551,2026-09-19,74790.0
551,2026-09-20,75800.0
551,2026-09-21,76260.0
551,2026-09-22,75220.0
552,2026-08-24,46960.0
552,2026-08-25,46830.0
552,2026-08-26,46910.0
552,2026-08-27,46530.0
552,2026-08-28,46050.0
552,2026-08-29,46000.0
552,2026-08-30,45170.0
552,2026-08-31,45540.0
552,2026-09-01,44710.0
552,2026-09-02,44720.0
552,2026-09-03,43560.0
552,2026-09-04,44580.0
552,2026-09-05,44000.0
552,2026-09-06,44410.0
552,2026-09-07,43940.0
552,2026-09-08,43990.0
552,2026-09-09,43010.0
552,2026-09-10,43550.0
552,2026-09-11,43710.0
552,2026-09-12,43030.0
552,2026-09-13,42830.0
552,2026-09-14,42410.0
552,2026-09-15,41950.0
552,2026-09-16,42200.0
552,2026-09-17,41190.0
552,2026-09-18,41360.0
552,2026-09-19,40680.0
552,2026-09-20,40850.0
552,2026-09-21,41110.0
552,2026-09-22,40850.0
553,2026-08-24,71700.0
553,2026-08-25,71530.0
553,2026-08-26,70180.0
553,2026-08-27,70770.0
553,2026-08-28,70360.0
553,2026-08-29,70140.0
553,2026-08-30,70590.0
553,2026-08-31,69560.0
553,2026-09-01,69460.0
553,2026-09-02,68420.0
553,2026-09-03,69160.0
553,2026-09-04,68490.0
553,2026-09-05,68900.0
553,2026-09-06,68100.0
553,2026-09-07,68440.0
553,2026-09-08,68070.0
553,2026-09-09,68820.0
553,2026-09-10,67950.0
553,2026-09-11,66440.0
553,2026-09-12,66520.0
553,2026-09-13,67000.0
553,2026-09-14,66230.0
553,2026-09-15,64880.0
553,2026-09-16,67000.0
553,2026-09-17,66420.0
553,2026-09-18,66080.0
553,2026-09-19,65230.0
553,2026-09-20,65560.0
553,2026-09-21,64710.0
553,2026-09-22,64970.0
554,2026-08-24,53590.0
554,2026-08-25,54460.0
554,2026-08-26,53020.0
554,2026-08-27,54050.0
554,2026-08-28,53410.0
554,2026-08-29,53040.0
554,2026-08-30,53170.0
554,2026-08-31,53260.0
554,2026-09-01,53380.0
554,2026-09-02,52790.0
554,2026-09-03,52150.0
554,2026-09-04,52400.0
554,2026-09-05,52990.0
554,2026-09-06,52650.0
554,2026-09-07,52320.0
554,2026-09-08,52120.0
554,2026-09-09,51940.0
554,2026-09-10,51990.0
554,2026-09-11,51170.0
554,2026-09-12,50650.0
554,2026-09-13,51090.0
554,2026-09-14,50580.0
554,2026-09-15,50330.0
554,2026-09-16,50330.0
554,2026-09-17,51520.0
554,2026-09-18,50400.0
554,2026-09-19,50350.0
554,2026-09-20,49540.0
554,2026-09-21,49130.0
554,2026-09-22,49420.0
555,2026-08-24,33380.0
555,2026-08-25,32980.0
555,2026-08-26,32930.0
555,2026-08-27,32840.0
555,2026-08-28,32390.0
555,2026-08-29,32760.0
555,2026-08-30,32130.0
555,2026-08-31,32520.0
555,2026-09-01,32150.0
555,2026-09-02,31480.0
555,2026-09-03,31610.0
555,2026-09-04,31230.0
555,2026-09-05,31840.0
555,2026-09-06,31420.0
555,2026-09-07,30760.0
555,2026-09-08,31280.0
555,2026-09-09,30930.0
555,2026-09-10,30570.0
555,2026-09-11,31230.0
555,2026-09-12,30720.0
555,2026-09-13,30500.0
555,2026-09-14,30350.0
555,2026-09-15,29950.0
555,2026-09-16,29880.0
555,2026-09-17,30400.0
555,2026-09-18,29840.0
555,2026-09-19,29840.0
555,2026-09-20,29210.0
555,2026-09-21,29270.0
555,2026-09-22,29620.0
556,2026-08-24,20670.0
556,2026-08-25,20790.0
556,2026-08-26,20640.0
556,2026-08-27,20310.0
556,2026-08-28,20330.0
556,2026-08-29,20130.0
556,2026-08-30,20410.0
556,2026-08-31,20180.0
556,2026-09-01,19940.0
556,2026-09-02,19860.0
556,2026-09-03,19960.0
556,2026-09-04,19740.0
556,2026-09-05,19810.0
556,2026-09-06,19140.0
556,2026-09-07,19460.0
556,2026-09-08,19230.0
556,2026-09-09,19490.0
556,2026-09-10,19370.0
556,2026-09-11,19050.0
556,2026-09-12,19200.0
556,2026-09-13,19150.0
556,2026-09-14,18800.0
556,2026-09-15,19080.0
556,2026-09-16,18610.0
556,2026-09-17,18490.0
556,2026-09-18,18570.0
556,2026-09-19,18300.0
556,2026-09-20,18280.0
556,2026-09-21,18400.0
556,2026-09-22,18090.0
557,2026-08-24,27190.0
557,2026-08-25,27550.0
557,2026-08-26,27240.0
557,2026-08-27,27490.0
557,2026-08-28,27380.0
557,2026-08-29,27460.0
557,2026-08-30,27270.0
557,2026-08-31,27230.0
557,2026-09-01,26780.0
557,2026-09-02,27010.0
557,2026-09-03,27180.0
557,2026-09-04,26540.0
557,2026-09-05,26980.0
557,2026-09-06,26410.0
557,2026-09-07,26270.0
557,2026-09-08,26430.0
557,2026-09-09,26440.0
557,2026-09-10,26400.0
557,2026-09-11,25930.0
557,2026-09-12,26140.0
557,2026-09-13,25830.0
557,2026-09-14,25580.0
557,2026-09-15,25620.0
557,2026-09-16,25580.0
557,2026-09-17,25770.0
557,2026-09-18,25820.0
557,2026-09-19,25190.0
557,2026-09-20,25500.0
557,2026-09-21,25090.0
557,2026-09-22,25400.0
558,2026-08-24,43460.0
558,2026-08-25,43200.0
558,2026-08-26,43700.0
558,2026-08-27,43120.0
558,2026-08-28,43090.0
558,2026-08-29,42330.0
558,2026-08-30,43280.0
558,2026-08-31,43120.0
558,2026-09-01,42730.0
558,2026-09-02,42090.0
558,2026-09-03,42900.0
558,2026-09-04,42150.0
558,2026-09-05,42100.0
558,2026-09-06,42920.0
558,2026-09-07,41780.0
558,2026-09-08,42150.0
558,2026-09-09,41970.0
558,2026-09-10,41790.0
558,2026-09-11,41640.0
558,2026-09-12,41550.0
558,2026-09-13,41400.0
558,2026-09-14,41170.0
558,2026-09-15,41580.0
558,2026-09-16,40510.0
558,2026-09-17,41180.0
558,2026-09-18,41000.0
558,2026-09-19,40840.0
558,2026-09-20,40860.0
558,2026-09-21,40330.0
558,2026-09-22,39620.0
559,2026-08-24,54300.0
559,2026-08-25,53700.0
559,2026-08-26,53590.0
559,2026-08-27,53160.0
559,2026-08-28,53250.0
559,2026-08-29,52980.0
559,2026-08-30,52030.0
559,2026-08-31,53070.0
559,2026-09-01,53470.0
559,2026-09-02,52590.0
559,2026-09-03,52040.0
559,2026-09-04,51870.0
559,2026-09-05,51500.0
559,2026-09-06,51490.0
559,2026-09-07,51220.0
559,2026-09-08,50670.0
559,2026-09-09,51480.0
559,2026-09-10,49960.0
559,2026-09-11,50650.0
559,2026-09-12,50090.0
559,2026-09-13,50690.0
559,2026-09-14,49830.0
559,2026-09-15,49320.0
559,2026-09-16,49140.0
559,2026-09-17,49040.0
559,2026-09-18,48340.0
559,2026-09-19,48270.0
559,2026-09-20,47630.0
559,2026-09-21,47760.0
559,2026-09-22,47960.0
560,2026-08-24,9860.0
560,2026-08-25,9660.0
560,2026-08-26,9770.0
560,2026-08-27,9790.0
560,2026-08-28,9710.0
560,2026-08-29,9640.0
560,2026-08-30,9630.0
560,2026-08-31,9590.0
560,2026-09-01,9550.0
560,2026-09-02,9580.0
560,2026-09-03,9710.0
560,2026-09-04,9450.0
560,2026-09-05,9450.0
560,2026-09-06,9440.0
560,2026-09-07,9370.0
560,2026-09-08,9470.0
560,2026-09-09,9180.0
560,2026-09-10,9290.0
560,2026-09-11,9360.0
560,2026-09-12,9240.0
560,2026-09-13,9170.0
560,2026-09-14,9240.0
560,2026-09-15,9240.0
560,2026-09-16,9160.0
560,2026-09-17,9050.0
560,2026-09-18,9120.0
560,2026-09-19,9020.0
560,2026-09-20,9080.0
560,2026-09-21,9110.0
560,2026-09-22,8770.0
561,2026-08-24,41410.0
561,2026-08-25,40690.0
561,2026-08-26,41850.0
561,2026-08-27,40800.0
561,2026-08-28,41030.0
561,2026-08-29,40650.0
561,2026-08-30,40260.0
561,2026-08-31,40080.0
561,2026-09-01,40720.0
561,2026-09-02,40380.0
561,2026-09-03,40540.0
561,2026-09-04,39810.0
561,2026-09-05,39740.0
561,2026-09-06,39420.0
561,2026-09-07,39270.0
561,2026-09-08,38890.0
561,2026-09-09,39100.0
561,2026-09-10,38690.0
561,2026-09-11,38930.0
561,2026-09-12,38700.0
561,2026-09-13,38590.0
561,2026-09-14,38880.0
561,2026-09-15,38200.0
561,2026-09-16,38300.0
561,2026-09-17,38560.0
561,2026-09-18,38190.0
561,2026-09-19,38000.0
561,2026-09-20,37400.0
561,2026-09-21,37420.0
561,2026-09-22,36790.0
562,2026-08-24,50360.0
562,2026-08-25,50130.0
562,2026-08-26,49900.0
562,2026-08-27,50140.0
562,2026-08-28,49140.0
562,2026-08-29,50090.0
562,2026-08-30,49670.0
562,2026-08-31,49160.0
562,2026-09-01,48980.0
562,2026-09-02,49090.0
562,2026-09-03,49350.0
562,2026-09-04,48660.0
562,2026-09-05,48530.0
562,2026-09-06,48340.0
562,2026-09-07,48880.0
562,2026-09-08,47910.0
562,2026-09-09,47900.0
562,2026-09-10,48340.0
562,2026-09-11,47690.0
562,2026-09-12,47930.0
562,2026-09-13,47000.0
562,2026-09-14,47130.0
562,2026-09-15,47640.0
562,2026-09-16,46660.0
562,2026-09-17,46720.0
562,2026-09-18,46740.0
562,2026-09-19,46120.0
562,2026-09-20,46200.0
562,2026-09-21,46260.0
562,2026-09-22,46100.0
563,2026-08-24,52430.0
563,2026-08-25,52350.0
563,2026-08-26,51220.0
563,2026-08-27,51420.0
563,2026-08-28,51450.0
563,2026-08-29,51590.0
563,2026-08-30,51090.0
563,2026-08-31,50740.0
563,2026-09-01,50700.0
563,2026-09-02,50520.0
563,2026-09-03,49700.0
563,2026-09-04,49960.0
563,2026-09-05,50260.0
563,2026-09-06,49430.0
563,2026-09-07,49370.0
563,2026-09-08,49040.0
563,2026-09-09,48040.0
563,2026-09-10,48770.0
563,2026-09-11,48690.0
563,2026-09-12,48190.0
563,2026-09-13,47750.0
563,2026-09-14,47670.0
563,2026-09-15,48130.0
563,2026-09-16,48410.0
563,2026-09-17,47990.0
563,2026-09-18,46740.0
563,2026-09-19,47410.0
563,2026-09-20,46640.0
563,2026-09-21,46480.0
563,2026-09-22,46340.0
564,2026-08-24,92340.0
564,2026-08-25,92260.0
564,2026-08-26,91240.0
564,2026-08-27,90990.0
564,2026-08-28,91110.0
564,2026-08-29,90920.0
564,2026-08-30,91090.0
564,2026-08-31,89080.0
564,2026-09-01,89740.0
564,2026-09-02,88710.0
564,2026-09-03,89160.0
564,2026-09-04,88770.0
564,2026-09-05,88640.0
564,2026-09-06,87840.0
564,2026-09-07,87090.0
564,2026-09-08,86390.0
564,2026-09-09,87520.0
564,2026-09-10,87040.0
564,2026-09-11,86610.0
564,2026-09-12,87760.0
564,2026-09-13,85950.0
564,2026-09-14,87300.0
564,2026-09-15,87180.0
564,2026-09-16,84380.0
564,2026-09-17,85560.0
564,2026-09-18,84950.0
564,2026-09-19,82910.0
564,2026-09-20,83680.0
564,2026-09-21,84990.0
564,2026-09-22,85610.0
565,2026-08-24,29150.0
565,2026-08-25,28940.0
565,2026-08-26,28780.0
565,2026-08-27,29080.0
565,2026-08-28,29100.0
565,2026-08-29,28410.0
565,2026-08-30,28010.0
565,2026-08-31,27910.0
565,2026-09-01,28600.0
565,2026-09-02,28210.0
565,2026-09-03,28180.0
565,2026-09-04,27650.0
565,2026-09-05,27810.0
565,2026-09-06,27830.0
565,2026-09-07,27860.0
565,2026-09-08,27640.0
565,2026-09-09,27420.0
565,2026-09-10,27400.0
565,2026-09-11,27760.0
565,2026-09-12,27460.0
565,2026-09-13,27470.0
565,2026-09-14,27050.0
565,2026-09-15,26500.0
565,2026-09-16,26970.0
565,2026-09-17,26810.0
565,2026-09-18,27000.0
565,2026-09-19,27580.0
565,2026-09-20,26920.0
565,2026-09-21,27300.0
565,2026-09-22,26730.0
566,2026-08-24,65340.0
566,2026-08-25,65600.0
566,2026-08-26,66090.0
566,2026-08-27,65890.0
566,2026-08-28,64450.0
566,2026-08-29,64640.0
566,2026-08-30,63570.0
566,2026-08-31,64460.0
566,2026-09-01,64600.0
566,2026-09-02,63610.0
566,2026-09-03,63030.0
566,2026-09-04,63310.0
566,2026-09-05,63110.0
566,2026-09-06,62720.0
566,2026-09-07,62530.0
566,2026-09-08,62130.0
566,2026-09-09,62480.0
566,2026-09-10,62120.0
566,2026-09-11,61040.0
566,2026-09-12,60790.0
566,2026-09-13,60940.0
566,2026-09-14,61210.0
566,2026-09-15,60680.0
566,2026-09-16,60060.0
566,2026-09-17,60280.0
566,2026-09-18,59750.0
566,2026-09-19,60130.0
566,2026-09-20,59630.0
566,2026-09-21,59070.0
566,2026-09-22,59120.0
567,2026-08-24,43500.0
567,2026-08-25,42710.0
567,2026-08-26,42840.0
567,2026-08-27,42510.0
567,2026-08-28,42490.0
567,2026-08-29,41960.0
567,2026-08-30,42020.0
567,2026-08-31,42160.0
567,2026-09-01,41320.0
567,2026-09-02,41010.0
567,2026-09-03,40840.0
567,2026-09-04,40700.0
567,2026-09-05,41090.0
567,2026-09-06,40260.0
567,2026-09-07,40430.0
567,2026-09-08,40550.0
567,2026-09-09,40300.0
567,2026-09-10,39860.0
567,2026-09-11,39860.0
567,2026-09-12,39650.0
567,2026-09-13,39360.0
567,2026-09-14,39190.0
567,2026-09-15,39790.0
567,2026-09-16,39150.0
567,2026-09-17,39510.0
567,2026-09-18,38360.0
567,2026-09-19,38320.0
567,2026-09-20,37730.0
567,2026-09-21,37720.0
567,2026-09-22,38410.0
568,2026-08-24,59040.0
568,2026-08-25,59850.0
568,2026-08-26,58170.0
568,2026-08-27,57980.0
568,2026-08-28,58010.0
568,2026-08-29,57860.0
568,2026-08-30,58020.0
568,2026-08-31,57530.0
568,2026-09-01,56870.0
568,2026-09-02,56720.0
568,2026-09-03,56360.0
568,2026-09-04,55820.0
568,2026-09-05,55550.0
568,2026-09-06,56120.0
568,2026-09-07,54580.0
568,2026-09-08,55830.0
568,2026-09-09,54680.0
568,2026-09-10,54210.0
568,2026-09-11,54610.0
568,2026-09-12,54660.0
568,2026-09-13,54220.0
568,2026-09-14,53670.0
568,2026-09-15,53650.0
568,2026-09-16,52130.0
568,2026-09-17,52380.0
568,2026-09-18,51930.0
568,2026-09-19,52600.0
568,2026-09-20,51610.0
568,2026-09-21,51880.0
568,2026-09-22,51460.0
569,2026-08-24,84770.0
569,2026-08-25,84580.0
569,2026-08-26,85410.0
569,2026-08-27,83720.0
569,2026-08-28,83930.0
569,2026-08-29,82980.0
569,2026-08-30,82910.0
569,2026-08-31,82720.0
569,2026-09-01,81880.0
569,2026-09-02,81400.0
569,2026-09-03,81820.0
569,2026-09-04,80730.0
569,2026-09-05,80390.0
569,2026-09-06,79940.0
569,2026-09-07,80120.0
569,2026-09-08,80400.0
569,2026-09-09,80400.0
569,2026-09-10,78600.0
569,2026-09-11,80070.0
569,2026-09-12,77690.0
569,2026-09-13,78650.0
569,2026-09-14,77130.0
569,2026-09-15,76670.0
569,2026-09-16,76380.0
569,2026-09-17,76460.0
569,2026-09-18,76490.0
569,2026-09-19,76180.0
569,2026-09-20,74790.0
569,2026-09-21,74390.0
569,2026-09-22,74070.0
570,2026-08-24,30700.0
570,2026-08-25,30560.0
570,2026-08-26,30270.0
570,2026-08-27,30440.0
570,2026-08-28,30790.0
570,2026-08-29,30020.0
570,2026-08-30,29920.0
570,2026-08-31,30040.0
570,2026-09-01,29660.0
570,2026-09-02,29830.0
570,2026-09-03,29380.0
570,2026-09-04,29870.0
570,2026-09-05,29400.0
570,2026-09-06,29060.0
570,2026-09-07,28950.0
570,2026-09-08,28850.0
570,2026-09-09,29180.0
570,2026-09-10,28430.0
570,2026-09-11,28460.0
570,2026-09-12,28370.0
570,2026-09-13,28380.0
570,2026-09-14,28200.0
570,2026-09-15,27800.0
570,2026-09-16,27940.0
570,2026-09-17,27890.0
570,2026-09-18,27650.0
570,2026-09-19,27840.0
570,2026-09-20,27780.0
570,2026-09-21,27430.0
570,2026-09-22,27380.0
571,2026-08-24,35610.0
571,2026-08-25,35990.0
571,2026-08-26,36270.0
571,2026-08-27,35760.0
571,2026-08-28,35560.0
571,2026-08-29,36290.0
571,2026-08-30,36050.0
571,2026-08-31,35560.0
571,2026-09-01,35640.0
571,2026-09-02,34590.0
571,2026-09-03,34870.0
571,2026-09-04,34850.0
571,2026-09-05,34800.0
571,2026-09-06,34620.0
571,2026-09-07,33930.0
571,2026-09-08,34640.0
571,2026-09-09,34570.0
571,2026-09-10,34760.0
571,2026-09-11,33980.0
571,2026-09-12,33840.0
571,2026-09-13,33220.0
571,2026-09-14,33780.0
571,2026-09-15,34000.0
571,2026-09-16,33460.0
571,2026-09-17,34120.0
571,2026-09-18,33340.0
571,2026-09-19,33340.0
571,2026-09-20,32810.0
571,2026-09-21,33150.0
571,2026-09-22,32410.0
572,2026-08-24,16350.0
572,2026-08-25,16290.0
572,2026-08-26,16310.0
572,2026-08-27,15960.0
572,2026-08-28,16050.0
572,2026-08-29,16040.0
572,2026-08-30,15970.0
572,2026-08-31,15750.0
572,2026-09-01,15510.0
572,2026-09-02,15780.0
572,2026-09-03,15660.0
572,2026-09-04,15560.0
572,2026-09-05,15660.0
572,2026-09-06,15500.0
572,2026-09-07,15290.0
572,2026-09-08,15160.0
572,2026-09-09,15200.0
572,2026-09-10,15570.0
572,2026-09-11,15310.0
572,2026-09-12,15180.0
572,2026-09-13,15080.0
572,2026-09-14,15010.0
572,2026-09-15,15130.0
572,2026-09-16,14870.0
572,2026-09-17,14940.0
572,2026-09-18,14770.0
572,2026-09-19,14990.0
572,2026-09-20,14790.0
572,2026-09-21,14790.0
572,2026-09-22,14510.0
573,2026-08-24,70580.0
573,2026-08-25,69670.0
573,2026-08-26,69720.0
573,2026-08-27,70380.0
573,2026-08-28,68750.0
573,2026-08-29,69260.0
573,2026-08-30,69220.0
573,2026-08-31,69090.0
573,2026-09-01,68390.0
573,2026-09-02,69600.0
573,2026-09-03,67590.0
573,2026-09-04,68910.0
573,2026-09-05,68610.0
573,2026-09-06,68810.0
573,2026-09-07,66740.0
573,2026-09-08,66960.0
573,2026-09-09,68070.0
573,2026-09-10,66070.0
573,2026-09-11,66050.0
573,2026-09-12,66480.0
573,2026-09-13,66680.0
573,2026-09-14,67270.0
573,2026-09-15,66130.0
573,2026-09-16,65730.0
573,2026-09-17,66060.0
573,2026-09-18,65980.0
573,2026-09-19,65790.0
573,2026-09-20,65280.0
573,2026-09-21,64140.0
573,2026-09-22,64540.0
574,2026-08-24,51130.0
574,2026-08-25,50450.0
574,2026-08-26,50040.0
574,2026-08-27,50400.0
574,2026-08-28,49320.0
574,2026-08-29,49470.0
574,2026-08-30,49400.0
574,2026-08-31,48970.0
574,2026-09-01,48980.0
574,2026-09-02,48660.0
574,2026-09-03,47990.0
574,2026-09-04,48390.0
574,2026-09-05,47610.0
574,2026-09-06,47980.0
574,2026-09-07,48240.0
574,2026-09-08,47400.0
574,2026-09-09,46850.0
574,2026-09-10,47050.0
574,2026-09-11,46570.0
574,2026-09-12,46920.0
574,2026-09-13,46420.0
574,2026-09-14,46940.0
574,2026-09-15,46520.0
574,2026-09-16,45810.0
574,2026-09-17,45940.0
574,2026-09-18,45300.0
574,2026-09-19,45260.0
574,2026-09-20,44910.0
574,2026-09-21,45140.0
574,2026-09-22,45190.0
575,2026-08-24,38880.0
575,2026-08-25,38750.0
575,2026-08-26,38580.0
575,2026-08-27,38310.0
575,2026-08-28,37640.0
575,2026-08-29,38310.0
575,2026-08-30,38170.0
575,2026-08-31,37410.0
575,2026-09-01,37200.0
575,2026-09-02,37320.0
575,2026-09-03,37130.0
575,2026-09-04,36750.0
575,2026-09-05,36270.0
575,2026-09-06,36560.0
575,2026-09-07,36460.0
575,2026-09-08,36350.0
575,2026-09-09,36070.0
575,2026-09-10,35720.0
575,2026-09-11,35920.0
575,2026-09-12,35480.0
575,2026-09-13,35160.0
575,2026-09-14,35080.0
575,2026-09-15,34450.0
575,2026-09-16,34740.0
575,2026-09-17,34830.0
575,2026-09-18,34560.0
575,2026-09-19,34740.0
575,2026-09-20,34050.0
575,2026-09-21,34100.0
575,2026-09-22,34020.0
576,2026-08-24,17610.0
576,2026-08-25,17250.0
576,2026-08-26,17020.0
576,2026-08-27,17190.0
576,2026-08-28,17250.0
576,2026-08-29,16890.0
576,2026-08-30,16970.0
576,2026-08-31,16940.0
576,2026-09-01,16840.0
576,2026-09-02,16650.0
576,2026-09-03,16470.0
576,2026-09-04,16470.0
576,2026-09-05,16470.0
576,2026-09-06,16450.0
576,2026-09-07,16300.0
576,2026-09-08,16130.0
576,2026-09-09,16180.0
576,2026-09-10,16150.0
576,2026-09-11,16010.0
576,2026-09-12,15770.0
576,2026-09-13,15790.0
576,2026-09-14,15860.0
576,2026-09-15,15480.0
576,2026-09-16,15310.0
576,2026-09-17,15710.0
576,2026-09-18,15500.0
576,2026-09-19,15440.0
576,2026-09-20,15140.0
576,2026-09-21,15310.0
576,2026-09-22,15170.0
577,2026-08-24,47740.0
577,2026-08-25,48620.0
577,2026-08-26,47940.0
577,2026-08-27,47520.0
577,2026-08-28,47310.0
577,2026-08-29,46500.0
577,2026-08-30,47230.0
577,2026-08-31,46900.0
577,2026-09-01,46520.0
577,2026-09-02,46840.0
577,2026-09-03,45650.0
577,2026-09-04,45720.0
577,2026-09-05,45410.0
577,2026-09-06,45400.0
577,2026-09-07,45310.0
577,2026-09-08,45230.0
577,2026-09-09,44730.0
577,2026-09-10,44320.0
577,2026-09-11,45040.0
577,2026-09-12,45090.0
577,2026-09-13,44050.0
577,2026-09-14,43500.0
577,2026-09-15,44100.0
577,2026-09-16,42820.0
577,2026-09-17,43010.0
577,2026-09-18,42660.0
577,2026-09-19,42280.0
577,2026-09-20,42380.0
577,2026-09-21,41950.0
577,2026-09-22,42060.0
578,2026-08-24,66040.0
578,2026-08-25,65450.0
578,2026-08-26,65320.0
578,2026-08-27,65130.0
578,2026-08-28,65390.0
578,2026-08-29,64650.0
578,2026-08-30,64880.0
578,2026-08-31,64500.0
578,2026-09-01,64240.0
578,2026-09-02,64390.0
578,2026-09-03,62860.0
578,2026-09-04,62930.0
578,2026-09-05,63800.0
578,2026-09-06,62520.0
578,2026-09-07,60970.0
578,2026-09-08,62030.0
578,2026-09-09,61940.0
578,2026-09-10,60290.0
578,2026-09-11,62030.0
578,2026-09-12,60730.0
578,2026-09-13,61000.0
578,2026-09-14,60460.0
578,2026-09-15,59660.0
578,2026-09-16,59520.0
578,2026-09-17,59320.0
578,2026-09-18,60080.0
578,2026-09-19,59200.0
578,2026-09-20,58750.0
578,2026-09-21,58290.0
578,2026-09-22,59100.0
579,2026-08-24,61030.0
579,2026-08-25,60650.0
579,2026-08-26,60080.0
579,2026-08-27,59740.0
579,2026-08-28,58800.0
579,2026-08-29,58990.0
579,2026-08-30,58540.0
579,2026-08-31,57760.0
579,2026-09-01,58830.0
579,2026-09-02,57780.0
579,2026-09-03,58390.0
579,2026-09-04,58000.0
579,2026-09-05,57600.0
579,2026-09-06,57370.0
579,2026-09-07,56560.0
579,2026-09-08,57440.0
579,2026-09-09,56360.0
579,2026-09-10,56220.0
579,2026-09-11,55540.0
579,2026-09-12,55160.0
579,2026-09-13,55550.0
579,2026-09-14,55180.0
579,2026-09-15,54470.0
579,2026-09-16,53920.0
579,2026-09-17,53750.0
579,2026-09-18,54620.0
579,2026-09-19,53550.0
579,2026-09-20,53420.0
579,2026-09-21,53990.0
579,2026-09-22,52560.0
580,2026-08-24,26610.0
580,2026-08-25,26500.0
580,2026-08-26,26880.0
580,2026-08-27,26860.0
580,2026-08-28,26500.0
580,2026-08-29,26410.0
580,2026-08-30,26030.0
580,2026-08-31,26440.0
580,2026-09-01,26000.0
580,2026-09-02,26020.0
580,2026-09-03,25720.0
580,2026-09-04,25590.0
580,2026-09-05,25880.0
580,2026-09-06,25550.0
580,2026-09-07,25630.0
580,2026-09-08,25290.0
580,2026-09-09,24960.0
580,2026-09-10,24910.0
580,2026-09-11,24950.0
580,2026-09-12,24700.0
580,2026-09-13,24500.0
580,2026-09-14,24870.0
580,2026-09-15,24420.0
580,2026-09-16,24450.0
580,2026-09-17,24380.0
580,2026-09-18,24100.0
580,2026-09-19,24420.0
580,2026-09-20,23790.0
580,2026-09-21,23970.0
580,2026-09-22,23870.0
581,2026-08-24,62240.0
581,2026-08-25,61400.0
581,2026-08-26,62180.0
581,2026-08-27,61870.0
581,2026-08-28,60950.0
581,2026-08-29,61360.0
581,2026-08-30,60960.0
581,2026-08-31,59920.0
581,2026-09-01,59880.0
581,2026-09-02,60580.0
581,2026-09-03,59930.0
581,2026-09-04,59270.0
581,2026-09-05,58880.0
581,2026-09-06,58800.0
581,2026-09-07,58580.0
581,2026-09-08,58150.0
581,2026-09-09,57470.0
581,2026-09-10,58600.0
581,2026-09-11,58270.0
581,2026-09-12,56950.0
581,2026-09-13,57380.0
581,2026-09-14,56630.0
581,2026-09-15,56690.0
581,2026-09-16,56400.0
581,2026-09-17,56120.0
581,2026-09-18,57030.0
581,2026-09-19,55620.0
581,2026-09-20,55190.0
581,2026-09-21,54970.0
581,2026-09-22,55580.0
582,2026-08-24,11510.0
582,2026-08-25,11530.0
582,2026-08-26,11680.0
582,2026-08-27,11520.0
582,2026-08-28,11470.0
582,2026-08-29,11590.0
582,2026-08-30,11380.0
582,2026-08-31,11240.0
582,2026-09-01,11230.0
582,2026-09-02,11110.0
582,2026-09-03,11270.0
582,2026-09-04,11160.0
582,2026-09-05,11160.0
582,2026-09-06,11120.0
582,2026-09-07,10920.0
582,2026-09-08,10830.0
582,2026-09-09,10860.0
582,2026-09-10,10730.0
582,2026-09-11,10780.0
582,2026-09-12,10810.0
582,2026-09-13,10650.0
582,2026-09-14,10630.0
582,2026-09-15,10550.0
582,2026-09-16,10580.0
582,2026-09-17,10410.0
582,2026-09-18,10220.0
582,2026-09-19,10410.0
582,2026-09-20,10400.0
582,2026-09-21,10310.0
582,2026-09-22,10160.0
583,2026-08-24,81950.0
583,2026-08-25,82650.0
583,2026-08-26,82100.0
583,2026-08-27,81600.0
583,2026-08-28,82510.0
583,2026-08-29,80420.0
583,2026-08-30,81820.0
583,2026-08-31,80380.0
583,2026-09-01,78860.0
583,2026-09-02,79590.0
583,2026-09-03,79980.0
583,2026-09-04,78810.0
583,2026-09-05,77770.0
583,2026-09-06,78280.0
583,2026-09-07,77510.0
583,2026-09-08,78030.0
583,2026-09-09,77880.0
583,2026-09-10,76390.0
583,2026-09-11,76280.0
583,2026-09-12,76880.0
583,2026-09-13,75530.0
583,2026-09-14,75050.0
583,2026-09-15,74660.0
583,2026-09-16,75300.0
583,2026-09-17,74950.0
583,2026-09-18,73990.0
583,2026-09-19,74090.0
583,2026-09-20,74730.0
583,2026-09-21,72810.0
583,2026-09-22,71860.0
584,2026-08-24,42560.0
584,2026-08-25,42220.0
584,2026-08-26,41870.0
584,2026-08-27,42150.0
584,2026-08-28,42060.0
584,2026-08-29,40920.0
584,2026-08-30,41260.0
584,2026-08-31,42070.0
584,2026-09-01,41350.0
584,2026-09-02,41230.0
584,2026-09-03,41230.0
584,2026-09-04,40700.0
584,2026-09-05,40800.0
584,2026-09-06,40610.0
584,2026-09-07,40400.0
584,2026-09-08,39970.0
584,2026-09-09,39970.0
584,2026-09-10,39570.0
584,2026-09-11,39610.0
584,2026-09-12,39070.0
584,2026-09-13,39030.0
584,2026-09-14,39040.0
584,2026-09-15,38670.0
584,2026-09-16,38660.0
584,2026-09-17,38610.0
584,2026-09-18,38640.0
584,2026-09-19,38660.0
584,2026-09-20,38050.0
584,2026-09-21,38470.0
584,2026-09-22,38190.0
585,2026-08-24,34180.0
585,2026-08-25,33960.0
585,2026-08-26,33870.0
585,2026-08-27,33970.0
585,2026-08-28,33850.0
585,2026-08-29,33750.0
585,2026-08-30,33280.0
585,2026-08-31,33290.0
585,2026-09-01,33370.0
585,2026-09-02,32720.0
585,2026-09-03,32670.0
585,2026-09-04,32630.0
585,2026-09-05,32730.0
585,2026-09-06,32610.0
585,2026-09-07,32180.0
585,2026-09-08,31710.0
585,2026-09-09,32040.0
585,2026-09-10,31610.0
585,2026-09-11,31330.0
585,2026-09-12,31260.0
585,2026-09-13,31550.0
585,2026-09-14,31690.0
585,2026-09-15,31210.0
585,2026-09-16,31130.0
585,2026-09-17,31250.0
585,2026-09-18,30410.0
585,2026-09-19,30820.0
585,2026-09-20,30550.0
585,2026-09-21,30570.0
585,2026-09-22,30170.0
586,2026-08-24,93210.0
586,2026-08-25,93520.0
586,2026-08-26,94220.0
586,2026-08-27,93290.0
586,2026-08-28,91960.0
586,2026-08-29,91000.0
586,2026-08-30,90390.0
586,2026-08-31,92140.0
586,2026-09-01,90160.0
586,2026-09-02,90240.0
586,2026-09-03,91040.0
586,2026-09-04,88590.0
586,2026-09-05,90430.0
586,2026-09-06,88820.0
586,2026-09-07,87820.0
586,2026-09-08,88090.0
586,2026-09-09,87380.0
586,2026-09-10,87840.0
586,2026-09-11,86700.0
586,2026-09-12,85430.0
586,2026-09-13,86260.0
586,2026-09-14,85090.0
586,2026-09-15,85830.0
586,2026-09-16,84470.0
586,2026-09-17,84600.0
586,2026-09-18,84710.0
586,2026-09-19,84060.0
586,2026-09-20,84020.0
586,2026-09-21,83950.0
586,2026-09-22,82280.0
587,2026-08-24,21940.0
587,2026-08-25,21320.0
587,2026-08-26,21850.0
587,2026-08-27,21690.0
587,2026-08-28,21500.0
587,2026-08-29,21640.0
587,2026-08-30,21720.0
587,2026-08-31,21360.0
587,2026-09-01,21210.0
587,2026-09-02,21330.0
587,2026-09-03,21000.0
587,2026-09-04,21040.0
587,2026-09-05,21290.0
587,2026-09-06,21020.0
587,2026-09-07,20620.0
587,2026-09-08,20560.0
587,2026-09-09,20820.0
587,2026-09-10,20860.0
587,2026-09-11,20370.0
587,2026-09-12,20650.0
587,2026-09-13,20730.0
587,2026-09-14,20750.0
587,2026-09-15,20410.0
587,2026-09-16,20370.0
587,2026-09-17,19850.0
587,2026-09-18,20490.0
587,2026-09-19,19970.0
587,2026-09-20,19830.0
587,2026-09-21,19880.0
587,2026-09-22,20100.0
588,2026-08-24,15580.0
588,2026-08-25,15290.0
588,2026-08-26,15330.0
588,2026-08-27,15160.0
588,2026-08-28,14980.0
588,2026-08-29,15210.0
588,2026-08-30,14910.0
588,2026-08-31,15100.0
588,2026-09-01,15010.0
588,2026-09-02,14870.0
588,2026-09-03,14960.0
588,2026-09-04,14940.0
588,2026-09-05,14610.0
588,2026-09-06,14480.0
588,2026-09-07,14300.0
588,2026-09-08,14710.0
588,2026-09-09,14340.0
588,2026-09-10,14470.0
588,2026-09-11,14190.0
588,2026-09-12,14400.0
588,2026-09-13,14080.0
588,2026-09-14,13960.0
588,2026-09-15,14020.0
588,2026-09-16,13920.0
588,2026-09-17,14000.0
588,2026-09-18,13860.0
588,2026-09-19,13880.0
588,2026-09-20,13720.0
588,2026-09-21,13620.0
588,2026-09-22,13570.0
589,2026-08-24,70100.0
589,2026-08-25,68870.0
589,2026-08-26,67450.0
589,2026-08-27,67940.0
589,2026-08-28,67990.0
589,2026-08-29,68640.0
589,2026-08-30,67940.0
589,2026-08-31,66650.0
589,2026-09-01,68130.0
589,2026-09-02,66570.0
589,2026-09-03,66970.0
589,2026-09-04,65440.0
589,2026-09-05,64520.0
589,2026-09-06,64760.0
589,2026-09-07,63530.0
589,2026-09-08,66070.0
589,2026-09-09,64800.0
589,2026-09-10,63930.0
589,2026-09-11,64380.0
589,2026-09-12,63970.0
589,2026-09-13,63930.0
589,2026-09-14,63970.0
589,2026-09-15,62910.0
589,2026-09-16,62330.0
589,2026-09-17,62950.0
589,2026-09-18,62670.0
589,2026-09-19,62030.0
589,2026-09-20,62850.0
589,2026-09-21,61200.0
589,2026-09-22,60690.0
590,2026-08-24,27870.0
590,2026-08-25,27520.0
590,2026-08-26,27650.0
590,2026-08-27,27250.0
590,2026-08-28,27230.0
590,2026-08-29,27590.0
590,2026-08-30,26990.0
590,2026-08-31,26790.0
590,2026-09-01,27090.0
590,2026-09-02,26500.0
590,2026-09-03,26460.0
590,2026-09-04,26610.0
590,2026-09-05,26570.0
590,2026-09-06,26520.0
590,2026-09-07,25980.0
590,2026-09-08,26150.0
590,2026-09-09,25810.0
590,2026-09-10,25660.0
590,2026-09-11,25930.0
590,2026-09-12,25440.0
590,2026-09-13,25500.0
590,2026-09-14,25350.0
590,2026-09-15,24980.0
590,2026-09-16,25290.0
590,2026-09-17,25090.0
590,2026-09-18,24430.0
590,2026-09-19,24790.0
590,2026-09-20,24460.0
590,2026-09-21,24730.0
590,2026-09-22,24080.0
591,2026-08-24,52890.0
591,2026-08-25,52980.0
591,2026-08-26,52660.0
591,2026-08-27,52740.0
591,2026-08-28,51630.0
591,2026-08-29,52690.0
591,2026-08-30,52050.0
591,2026-08-31,52180.0
591,2026-09-01,51790.0
591,2026-09-02,51240.0
591,2026-09-03,50530.0
591,2026-09-04,50620.0
591,2026-09-05,51280.0
591,2026-09-06,51000.0
591,2026-09-07,50000.0
591,2026-09-08,48920.0
591,2026-09-09,49760.0
591,2026-09-10,49530.0
591,2026-09-11,49350.0
591,2026-09-12,49460.0
591,2026-09-13,49400.0
591,2026-09-14,49250.0
591,2026-09-15,48830.0
591,2026-09-16,47740.0
591,2026-09-17,48120.0
591,2026-09-18,48970.0
591,2026-09-19,48010.0
591,2026-09-20,47800.0
591,2026-09-21,47600.0
591,2026-09-22,47430.0
592,2026-08-24,79660.0
592,2026-08-25,80680.0
592,2026-08-26,80530.0
592,2026-08-27,81050.0
592,2026-08-28,80020.0
592,2026-08-29,78710.0
592,2026-08-30,79700.0
592,2026-08-31,78660.0
592,2026-09-01,78130.0
592,2026-09-02,78090.0
592,2026-09-03,78650.0
592,2026-09-04,78810.0
592,2026-09-05,78050.0
592,2026-09-06,77870.0
592,2026-09-07,77490.0
592,2026-09-08,76980.0
592,2026-09-09,77070.0
592,2026-09-10,74890.0
592,2026-09-11,76150.0
592,2026-09-12,75170.0
592,2026-09-13,76240.0
592,2026-09-14,75160.0
592,2026-09-15,74990.0
592,2026-09-16,73770.0
592,2026-09-17,75030.0
592,2026-09-18,74510.0
592,2026-09-19,74190.0
592,2026-09-20,73070.0
592,2026-09-21,72820.0
592,2026-09-22,73150.0
593,2026-08-24,16980.0
593,2026-08-25,17070.0
593,2026-08-26,16680.0
593,2026-08-27,16830.0
593,2026-08-28,17060.0
593,2026-08-29,16830.0
593,2026-08-30,16740.0
593,2026-08-31,16910.0
593,2026-09-01,16300.0
593,2026-09-02,16430.0
593,2026-09-03,16430.0
593,2026-09-04,16530.0
593,2026-09-05,16470.0
593,2026-09-06,16190.0
593,2026-09-07,16370.0
593,2026-09-08,16130.0
593,2026-09-09,16280.0
593,2026-09-10,15930.0
593,2026-09-11,15990.0
593,2026-09-12,15880.0
593,2026-09-13,16020.0
593,2026-09-14,15760.0
593,2026-09-15,15760.0
593,2026-09-16,15770.0
593,2026-09-17,15720.0
593,2026-09-18,15700.0
593,2026-09-19,15550.0
593,2026-09-20,15410.0
593,2026-09-21,15360.0
593,2026-09-22,15350.0
594,2026-08-24,85320.0
594,2026-08-25,84800.0
594,2026-08-26,84640.0
594,2026-08-27,83380.0
594,2026-08-28,84530.0
594,2026-08-29,83940.0
594,2026-08-30,84210.0
594,2026-08-31,83300.0
594,2026-09-01,81900.0
594,2026-09-02,82530.0
594,2026-09-03,82370.0
594,2026-09-04,82710.0
594,2026-09-05,80630.0
594,2026-09-06,81730.0
594,2026-09-07,81770.0
594,2026-09-08,80740.0
594,2026-09-09,80950.0
594,2026-09-10,80230.0
594,2026-09-11,79900.0
594,2026-09-12,79840.0
594,2026-09-13,79380.0
594,2026-09-14,80020.0
594,2026-09-15,78830.0
594,2026-09-16,78460.0
594,2026-09-17,79920.0
594,2026-09-18,79130.0
594,2026-09-19,77040.0
594,2026-09-20,77480.0
594,2026-09-21,77870.0
594,2026-09-22,77660.0
595,2026-08-24,59200.0
595,2026-08-25,60270.0
595,2026-08-26,59950.0
595,2026-08-27,59630.0
595,2026-08-28,59870.0
595,2026-08-29,59290.0
595,2026-08-30,59120.0
595,2026-08-31,59480.0
595,2026-09-01,59100.0
595,2026-09-02,58040.0
595,2026-09-03,58560.0
595,2026-09-04,57790.0
595,2026-09-05,58170.0
595,2026-09-06,58000.0
595,2026-09-07,56970.0
595,2026-09-08,57390.0
595,2026-09-09,57410.0
595,2026-09-10,56920.0
595,2026-09-11,57100.0
595,2026-09-12,57170.0
595,2026-09-13,56620.0
595,2026-09-14,56570.0
595,2026-09-15,56950.0
595,2026-09-16,56360.0
595,2026-09-17,56070.0
595,2026-09-18,55370.0
595,2026-09-19,55970.0
595,2026-09-20,55640.0
595,2026-09-21,55920.0
595,2026-09-22,55190.0
596,2026-08-24,28050.0
596,2026-08-25,28010.0
596,2026-08-26,28480.0
596,2026-08-27,28120.0
596,2026-08-28,28270.0
596,2026-08-29,28130.0
596,2026-08-30,28000.0
596,2026-08-31,27940.0
596,2026-09-01,27700.0
596,2026-09-02,27820.0
596,2026-09-03,27630.0
596,2026-09-04,27600.0
596,2026-09-05,27540.0
596,2026-09-06,27490.0
596,2026-09-07,27680.0
596,2026-09-08,27380.0
596,2026-09-09,27560.0
596,2026-09-10,27600.0
596,2026-09-11,27380.0
596,2026-09-12,27240.0
596,2026-09-13,27130.0
596,2026-09-14,27180.0
596,2026-09-15,26940.0
596,2026-09-16,27060.0
596,2026-09-17,26910.0
596,2026-09-18,26630.0
596,2026-09-19,26830.0
596,2026-09-20,26590.0
596,2026-09-21,26470.0
596,2026-09-22,26320.0
597,2026-08-24,74190.0
597,2026-08-25,74350.0
597,2026-08-26,73980.0
597,2026-08-27,73380.0
597,2026-08-28,73210.0
597,2026-08-29,73280.0
597,2026-08-30,72180.0
597,2026-08-31,71330.0
597,2026-09-01,72380.0
597,2026-09-02,71050.0
597,2026-09-03,70650.0
597,2026-09-04,69720.0
597,2026-09-05,70750.0
597,2026-09-06,69210.0
597,2026-09-07,69390.0
597,2026-09-08,69840.0
597,2026-09-09,69610.0
597,2026-09-10,68530.0
597,2026-09-11,68520.0
597,2026-09-12,67800.0
597,2026-09-13,67670.0
597,2026-09-14,67820.0
597,2026-09-15,67090.0
597,2026-09-16,66930.0
597,2026-09-17,65940.0
597,2026-09-18,67090.0
597,2026-09-19,66430.0
597,2026-09-20,66280.0
597,2026-09-21,66260.0
597,2026-09-22,64770.0
598,2026-08-24,28670.0
598,2026-08-25,28210.0
598,2026-08-26,29170.0
598,2026-08-27,28330.0
598,2026-08-28,28450.0
598,2026-08-29,27830.0
598,2026-08-30,28180.0
598,2026-08-31,28240.0
598,2026-09-01,27690.0
598,2026-09-02,27360.0
598,2026-09-03,27410.0
598,2026-09-04,26830.0
598,2026-09-05,27170.0
598,2026-09-06,27230.0
598,2026-09-07,26910.0
598,2026-09-08,26730.0
598,2026-09-09,26770.0
598,2026-09-10,26660.0
598,2026-09-11,26040.0
598,2026-09-12,26290.0
598,2026-09-13,26660.0
598,2026-09-14,25720.0
598,2026-09-15,25860.0
598,2026-09-16,26160.0
598,2026-09-17,25850.0
598,2026-09-18,25370.0
598,2026-09-19,25400.0
598,2026-09-20,25220.0
598,2026-09-21,24930.0
598,2026-09-22,24950.0
599,2026-08-24,65470.0
599,2026-08-25,65400.0
599,2026-08-26,64700.0
599,2026-08-27,64170.0
599,2026-08-28,64520.0
599,2026-08-29,65130.0
599,2026-08-30,64040.0
599,2026-08-31,63570.0
599,2026-09-01,63840.0
599,2026-09-02,63110.0
599,2026-09-03,63860.0
599,2026-09-04,62650.0
599,2026-09-05,62740.0
599,2026-09-06,61740.0
599,2026-09-07,62100.0
599,2026-09-08,61720.0
599,2026-09-09,61280.0
599,2026-09-10,60790.0
599,2026-09-11,60450.0
599,2026-09-12,60650.0
599,2026-09-13,60550.0
599,2026-09-14,59900.0
599,2026-09-15,59840.0
599,2026-09-16,59410.0
599,2026-09-17,59210.0
599,2026-09-18,58790.0
599,2026-09-19,58630.0
599,2026-09-20,59700.0
599,2026-09-21,58240.0
599,2026-09-22,58140.0
600,2026-08-24,35940.0
600,2026-08-25,35660.0
600,2026-08-26,35990.0
600,2026-08-27,35460.0
600,2026-08-28,35740.0
600,2026-08-29,35260.0
600,2026-08-30,35000.0
600,2026-08-31,35270.0
600,2026-09-01,34770.0
600,2026-09-02,35130.0
600,2026-09-03,34560.0
600,2026-09-04,34710.0
600,2026-09-05,34310.0
600,2026-09-06,35390.0
600,2026-09-07,34060.0
600,2026-09-08,34430.0
600,2026-09-09,34650.0
600,2026-09-10,34530.0
600,2026-09-11,34380.0
600,2026-09-12,33960.0
600,2026-09-13,34330.0
600,2026-09-14,34120.0
600,2026-09-15,33830.0
600,2026-09-16,33750.0
600,2026-09-17,33500.0
600,2026-09-18,33240.0
600,2026-09-19,33740.0
600,2026-09-20,33670.0
600,2026-09-21,32970.0
600,2026-09-22,33080.0
