product_id,review_text,rating
101,Excellent value for money. Build quality of iQOO Smartphone 10 Ultra 5G is outstanding and performance is smooth.,4.5
101,"Good product, fast delivery. Price could be slightly lower, but battery and display performance are top notch.",4.0
102,Excellent value for money. Build quality of Google Smartphone 1000 Lite Edition is outstanding and performance is smooth.,4.5
102,"Good product, fast delivery. Price could be slightly lower, but battery and display performance are top notch.",4.0
103,Excellent value for money. Build quality of Motorola Smartphone 10 Nord Edition is outstanding and performance is smooth.,4.5
103,"Good product, fast delivery. Price could be slightly lower, but battery and display performance are top notch.",4.0
104,Excellent value for money. Build quality of Google Smartphone 100 Fold 5G is outstanding and performance is smooth.,4.5
104,"Good product, fast delivery. Price could be slightly lower, but battery and display performance are top notch.",4.0
105,Excellent value for money. Build quality of iQOO Smartphone 15 Nord Edition is outstanding and performance is smooth.,4.5
105,"Good product, fast delivery. Price could be slightly lower, but battery and display performance are top notch.",4.0
106,Excellent value for money. Build quality of Apple Smartphone 1000 Lite Edition is outstanding and performance is smooth.,4.5
106,"Good product, fast delivery. Price could be slightly lower, but battery and display performance are top notch.",4.0
107,Excellent value for money. Build quality of Xiaomi Smartphone 15 Lite Edition is outstanding and performance is smooth.,4.5
107,"Good product, fast delivery. Price could be slightly lower, but battery and display performance are top notch.",4.0
108,Excellent value for money. Build quality of Samsung Smartphone 12 Nord Edition is outstanding and performance is smooth.,4.5
108,"Good product, fast delivery. Price could be slightly lower, but battery and display performance are top notch.",4.0
109,Excellent value for money. Build quality of Motorola Smartphone 10 Flip 5G is outstanding and performance is smooth.,4.5
109,"Good product, fast delivery. Price could be slightly lower, but battery and display performance are top notch.",4.0
110,Excellent value for money. Build quality of Vivo Smartphone 100 Ultra 5G is outstanding and performance is smooth.,4.5
110,"Good product, fast delivery. Price could be slightly lower, but battery and display performance are top notch.",4.0
111,Excellent value for money. Build quality of Motorola Smartphone 1000 Fold 5G is outstanding and performance is smooth.,4.5
111,"Good product, fast delivery. Price could be slightly lower, but battery and display performance are top notch.",4.0
112,Excellent value for money. Build quality of iQOO Smartphone 20 Fold 5G is outstanding and performance is smooth.,4.5
112,"Good product, fast delivery. Price could be slightly lower, but battery and display performance are top notch.",4.0
113,Excellent value for money. Build quality of Samsung Smartphone 20 Nord Edition is outstanding and performance is smooth.,4.5
113,"Good product, fast delivery. Price could be slightly lower, but battery and display performance are top notch.",4.0
114,Excellent value for money. Build quality of OnePlus Smartphone 24 Prime 5G is outstanding and performance is smooth.,4.5
114,"Good product, fast delivery. Price could be slightly lower, but battery and display performance are top notch.",4.0
115,Excellent value for money. Build quality of iQOO Smartphone 200 Ultra 5G is outstanding and performance is smooth.,4.5
115,"Good product, fast delivery. Price could be slightly lower, but battery and display performance are top notch.",4.0
116,Excellent value for money. Build quality of OnePlus Smartphone 30 Neo 5G is outstanding and performance is smooth.,4.5
116,"Good product, fast delivery. Price could be slightly lower, but battery and display performance are top notch.",4.0
117,Excellent value for money. Build quality of iQOO Smartphone 10 Prime 5G is outstanding and performance is smooth.,4.5
117,"Good product, fast delivery. Price could be slightly lower, but battery and display performance are top notch.",4.0
118,Excellent value for money. Build quality of Realme Smartphone 20 Nord Edition is outstanding and performance is smooth.,4.5
118,"Good product, fast delivery. Price could be slightly lower, but battery and display performance are top notch.",4.0
119,Excellent value for money. Build quality of Motorola Smartphone 15 Prime 5G is outstanding and performance is smooth.,4.5
119,"Good product, fast delivery. Price could be slightly lower, but battery and display performance are top notch.",4.0
120,Excellent value for money. Build quality of iQOO Smartphone 14 Neo 5G is outstanding and performance is smooth.,4.5
120,"Good product, fast delivery. Price could be slightly lower, but battery and display performance are top notch.",4.0
121,Excellent value for money. Build quality of Google Smartphone 1000 Flip 5G is outstanding and performance is smooth.,4.5
121,"Good product, fast delivery. Price could be slightly lower, but battery and display performance are top notch.",4.0
122,Excellent value for money. Build quality of Realme Smartphone 14 Fold 5G is outstanding and performance is smooth.,4.5
122,"Good product, fast delivery. Price could be slightly lower, but battery and display performance are top notch.",4.0
123,Excellent value for money. Build quality of Samsung Smartphone 12 Pro Max 5G is outstanding and performance is smooth.,4.5
123,"Good product, fast delivery. Price could be slightly lower, but battery and display performance are top notch.",4.0
124,Excellent value for money. Build quality of iQOO Smartphone 200 Nord Edition is outstanding and performance is smooth.,4.5
124,"Good product, fast delivery. Price could be slightly lower, but battery and display performance are top notch.",4.0
125,Excellent value for money. Build quality of Vivo Smartphone 100 Neo 5G is outstanding and performance is smooth.,4.5
125,"Good product, fast delivery. Price could be slightly lower, but battery and display performance are top notch.",4.0
126,Excellent value for money. Build quality of iQOO Smartphone 500 Ultra 5G is outstanding and performance is smooth.,4.5
126,"Good product, fast delivery. Price could be slightly lower, but battery and display performance are top notch.",4.0
127,Excellent value for money. Build quality of iQOO Smartphone 12 Prime 5G is outstanding and performance is smooth.,4.5
127,"Good product, fast delivery. Price could be slightly lower, but battery and display performance are top notch.",4.0
128,Excellent value for money. Build quality of OnePlus Smartphone 10 Neo 5G is outstanding and performance is smooth.,4.5
128,"Good product, fast delivery. Price could be slightly lower, but battery and display performance are top notch.",4.0
129,Excellent value for money. Build quality of Nothing Smartphone 500 Ultra 5G is outstanding and performance is smooth.,4.5
129,"Good product, fast delivery. Price could be slightly lower, but battery and display performance are top notch.",4.0
130,Excellent value for money. Build quality of OnePlus Smartphone 14 Prime 5G is outstanding and performance is smooth.,4.5
130,"Good product, fast delivery. Price could be slightly lower, but battery and display performance are top notch.",4.0
131,Excellent value for money. Build quality of Motorola Smartphone 50 Prime 5G is outstanding and performance is smooth.,4.5
131,"Good product, fast delivery. Price could be slightly lower, but battery and display performance are top notch.",4.0
132,Excellent value for money. Build quality of Realme Smartphone 15 Flip 5G is outstanding and performance is smooth.,4.5
132,"Good product, fast delivery. Price could be slightly lower, but battery and display performance are top notch.",4.0
133,Excellent value for money. Build quality of Motorola Smartphone 12 Ultra 5G is outstanding and performance is smooth.,4.5
133,"Good product, fast delivery. Price could be slightly lower, but battery and display performance are top notch.",4.0
134,Excellent value for money. Build quality of Nothing Smartphone 14 Lite Edition is outstanding and performance is smooth.,4.5
134,"Good product, fast delivery. Price could be slightly lower, but battery and display performance are top notch.",4.0
135,Excellent value for money. Build quality of Xiaomi Smartphone 15 Nord Edition is outstanding and performance is smooth.,4.5
135,"Good product, fast delivery. Price could be slightly lower, but battery and display performance are top notch.",4.0
136,Excellent value for money. Build quality of Xiaomi Smartphone 500 Nord Edition is outstanding and performance is smooth.,4.5
136,"Good product, fast delivery. Price could be slightly lower, but battery and display performance are top notch.",4.0
137,Excellent value for money. Build quality of Nothing Smartphone 12 Neo 5G is outstanding and performance is smooth.,4.5
137,"Good product, fast delivery. Price could be slightly lower, but battery and display performance are top notch.",4.0
138,Excellent value for money. Build quality of Samsung Smartphone 10 Prime 5G is outstanding and performance is smooth.,4.5
138,"Good product, fast delivery. Price could be slightly lower, but battery and display performance are top notch.",4.0
139,Excellent value for money. Build quality of Motorola Smartphone 10 Fold 5G is outstanding and performance is smooth.,4.5
139,"Good product, fast delivery. Price could be slightly lower, but battery and display performance are top notch.",4.0
140,Excellent value for money. Build quality of Google Smartphone 10 Ultra 5G is outstanding and performance is smooth.,4.5
140,"Good product, fast delivery. Price could be slightly lower, but battery and display performance are top notch.",4.0
141,Excellent value for money. Build quality of Nothing Smartphone 20 Fold 5G is outstanding and performance is smooth.,4.5
141,"Good product, fast delivery. Price could be slightly lower, but battery and display performance are top notch.",4.0
142,Excellent value for money. Build quality of Nothing Smartphone 1000 Lite Edition is outstanding and performance is smooth.,4.5
142,"Good product, fast delivery. Price could be slightly lower, but battery and display performance are top notch.",4.0
143,Excellent value for money. Build quality of Google Smartphone 30 Neo 5G is outstanding and performance is smooth.,4.5
143,"Good product, fast delivery. Price could be slightly lower, but battery and display performance are top notch.",4.0
144,Excellent value for money. Build quality of Samsung Smartphone 24 Nord Edition is outstanding and performance is smooth.,4.5
144,"Good product, fast delivery. Price could be slightly lower, but battery and display performance are top notch.",4.0
145,Excellent value for money. Build quality of OPPO Smartphone 500 Pro Max 5G is outstanding and performance is smooth.,4.5
145,"Good product, fast delivery. Price could be slightly lower, but battery and display performance are top notch.",4.0
146,Excellent value for money. Build quality of Vivo Smartphone 12 Prime 5G is outstanding and performance is smooth.,4.5
146,"Good product, fast delivery. Price could be slightly lower, but battery and display performance are top notch.",4.0
147,Excellent value for money. Build quality of Google Smartphone 14 Neo 5G is outstanding and performance is smooth.,4.5
147,"Good product, fast delivery. Price could be slightly lower, but battery and display performance are top notch.",4.0
148,Excellent value for money. Build quality of Xiaomi Smartphone 15 Neo 5G is outstanding and performance is smooth.,4.5
148,"Good product, fast delivery. Price could be slightly lower, but battery and display performance are top notch.",4.0
149,Excellent value for money. Build quality of Nothing Smartphone 10 Ultra 5G is outstanding and performance is smooth.,4.5
149,"Good product, fast delivery. Price could be slightly lower, but battery and display performance are top notch.",4.0
150,Excellent value for money. Build quality of Samsung Smartphone 14 Fold 5G is outstanding and performance is smooth.,4.5
150,"Good product, fast delivery. Price could be slightly lower, but battery and display performance are top notch.",4.0
151,Excellent value for money. Build quality of Samsung Laptop 30 Gaming Laptop RTX 4060 is outstanding and performance is smooth.,4.5
151,"Good product, fast delivery. Price could be slightly lower, but battery and display performance are top notch.",4.0
152,Excellent value for money. Build quality of MSI Laptop 30 Thin & Light Laptop is outstanding and performance is smooth.,4.5
152,"Good product, fast delivery. Price could be slightly lower, but battery and display performance are top notch.",4.0
153,Excellent value for money. Build quality of ASUS Laptop 1000 Studio Edition is outstanding and performance is smooth.,4.5
153,"Good product, fast delivery. Price could be slightly lower, but battery and display performance are top notch.",4.0
154,Excellent value for money. Build quality of HP Laptop 20 Gaming Laptop RTX 4060 is outstanding and performance is smooth.,4.5
154,"Good product, fast delivery. Price could be slightly lower, but battery and display performance are top notch.",4.0
155,Excellent value for money. Build quality of LG Laptop 1000 Thin & Light Laptop is outstanding and performance is smooth.,4.5
155,"Good product, fast delivery. Price could be slightly lower, but battery and display performance are top notch.",4.0
156,Excellent value for money. Build quality of Apple Laptop 50 Creator Laptop 16 is outstanding and performance is smooth.,4.5
156,"Good product, fast delivery. Price could be slightly lower, but battery and display performance are top notch.",4.0
157,Excellent value for money. Build quality of Apple Laptop 12 Creator Laptop 16 is outstanding and performance is smooth.,4.5
157,"Good product, fast delivery. Price could be slightly lower, but battery and display performance are top notch.",4.0
158,Excellent value for money. Build quality of Dell Laptop 30 Gaming Laptop RTX 4060 is outstanding and performance is smooth.,4.5
158,"Good product, fast delivery. Price could be slightly lower, but battery and display performance are top notch.",4.0
159,Excellent value for money. Build quality of Apple Laptop 12 Creator Laptop 16 is outstanding and performance is smooth.,4.5
159,"Good product, fast delivery. Price could be slightly lower, but battery and display performance are top notch.",4.0
160,Excellent value for money. Build quality of ASUS Laptop 500 Gaming Laptop RTX 4060 is outstanding and performance is smooth.,4.5
160,"Good product, fast delivery. Price could be slightly lower, but battery and display performance are top notch.",4.0
161,Excellent value for money. Build quality of Lenovo Laptop 30 Ultrabook 14 is outstanding and performance is smooth.,4.5
161,"Good product, fast delivery. Price could be slightly lower, but battery and display performance are top notch.",4.0
162,Excellent value for money. Build quality of Samsung Laptop 12 Ultrabook 14 is outstanding and performance is smooth.,4.5
162,"Good product, fast delivery. Price could be slightly lower, but battery and display performance are top notch.",4.0
163,Excellent value for money. Build quality of Dell Laptop 100 Thin & Light Laptop is outstanding and performance is smooth.,4.5
163,"Good product, fast delivery. Price could be slightly lower, but battery and display performance are top notch.",4.0
164,Excellent value for money. Build quality of HP Laptop 12 Ultrabook 14 is outstanding and performance is smooth.,4.5
164,"Good product, fast delivery. Price could be slightly lower, but battery and display performance are top notch.",4.0
165,Excellent value for money. Build quality of ASUS Laptop 50 Gaming Laptop RTX 4060 is outstanding and performance is smooth.,4.5
165,"Good product, fast delivery. Price could be slightly lower, but battery and display performance are top notch.",4.0
166,Excellent value for money. Build quality of LG Laptop 500 Thin & Light Laptop is outstanding and performance is smooth.,4.5
166,"Good product, fast delivery. Price could be slightly lower, but battery and display performance are top notch.",4.0
167,Excellent value for money. Build quality of Dell Laptop 20 Gaming Laptop RTX 4060 is outstanding and performance is smooth.,4.5
167,"Good product, fast delivery. Price could be slightly lower, but battery and display performance are top notch.",4.0
168,Excellent value for money. Build quality of LG Laptop 20 Gaming Laptop RTX 4060 is outstanding and performance is smooth.,4.5
168,"Good product, fast delivery. Price could be slightly lower, but battery and display performance are top notch.",4.0
169,Excellent value for money. Build quality of Acer Laptop 500 Gaming Laptop RTX 4060 is outstanding and performance is smooth.,4.5
169,"Good product, fast delivery. Price could be slightly lower, but battery and display performance are top notch.",4.0
170,Excellent value for money. Build quality of LG Laptop 20 Studio Edition is outstanding and performance is smooth.,4.5
170,"Good product, fast delivery. Price could be slightly lower, but battery and display performance are top notch.",4.0
171,Excellent value for money. Build quality of MSI Laptop 10 Ultrabook 14 is outstanding and performance is smooth.,4.5
171,"Good product, fast delivery. Price could be slightly lower, but battery and display performance are top notch.",4.0
172,Excellent value for money. Build quality of HP Laptop 14 Ultrabook 14 is outstanding and performance is smooth.,4.5
172,"Good product, fast delivery. Price could be slightly lower, but battery and display performance are top notch.",4.0
173,Excellent value for money. Build quality of LG Laptop 100 Studio Edition is outstanding and performance is smooth.,4.5
173,"Good product, fast delivery. Price could be slightly lower, but battery and display performance are top notch.",4.0
174,Excellent value for money. Build quality of Dell Laptop 100 Gaming Laptop RTX 4060 is outstanding and performance is smooth.,4.5
174,"Good product, fast delivery. Price could be slightly lower, but battery and display performance are top notch.",4.0
175,Excellent value for money. Build quality of LG Laptop 30 Gaming Laptop RTX 4060 is outstanding and performance is smooth.,4.5
175,"Good product, fast delivery. Price could be slightly lower, but battery and display performance are top notch.",4.0
176,Excellent value for money. Build quality of ASUS Laptop 10 Ultrabook 14 is outstanding and performance is smooth.,4.5
176,"Good product, fast delivery. Price could be slightly lower, but battery and display performance are top notch.",4.0
177,Excellent value for money. Build quality of Lenovo Laptop 24 Thin & Light Laptop is outstanding and performance is smooth.,4.5
177,"Good product, fast delivery. Price could be slightly lower, but battery and display performance are top notch.",4.0
178,Excellent value for money. Build quality of HP Laptop 14 Gaming Laptop RTX 4060 is outstanding and performance is smooth.,4.5
178,"Good product, fast delivery. Price could be slightly lower, but battery and display performance are top notch.",4.0
179,Excellent value for money. Build quality of MSI Laptop 14 Thin & Light Laptop is outstanding and performance is smooth.,4.5
179,"Good product, fast delivery. Price could be slightly lower, but battery and display performance are top notch.",4.0
180,Excellent value for money. Build quality of MSI Laptop 20 Gaming Laptop RTX 4060 is outstanding and performance is smooth.,4.5
180,"Good product, fast delivery. Price could be slightly lower, but battery and display performance are top notch.",4.0
181,Excellent value for money. Build quality of MSI Laptop 50 Thin & Light Laptop is outstanding and performance is smooth.,4.5
181,"Good product, fast delivery. Price could be slightly lower, but battery and display performance are top notch.",4.0
182,Excellent value for money. Build quality of Samsung Laptop 20 Ultrabook 14 is outstanding and performance is smooth.,4.5
182,"Good product, fast delivery. Price could be slightly lower, but battery and display performance are top notch.",4.0
183,Excellent value for money. Build quality of Lenovo Laptop 500 Thin & Light Laptop is outstanding and performance is smooth.,4.5
183,"Good product, fast delivery. Price could be slightly lower, but battery and display performance are top notch.",4.0
184,Excellent value for money. Build quality of Acer Laptop 12 Ultrabook 14 is outstanding and performance is smooth.,4.5
184,"Good product, fast delivery. Price could be slightly lower, but battery and display performance are top notch.",4.0
185,Excellent value for money. Build quality of Acer Laptop 30 Creator Laptop 16 is outstanding and performance is smooth.,4.5
185,"Good product, fast delivery. Price could be slightly lower, but battery and display performance are top notch.",4.0
186,Excellent value for money. Build quality of Apple Laptop 20 Thin & Light Laptop is outstanding and performance is smooth.,4.5
186,"Good product, fast delivery. Price could be slightly lower, but battery and display performance are top notch.",4.0
187,Excellent value for money. Build quality of Apple Laptop 200 Thin & Light Laptop is outstanding and performance is smooth.,4.5
187,"Good product, fast delivery. Price could be slightly lower, but battery and display performance are top notch.",4.0
188,Excellent value for money. Build quality of Acer Laptop 200 Studio Edition is outstanding and performance is smooth.,4.5
188,"Good product, fast delivery. Price could be slightly lower, but battery and display performance are top notch.",4.0
189,Excellent value for money. Build quality of MSI Laptop 15 Creator Laptop 16 is outstanding and performance is smooth.,4.5
189,"Good product, fast delivery. Price could be slightly lower, but battery and display performance are top notch.",4.0
190,Excellent value for money. Build quality of MSI Laptop 100 Thin & Light Laptop is outstanding and performance is smooth.,4.5
190,"Good product, fast delivery. Price could be slightly lower, but battery and display performance are top notch.",4.0
191,Excellent value for money. Build quality of Acer Laptop 12 Studio Edition is outstanding and performance is smooth.,4.5
191,"Good product, fast delivery. Price could be slightly lower, but battery and display performance are top notch.",4.0
192,Excellent value for money. Build quality of Acer Laptop 1000 Thin & Light Laptop is outstanding and performance is smooth.,4.5
192,"Good product, fast delivery. Price could be slightly lower, but battery and display performance are top notch.",4.0
193,Excellent value for money. Build quality of MSI Laptop 30 Ultrabook 14 is outstanding and performance is smooth.,4.5
193,"Good product, fast delivery. Price could be slightly lower, but battery and display performance are top notch.",4.0
194,Excellent value for money. Build quality of LG Laptop 15 Gaming Laptop RTX 4060 is outstanding and performance is smooth.,4.5
194,"Good product, fast delivery. Price could be slightly lower, but battery and display performance are top notch.",4.0
195,Excellent value for money. Build quality of HP Laptop 200 Creator Laptop 16 is outstanding and performance is smooth.,4.5
195,"Good product, fast delivery. Price could be slightly lower, but battery and display performance are top notch.",4.0
196,Excellent value for money. Build quality of LG Laptop 20 Thin & Light Laptop is outstanding and performance is smooth.,4.5
196,"Good product, fast delivery. Price could be slightly lower, but battery and display performance are top notch.",4.0
197,Excellent value for money. Build quality of MSI Laptop 200 Creator Laptop 16 is outstanding and performance is smooth.,4.5
197,"Good product, fast delivery. Price could be slightly lower, but battery and display performance are top notch.",4.0
198,Excellent value for money. Build quality of Samsung Laptop 50 Studio Edition is outstanding and performance is smooth.,4.5
198,"Good product, fast delivery. Price could be slightly lower, but battery and display performance are top notch.",4.0
199,Excellent value for money. Build quality of LG Laptop 1000 Studio Edition is outstanding and performance is smooth.,4.5
199,"Good product, fast delivery. Price could be slightly lower, but battery and display performance are top notch.",4.0
200,Excellent value for money. Build quality of ASUS Laptop 500 Creator Laptop 16 is outstanding and performance is smooth.,4.5
200,"Good product, fast delivery. Price could be slightly lower, but battery and display performance are top notch.",4.0
201,Excellent value for money. Build quality of Bose Audio 500 True Wireless Earbuds is outstanding and performance is smooth.,4.5
201,"Good product, fast delivery. Price could be slightly lower, but battery and display performance are top notch.",4.0
202,Excellent value for money. Build quality of JBL Audio 10 True Wireless Earbuds is outstanding and performance is smooth.,4.5
202,"Good product, fast delivery. Price could be slightly lower, but battery and display performance are top notch.",4.0
203,Excellent value for money. Build quality of Skullcandy Audio 50 Wireless Noise Cancelling Headphones is outstanding and performance is smooth.,4.5
203,"Good product, fast delivery. Price could be slightly lower, but battery and display performance are top notch.",4.0
204,Excellent value for money. Build quality of Noise Audio 30 Soundbar 5.1 is outstanding and performance is smooth.,4.5
204,"Good product, fast delivery. Price could be slightly lower, but battery and display performance are top notch.",4.0
205,Excellent value for money. Build quality of Sony Audio 30 Wireless Noise Cancelling Headphones is outstanding and performance is smooth.,4.5
205,"Good product, fast delivery. Price could be slightly lower, but battery and display performance are top notch.",4.0
206,Excellent value for money. Build quality of Marshall Audio 10 Soundbar 5.1 is outstanding and performance is smooth.,4.5
206,"Good product, fast delivery. Price could be slightly lower, but battery and display performance are top notch.",4.0
207,Excellent value for money. Build quality of Bose Audio 14 Soundbar 5.1 is outstanding and performance is smooth.,4.5
207,"Good product, fast delivery. Price could be slightly lower, but battery and display performance are top notch.",4.0
208,Excellent value for money. Build quality of Skullcandy Audio 100 Soundbar 5.1 is outstanding and performance is smooth.,4.5
208,"Good product, fast delivery. Price could be slightly lower, but battery and display performance are top notch.",4.0
209,Excellent value for money. Build quality of Skullcandy Audio 20 Soundbar 5.1 is outstanding and performance is smooth.,4.5
209,"Good product, fast delivery. Price could be slightly lower, but battery and display performance are top notch.",4.0
210,Excellent value for money. Build quality of Marshall Audio 500 Soundbar 5.1 is outstanding and performance is smooth.,4.5
210,"Good product, fast delivery. Price could be slightly lower, but battery and display performance are top notch.",4.0
211,Excellent value for money. Build quality of Skullcandy Audio 1000 Wireless Noise Cancelling Headphones is outstanding and performance is smooth.,4.5
211,"Good product, fast delivery. Price could be slightly lower, but battery and display performance are top notch.",4.0
212,Excellent value for money. Build quality of Sennheiser Audio 24 Portable Bluetooth Speaker is outstanding and performance is smooth.,4.5
212,"Good product, fast delivery. Price could be slightly lower, but battery and display performance are top notch.",4.0
213,Excellent value for money. Build quality of Apple Audio 15 True Wireless Earbuds is outstanding and performance is smooth.,4.5
213,"Good product, fast delivery. Price could be slightly lower, but battery and display performance are top notch.",4.0
214,Excellent value for money. Build quality of JBL Audio 30 Wireless Noise Cancelling Headphones is outstanding and performance is smooth.,4.5
214,"Good product, fast delivery. Price could be slightly lower, but battery and display performance are top notch.",4.0
215,Excellent value for money. Build quality of Marshall Audio 30 Soundbar 5.1 is outstanding and performance is smooth.,4.5
215,"Good product, fast delivery. Price could be slightly lower, but battery and display performance are top notch.",4.0
216,Excellent value for money. Build quality of Noise Audio 200 Soundbar 5.1 is outstanding and performance is smooth.,4.5
216,"Good product, fast delivery. Price could be slightly lower, but battery and display performance are top notch.",4.0
217,Excellent value for money. Build quality of Skullcandy Audio 24 Wireless Noise Cancelling Headphones is outstanding and performance is smooth.,4.5
217,"Good product, fast delivery. Price could be slightly lower, but battery and display performance are top notch.",4.0
218,Excellent value for money. Build quality of Noise Audio 50 True Wireless Earbuds is outstanding and performance is smooth.,4.5
218,"Good product, fast delivery. Price could be slightly lower, but battery and display performance are top notch.",4.0
219,Excellent value for money. Build quality of Noise Audio 10 Soundbar 5.1 is outstanding and performance is smooth.,4.5
219,"Good product, fast delivery. Price could be slightly lower, but battery and display performance are top notch.",4.0
220,Excellent value for money. Build quality of Noise Audio 50 True Wireless Earbuds is outstanding and performance is smooth.,4.5
220,"Good product, fast delivery. Price could be slightly lower, but battery and display performance are top notch.",4.0
221,Excellent value for money. Build quality of Noise Audio 12 Wireless Noise Cancelling Headphones is outstanding and performance is smooth.,4.5
221,"Good product, fast delivery. Price could be slightly lower, but battery and display performance are top notch.",4.0
222,Excellent value for money. Build quality of Skullcandy Audio 10 True Wireless Earbuds is outstanding and performance is smooth.,4.5
222,"Good product, fast delivery. Price could be slightly lower, but battery and display performance are top notch.",4.0
223,Excellent value for money. Build quality of boAt Audio 50 True Wireless Earbuds is outstanding and performance is smooth.,4.5
223,"Good product, fast delivery. Price could be slightly lower, but battery and display performance are top notch.",4.0
224,Excellent value for money. Build quality of Noise Audio 30 Portable Bluetooth Speaker is outstanding and performance is smooth.,4.5
224,"Good product, fast delivery. Price could be slightly lower, but battery and display performance are top notch.",4.0
225,Excellent value for money. Build quality of Skullcandy Audio 1000 Wireless Noise Cancelling Headphones is outstanding and performance is smooth.,4.5
225,"Good product, fast delivery. Price could be slightly lower, but battery and display performance are top notch.",4.0
226,Excellent value for money. Build quality of boAt Audio 500 True Wireless Earbuds is outstanding and performance is smooth.,4.5
226,"Good product, fast delivery. Price could be slightly lower, but battery and display performance are top notch.",4.0
227,Excellent value for money. Build quality of Sony Audio 15 True Wireless Earbuds is outstanding and performance is smooth.,4.5
227,"Good product, fast delivery. Price could be slightly lower, but battery and display performance are top notch.",4.0
228,Excellent value for money. Build quality of JBL Audio 50 True Wireless Earbuds is outstanding and performance is smooth.,4.5
228,"Good product, fast delivery. Price could be slightly lower, but battery and display performance are top notch.",4.0
229,Excellent value for money. Build quality of Skullcandy Audio 24 Portable Bluetooth Speaker is outstanding and performance is smooth.,4.5
229,"Good product, fast delivery. Price could be slightly lower, but battery and display performance are top notch.",4.0
230,Excellent value for money. Build quality of Apple Audio 12 Portable Bluetooth Speaker is outstanding and performance is smooth.,4.5
230,"Good product, fast delivery. Price could be slightly lower, but battery and display performance are top notch.",4.0
231,Excellent value for money. Build quality of Sennheiser Audio 30 Soundbar 5.1 is outstanding and performance is smooth.,4.5
231,"Good product, fast delivery. Price could be slightly lower, but battery and display performance are top notch.",4.0
232,Excellent value for money. Build quality of JBL Audio 1000 Wireless Noise Cancelling Headphones is outstanding and performance is smooth.,4.5
232,"Good product, fast delivery. Price could be slightly lower, but battery and display performance are top notch.",4.0
233,Excellent value for money. Build quality of Sony Audio 100 Portable Bluetooth Speaker is outstanding and performance is smooth.,4.5
233,"Good product, fast delivery. Price could be slightly lower, but battery and display performance are top notch.",4.0
234,Excellent value for money. Build quality of Bose Audio 10 Portable Bluetooth Speaker is outstanding and performance is smooth.,4.5
234,"Good product, fast delivery. Price could be slightly lower, but battery and display performance are top notch.",4.0
235,Excellent value for money. Build quality of Bose Audio 24 Soundbar 5.1 is outstanding and performance is smooth.,4.5
235,"Good product, fast delivery. Price could be slightly lower, but battery and display performance are top notch.",4.0
236,Excellent value for money. Build quality of Noise Audio 1000 True Wireless Earbuds is outstanding and performance is smooth.,4.5
236,"Good product, fast delivery. Price could be slightly lower, but battery and display performance are top notch.",4.0
237,Excellent value for money. Build quality of Marshall Audio 50 Soundbar 5.1 is outstanding and performance is smooth.,4.5
237,"Good product, fast delivery. Price could be slightly lower, but battery and display performance are top notch.",4.0
238,Excellent value for money. Build quality of boAt Audio 12 True Wireless Earbuds is outstanding and performance is smooth.,4.5
238,"Good product, fast delivery. Price could be slightly lower, but battery and display performance are top notch.",4.0
239,Excellent value for money. Build quality of JBL Audio 200 Soundbar 5.1 is outstanding and performance is smooth.,4.5
239,"Good product, fast delivery. Price could be slightly lower, but battery and display performance are top notch.",4.0
240,Excellent value for money. Build quality of Sony Audio 24 Soundbar 5.1 is outstanding and performance is smooth.,4.5
240,"Good product, fast delivery. Price could be slightly lower, but battery and display performance are top notch.",4.0
241,Excellent value for money. Build quality of JBL Audio 20 Portable Bluetooth Speaker is outstanding and performance is smooth.,4.5
241,"Good product, fast delivery. Price could be slightly lower, but battery and display performance are top notch.",4.0
242,Excellent value for money. Build quality of Sennheiser Audio 100 Wireless Noise Cancelling Headphones is outstanding and performance is smooth.,4.5
242,"Good product, fast delivery. Price could be slightly lower, but battery and display performance are top notch.",4.0
243,Excellent value for money. Build quality of JBL Audio 50 Soundbar 5.1 is outstanding and performance is smooth.,4.5
243,"Good product, fast delivery. Price could be slightly lower, but battery and display performance are top notch.",4.0
244,Excellent value for money. Build quality of Skullcandy Audio 50 Soundbar 5.1 is outstanding and performance is smooth.,4.5
244,"Good product, fast delivery. Price could be slightly lower, but battery and display performance are top notch.",4.0
245,Excellent value for money. Build quality of Sennheiser Audio 30 True Wireless Earbuds is outstanding and performance is smooth.,4.5
245,"Good product, fast delivery. Price could be slightly lower, but battery and display performance are top notch.",4.0
246,Excellent value for money. Build quality of boAt Audio 100 Soundbar 5.1 is outstanding and performance is smooth.,4.5
246,"Good product, fast delivery. Price could be slightly lower, but battery and display performance are top notch.",4.0
247,Excellent value for money. Build quality of Noise Audio 24 Portable Bluetooth Speaker is outstanding and performance is smooth.,4.5
247,"Good product, fast delivery. Price could be slightly lower, but battery and display performance are top notch.",4.0
248,Excellent value for money. Build quality of Sennheiser Audio 15 Portable Bluetooth Speaker is outstanding and performance is smooth.,4.5
248,"Good product, fast delivery. Price could be slightly lower, but battery and display performance are top notch.",4.0
249,Excellent value for money. Build quality of boAt Audio 1000 Wireless Noise Cancelling Headphones is outstanding and performance is smooth.,4.5
249,"Good product, fast delivery. Price could be slightly lower, but battery and display performance are top notch.",4.0
250,Excellent value for money. Build quality of JBL Audio 1000 True Wireless Earbuds is outstanding and performance is smooth.,4.5
250,"Good product, fast delivery. Price could be slightly lower, but battery and display performance are top notch.",4.0
251,Excellent value for money. Build quality of Noise Smartwatche 15 GPS Fitness Smartwatch is outstanding and performance is smooth.,4.5
251,"Good product, fast delivery. Price could be slightly lower, but battery and display performance are top notch.",4.0
252,Excellent value for money. Build quality of Fire-Boltt Smartwatche 20 AMOLED Calling Watch is outstanding and performance is smooth.,4.5
252,"Good product, fast delivery. Price could be slightly lower, but battery and display performance are top notch.",4.0
253,Excellent value for money. Build quality of Garmin Smartwatche 10 Sports Edition Watch is outstanding and performance is smooth.,4.5
253,"Good product, fast delivery. Price could be slightly lower, but battery and display performance are top notch.",4.0
254,Excellent value for money. Build quality of Noise Smartwatche 500 AMOLED Calling Watch is outstanding and performance is smooth.,4.5
254,"Good product, fast delivery. Price could be slightly lower, but battery and display performance are top notch.",4.0
255,Excellent value for money. Build quality of Apple Smartwatche 50 Sports Edition Watch is outstanding and performance is smooth.,4.5
255,"Good product, fast delivery. Price could be slightly lower, but battery and display performance are top notch.",4.0
256,Excellent value for money. Build quality of Fire-Boltt Smartwatche 10 AMOLED Calling Watch is outstanding and performance is smooth.,4.5
256,"Good product, fast delivery. Price could be slightly lower, but battery and display performance are top notch.",4.0
257,Excellent value for money. Build quality of Samsung Smartwatche 30 GPS Fitness Smartwatch is outstanding and performance is smooth.,4.5
257,"Good product, fast delivery. Price could be slightly lower, but battery and display performance are top notch.",4.0
258,Excellent value for money. Build quality of Apple Smartwatche 14 AMOLED Calling Watch is outstanding and performance is smooth.,4.5
258,"Good product, fast delivery. Price could be slightly lower, but battery and display performance are top notch.",4.0
259,Excellent value for money. Build quality of Samsung Smartwatche 12 AMOLED Calling Watch is outstanding and performance is smooth.,4.5
259,"Good product, fast delivery. Price could be slightly lower, but battery and display performance are top notch.",4.0
260,Excellent value for money. Build quality of Fitbit Smartwatche 50 Classic Leather Watch is outstanding and performance is smooth.,4.5
260,"Good product, fast delivery. Price could be slightly lower, but battery and display performance are top notch.",4.0
261,Excellent value for money. Build quality of Amazfit Smartwatche 200 Sports Edition Watch is outstanding and performance is smooth.,4.5
261,"Good product, fast delivery. Price could be slightly lower, but battery and display performance are top notch.",4.0
262,Excellent value for money. Build quality of Samsung Smartwatche 500 AMOLED Calling Watch is outstanding and performance is smooth.,4.5
262,"Good product, fast delivery. Price could be slightly lower, but battery and display performance are top notch.",4.0
263,Excellent value for money. Build quality of Samsung Smartwatche 15 AMOLED Calling Watch is outstanding and performance is smooth.,4.5
263,"Good product, fast delivery. Price could be slightly lower, but battery and display performance are top notch.",4.0
264,Excellent value for money. Build quality of Samsung Smartwatche 10 AMOLED Calling Watch is outstanding and performance is smooth.,4.5
264,"Good product, fast delivery. Price could be slightly lower, but battery and display performance are top notch.",4.0
265,Excellent value for money. Build quality of Fossil Smartwatche 10 Sports Edition Watch is outstanding and performance is smooth.,4.5
265,"Good product, fast delivery. Price could be slightly lower, but battery and display performance are top notch.",4.0
266,Excellent value for money. Build quality of Noise Smartwatche 12 Classic Leather Watch is outstanding and performance is smooth.,4.5
266,"Good product, fast delivery. Price could be slightly lower, but battery and display performance are top notch.",4.0
267,Excellent value for money. Build quality of Fitbit Smartwatche 12 Classic Leather Watch is outstanding and performance is smooth.,4.5
267,"Good product, fast delivery. Price could be slightly lower, but battery and display performance are top notch.",4.0
268,Excellent value for money. Build quality of Garmin Smartwatche 14 Sports Edition Watch is outstanding and performance is smooth.,4.5
268,"Good product, fast delivery. Price could be slightly lower, but battery and display performance are top notch.",4.0
269,Excellent value for money. Build quality of Garmin Smartwatche 200 Sports Edition Watch is outstanding and performance is smooth.,4.5
269,"Good product, fast delivery. Price could be slightly lower, but battery and display performance are top notch.",4.0
270,Excellent value for money. Build quality of Fossil Smartwatche 50 GPS Fitness Smartwatch is outstanding and performance is smooth.,4.5
270,"Good product, fast delivery. Price could be slightly lower, but battery and display performance are top notch.",4.0
271,Excellent value for money. Build quality of Amazfit Smartwatche 100 Sports Edition Watch is outstanding and performance is smooth.,4.5
271,"Good product, fast delivery. Price could be slightly lower, but battery and display performance are top notch.",4.0
272,Excellent value for money. Build quality of Fossil Smartwatche 200 GPS Fitness Smartwatch is outstanding and performance is smooth.,4.5
272,"Good product, fast delivery. Price could be slightly lower, but battery and display performance are top notch.",4.0
273,Excellent value for money. Build quality of Fire-Boltt Smartwatche 10 Sports Edition Watch is outstanding and performance is smooth.,4.5
273,"Good product, fast delivery. Price could be slightly lower, but battery and display performance are top notch.",4.0
274,Excellent value for money. Build quality of Apple Smartwatche 200 Sports Edition Watch is outstanding and performance is smooth.,4.5
274,"Good product, fast delivery. Price could be slightly lower, but battery and display performance are top notch.",4.0
275,Excellent value for money. Build quality of Fossil Smartwatche 20 Classic Leather Watch is outstanding and performance is smooth.,4.5
275,"Good product, fast delivery. Price could be slightly lower, but battery and display performance are top notch.",4.0
276,Excellent value for money. Build quality of Amazfit Smartwatche 12 Classic Leather Watch is outstanding and performance is smooth.,4.5
276,"Good product, fast delivery. Price could be slightly lower, but battery and display performance are top notch.",4.0
277,Excellent value for money. Build quality of Amazfit Smartwatche 24 Sports Edition Watch is outstanding and performance is smooth.,4.5
277,"Good product, fast delivery. Price could be slightly lower, but battery and display performance are top notch.",4.0
278,Excellent value for money. Build quality of Garmin Smartwatche 30 Sports Edition Watch is outstanding and performance is smooth.,4.5
278,"Good product, fast delivery. Price could be slightly lower, but battery and display performance are top notch.",4.0
279,Excellent value for money. Build quality of Amazfit Smartwatche 50 GPS Fitness Smartwatch is outstanding and performance is smooth.,4.5
279,"Good product, fast delivery. Price could be slightly lower, but battery and display performance are top notch.",4.0
280,Excellent value for money. Build quality of Noise Smartwatche 12 Sports Edition Watch is outstanding and performance is smooth.,4.5
280,"Good product, fast delivery. Price could be slightly lower, but battery and display performance are top notch.",4.0
281,Excellent value for money. Build quality of Apple Smartwatche 30 Classic Leather Watch is outstanding and performance is smooth.,4.5
281,"Good product, fast delivery. Price could be slightly lower, but battery and display performance are top notch.",4.0
282,Excellent value for money. Build quality of Fire-Boltt Smartwatche 500 Classic Leather Watch is outstanding and performance is smooth.,4.5
282,"Good product, fast delivery. Price could be slightly lower, but battery and display performance are top notch.",4.0
283,Excellent value for money. Build quality of Fitbit Smartwatche 100 Sports Edition Watch is outstanding and performance is smooth.,4.5
283,"Good product, fast delivery. Price could be slightly lower, but battery and display performance are top notch.",4.0
284,Excellent value for money. Build quality of Fossil Smartwatche 12 Classic Leather Watch is outstanding and performance is smooth.,4.5
284,"Good product, fast delivery. Price could be slightly lower, but battery and display performance are top notch.",4.0
285,Excellent value for money. Build quality of Fitbit Smartwatche 20 AMOLED Calling Watch is outstanding and performance is smooth.,4.5
285,"Good product, fast delivery. Price could be slightly lower, but battery and display performance are top notch.",4.0
286,Excellent value for money. Build quality of Amazfit Smartwatche 15 GPS Fitness Smartwatch is outstanding and performance is smooth.,4.5
286,"Good product, fast delivery. Price could be slightly lower, but battery and display performance are top notch.",4.0
287,Excellent value for money. Build quality of Samsung Smartwatche 50 AMOLED Calling Watch is outstanding and performance is smooth.,4.5
287,"Good product, fast delivery. Price could be slightly lower, but battery and display performance are top notch.",4.0
288,Excellent value for money. Build quality of Noise Smartwatche 50 Classic Leather Watch is outstanding and performance is smooth.,4.5
288,"Good product, fast delivery. Price could be slightly lower, but battery and display performance are top notch.",4.0
289,Excellent value for money. Build quality of Fossil Smartwatche 30 AMOLED Calling Watch is outstanding and performance is smooth.,4.5
289,"Good product, fast delivery. Price could be slightly lower, but battery and display performance are top notch.",4.0
290,Excellent value for money. Build quality of Garmin Smartwatche 20 GPS Fitness Smartwatch is outstanding and performance is smooth.,4.5
290,"Good product, fast delivery. Price could be slightly lower, but battery and display performance are top notch.",4.0
291,Excellent value for money. Build quality of Noise Smartwatche 20 GPS Fitness Smartwatch is outstanding and performance is smooth.,4.5
291,"Good product, fast delivery. Price could be slightly lower, but battery and display performance are top notch.",4.0
292,Excellent value for money. Build quality of Fossil Smartwatche 50 AMOLED Calling Watch is outstanding and performance is smooth.,4.5
292,"Good product, fast delivery. Price could be slightly lower, but battery and display performance are top notch.",4.0
293,Excellent value for money. Build quality of Fire-Boltt Smartwatche 100 Sports Edition Watch is outstanding and performance is smooth.,4.5
293,"Good product, fast delivery. Price could be slightly lower, but battery and display performance are top notch.",4.0
294,Excellent value for money. Build quality of Fossil Smartwatche 15 Sports Edition Watch is outstanding and performance is smooth.,4.5
294,"Good product, fast delivery. Price could be slightly lower, but battery and display performance are top notch.",4.0
295,Excellent value for money. Build quality of Amazfit Smartwatche 30 AMOLED Calling Watch is outstanding and performance is smooth.,4.5
295,"Good product, fast delivery. Price could be slightly lower, but battery and display performance are top notch.",4.0
296,Excellent value for money. Build quality of Fossil Smartwatche 30 Classic Leather Watch is outstanding and performance is smooth.,4.5
296,"Good product, fast delivery. Price could be slightly lower, but battery and display performance are top notch.",4.0
297,Excellent value for money. Build quality of Garmin Smartwatche 10 Classic Leather Watch is outstanding and performance is smooth.,4.5
297,"Good product, fast delivery. Price could be slightly lower, but battery and display performance are top notch.",4.0
298,Excellent value for money. Build quality of Fire-Boltt Smartwatche 50 GPS Fitness Smartwatch is outstanding and performance is smooth.,4.5
298,"Good product, fast delivery. Price could be slightly lower, but battery and display performance are top notch.",4.0
299,Excellent value for money. Build quality of Fossil Smartwatche 1000 GPS Fitness Smartwatch is outstanding and performance is smooth.,4.5
299,"Good product, fast delivery. Price could be slightly lower, but battery and display performance are top notch.",4.0
300,Excellent value for money. Build quality of Garmin Smartwatche 50 GPS Fitness Smartwatch is outstanding and performance is smooth.,4.5
300,"Good product, fast delivery. Price could be slightly lower, but battery and display performance are top notch.",4.0
301,Excellent value for money. Build quality of Seagate Accessorie 24 Wireless Mechanical Keyboard is outstanding and performance is smooth.,4.5
301,"Good product, fast delivery. Price could be slightly lower, but battery and display performance are top notch.",4.0
302,Excellent value for money. Build quality of Belkin Accessorie 100 100W GaN Fast Charger is outstanding and performance is smooth.,4.5
302,"Good product, fast delivery. Price could be slightly lower, but battery and display performance are top notch.",4.0
303,Excellent value for money. Build quality of Anker Accessorie 500 Ergonomic Optical Mouse is outstanding and performance is smooth.,4.5
303,"Good product, fast delivery. Price could be slightly lower, but battery and display performance are top notch.",4.0
304,Excellent value for money. Build quality of Anker Accessorie 12 100W GaN Fast Charger is outstanding and performance is smooth.,4.5
304,"Good product, fast delivery. Price could be slightly lower, but battery and display performance are top notch.",4.0
305,Excellent value for money. Build quality of Samsung Accessorie 10 Ultra High-Speed NVMe SSD 1TB is outstanding and performance is smooth.,4.5
305,"Good product, fast delivery. Price could be slightly lower, but battery and display performance are top notch.",4.0
306,Excellent value for money. Build quality of Logitech Accessorie 24 Ultra High-Speed NVMe SSD 1TB is outstanding and performance is smooth.,4.5
306,"Good product, fast delivery. Price could be slightly lower, but battery and display performance are top notch.",4.0
307,Excellent value for money. Build quality of Samsung Accessorie 100 Ergonomic Optical Mouse is outstanding and performance is smooth.,4.5
307,"Good product, fast delivery. Price could be slightly lower, but battery and display performance are top notch.",4.0
308,Excellent value for money. Build quality of Samsung Accessorie 14 Ergonomic Optical Mouse is outstanding and performance is smooth.,4.5
308,"Good product, fast delivery. Price could be slightly lower, but battery and display performance are top notch.",4.0
309,Excellent value for money. Build quality of Seagate Accessorie 50 Ergonomic Optical Mouse is outstanding and performance is smooth.,4.5
309,"Good product, fast delivery. Price could be slightly lower, but battery and display performance are top notch.",4.0
310,Excellent value for money. Build quality of SanDisk Accessorie 500 100W GaN Fast Charger is outstanding and performance is smooth.,4.5
310,"Good product, fast delivery. Price could be slightly lower, but battery and display performance are top notch.",4.0
311,Excellent value for money. Build quality of TP-Link Accessorie 50 Wireless Mechanical Keyboard is outstanding and performance is smooth.,4.5
311,"Good product, fast delivery. Price could be slightly lower, but battery and display performance are top notch.",4.0
312,Excellent value for money. Build quality of Samsung Accessorie 50 Wireless Mechanical Keyboard is outstanding and performance is smooth.,4.5
312,"Good product, fast delivery. Price could be slightly lower, but battery and display performance are top notch.",4.0
313,Excellent value for money. Build quality of TP-Link Accessorie 1000 100W GaN Fast Charger is outstanding and performance is smooth.,4.5
313,"Good product, fast delivery. Price could be slightly lower, but battery and display performance are top notch.",4.0
314,Excellent value for money. Build quality of TP-Link Accessorie 30 Ergonomic Optical Mouse is outstanding and performance is smooth.,4.5
314,"Good product, fast delivery. Price could be slightly lower, but battery and display performance are top notch.",4.0
315,Excellent value for money. Build quality of SanDisk Accessorie 200 100W GaN Fast Charger is outstanding and performance is smooth.,4.5
315,"Good product, fast delivery. Price could be slightly lower, but battery and display performance are top notch.",4.0
316,Excellent value for money. Build quality of TP-Link Accessorie 10 Ultra High-Speed NVMe SSD 1TB is outstanding and performance is smooth.,4.5
316,"Good product, fast delivery. Price could be slightly lower, but battery and display performance are top notch.",4.0
317,Excellent value for money. Build quality of Logitech Accessorie 200 Wireless Mechanical Keyboard is outstanding and performance is smooth.,4.5
317,"Good product, fast delivery. Price could be slightly lower, but battery and display performance are top notch.",4.0
318,Excellent value for money. Build quality of SanDisk Accessorie 15 Ultra High-Speed NVMe SSD 1TB is outstanding and performance is smooth.,4.5
318,"Good product, fast delivery. Price could be slightly lower, but battery and display performance are top notch.",4.0
319,Excellent value for money. Build quality of TP-Link Accessorie 500 Ergonomic Optical Mouse is outstanding and performance is smooth.,4.5
319,"Good product, fast delivery. Price could be slightly lower, but battery and display performance are top notch.",4.0
320,Excellent value for money. Build quality of Logitech Accessorie 50 Ultra High-Speed NVMe SSD 1TB is outstanding and performance is smooth.,4.5
320,"Good product, fast delivery. Price could be slightly lower, but battery and display performance are top notch.",4.0
321,Excellent value for money. Build quality of Belkin Accessorie 12 Ergonomic Optical Mouse is outstanding and performance is smooth.,4.5
321,"Good product, fast delivery. Price could be slightly lower, but battery and display performance are top notch.",4.0
322,Excellent value for money. Build quality of Seagate Accessorie 15 Ergonomic Optical Mouse is outstanding and performance is smooth.,4.5
322,"Good product, fast delivery. Price could be slightly lower, but battery and display performance are top notch.",4.0
323,Excellent value for money. Build quality of Belkin Accessorie 14 Ultra High-Speed NVMe SSD 1TB is outstanding and performance is smooth.,4.5
323,"Good product, fast delivery. Price could be slightly lower, but battery and display performance are top notch.",4.0
324,Excellent value for money. Build quality of TP-Link Accessorie 12 Ultra High-Speed NVMe SSD 1TB is outstanding and performance is smooth.,4.5
324,"Good product, fast delivery. Price could be slightly lower, but battery and display performance are top notch.",4.0
325,Excellent value for money. Build quality of Samsung Accessorie 500 Ergonomic Optical Mouse is outstanding and performance is smooth.,4.5
325,"Good product, fast delivery. Price could be slightly lower, but battery and display performance are top notch.",4.0
326,Excellent value for money. Build quality of Belkin Accessorie 30 Wireless Mechanical Keyboard is outstanding and performance is smooth.,4.5
326,"Good product, fast delivery. Price could be slightly lower, but battery and display performance are top notch.",4.0
327,Excellent value for money. Build quality of Anker Accessorie 24 100W GaN Fast Charger is outstanding and performance is smooth.,4.5
327,"Good product, fast delivery. Price could be slightly lower, but battery and display performance are top notch.",4.0
328,Excellent value for money. Build quality of Seagate Accessorie 12 Ultra High-Speed NVMe SSD 1TB is outstanding and performance is smooth.,4.5
328,"Good product, fast delivery. Price could be slightly lower, but battery and display performance are top notch.",4.0
329,Excellent value for money. Build quality of Logitech Accessorie 200 Ultra High-Speed NVMe SSD 1TB is outstanding and performance is smooth.,4.5
329,"Good product, fast delivery. Price could be slightly lower, but battery and display performance are top notch.",4.0
330,Excellent value for money. Build quality of Anker Accessorie 1000 100W GaN Fast Charger is outstanding and performance is smooth.,4.5
330,"Good product, fast delivery. Price could be slightly lower, but battery and display performance are top notch.",4.0
331,Excellent value for money. Build quality of Seagate Accessorie 14 Wireless Mechanical Keyboard is outstanding and performance is smooth.,4.5
331,"Good product, fast delivery. Price could be slightly lower, but battery and display performance are top notch.",4.0
332,Excellent value for money. Build quality of TP-Link Accessorie 12 100W GaN Fast Charger is outstanding and performance is smooth.,4.5
332,"Good product, fast delivery. Price could be slightly lower, but battery and display performance are top notch.",4.0
333,Excellent value for money. Build quality of Samsung Accessorie 50 100W GaN Fast Charger is outstanding and performance is smooth.,4.5
333,"Good product, fast delivery. Price could be slightly lower, but battery and display performance are top notch.",4.0
334,Excellent value for money. Build quality of Seagate Accessorie 30 Ergonomic Optical Mouse is outstanding and performance is smooth.,4.5
334,"Good product, fast delivery. Price could be slightly lower, but battery and display performance are top notch.",4.0
335,Excellent value for money. Build quality of Seagate Accessorie 10 Ultra High-Speed NVMe SSD 1TB is outstanding and performance is smooth.,4.5
335,"Good product, fast delivery. Price could be slightly lower, but battery and display performance are top notch.",4.0
336,Excellent value for money. Build quality of WD Accessorie 15 100W GaN Fast Charger is outstanding and performance is smooth.,4.5
336,"Good product, fast delivery. Price could be slightly lower, but battery and display performance are top notch.",4.0
337,Excellent value for money. Build quality of Belkin Accessorie 10 Ultra High-Speed NVMe SSD 1TB is outstanding and performance is smooth.,4.5
337,"Good product, fast delivery. Price could be slightly lower, but battery and display performance are top notch.",4.0
338,Excellent value for money. Build quality of SanDisk Accessorie 50 Wireless Mechanical Keyboard is outstanding and performance is smooth.,4.5
338,"Good product, fast delivery. Price could be slightly lower, but battery and display performance are top notch.",4.0
339,Excellent value for money. Build quality of SanDisk Accessorie 10 Wireless Mechanical Keyboard is outstanding and performance is smooth.,4.5
339,"Good product, fast delivery. Price could be slightly lower, but battery and display performance are top notch.",4.0
340,Excellent value for money. Build quality of Samsung Accessorie 12 Ergonomic Optical Mouse is outstanding and performance is smooth.,4.5
340,"Good product, fast delivery. Price could be slightly lower, but battery and display performance are top notch.",4.0
341,Excellent value for money. Build quality of SanDisk Accessorie 24 Ergonomic Optical Mouse is outstanding and performance is smooth.,4.5
341,"Good product, fast delivery. Price could be slightly lower, but battery and display performance are top notch.",4.0
342,Excellent value for money. Build quality of Logitech Accessorie 14 Ultra High-Speed NVMe SSD 1TB is outstanding and performance is smooth.,4.5
342,"Good product, fast delivery. Price could be slightly lower, but battery and display performance are top notch.",4.0
343,Excellent value for money. Build quality of TP-Link Accessorie 12 Ergonomic Optical Mouse is outstanding and performance is smooth.,4.5
343,"Good product, fast delivery. Price could be slightly lower, but battery and display performance are top notch.",4.0
344,Excellent value for money. Build quality of Logitech Accessorie 15 Ultra High-Speed NVMe SSD 1TB is outstanding and performance is smooth.,4.5
344,"Good product, fast delivery. Price could be slightly lower, but battery and display performance are top notch.",4.0
345,Excellent value for money. Build quality of Logitech Accessorie 20 Ergonomic Optical Mouse is outstanding and performance is smooth.,4.5
345,"Good product, fast delivery. Price could be slightly lower, but battery and display performance are top notch.",4.0
346,Excellent value for money. Build quality of Seagate Accessorie 1000 Wireless Mechanical Keyboard is outstanding and performance is smooth.,4.5
346,"Good product, fast delivery. Price could be slightly lower, but battery and display performance are top notch.",4.0
347,Excellent value for money. Build quality of WD Accessorie 100 Ultra High-Speed NVMe SSD 1TB is outstanding and performance is smooth.,4.5
347,"Good product, fast delivery. Price could be slightly lower, but battery and display performance are top notch.",4.0
348,Excellent value for money. Build quality of WD Accessorie 200 Ergonomic Optical Mouse is outstanding and performance is smooth.,4.5
348,"Good product, fast delivery. Price could be slightly lower, but battery and display performance are top notch.",4.0
349,Excellent value for money. Build quality of TP-Link Accessorie 500 100W GaN Fast Charger is outstanding and performance is smooth.,4.5
349,"Good product, fast delivery. Price could be slightly lower, but battery and display performance are top notch.",4.0
350,Excellent value for money. Build quality of WD Accessorie 30 100W GaN Fast Charger is outstanding and performance is smooth.,4.5
350,"Good product, fast delivery. Price could be slightly lower, but battery and display performance are top notch.",4.0
351,Excellent value for money. Build quality of Corsair Gaming 12 Surround Sound Gaming Headset is outstanding and performance is smooth.,4.5
351,"Good product, fast delivery. Price could be slightly lower, but battery and display performance are top notch.",4.0
352,Excellent value for money. Build quality of Logitech G Gaming 12 Wireless Controller is outstanding and performance is smooth.,4.5
352,"Good product, fast delivery. Price could be slightly lower, but battery and display performance are top notch.",4.0
353,Excellent value for money. Build quality of Logitech G Gaming 30 Mechanical Gaming Keyboard is outstanding and performance is smooth.,4.5
353,"Good product, fast delivery. Price could be slightly lower, but battery and display performance are top notch.",4.0
354,Excellent value for money. Build quality of Razer Gaming 12 Surround Sound Gaming Headset is outstanding and performance is smooth.,4.5
354,"Good product, fast delivery. Price could be slightly lower, but battery and display performance are top notch.",4.0
355,Excellent value for money. Build quality of Corsair Gaming 30 Wireless Controller is outstanding and performance is smooth.,4.5
355,"Good product, fast delivery. Price could be slightly lower, but battery and display performance are top notch.",4.0
356,Excellent value for money. Build quality of Razer Gaming 50 Mechanical Gaming Keyboard is outstanding and performance is smooth.,4.5
356,"Good product, fast delivery. Price could be slightly lower, but battery and display performance are top notch.",4.0
357,Excellent value for money. Build quality of Corsair Gaming 24 Console Edition is outstanding and performance is smooth.,4.5
357,"Good product, fast delivery. Price could be slightly lower, but battery and display performance are top notch.",4.0
358,Excellent value for money. Build quality of Corsair Gaming 24 Mechanical Gaming Keyboard is outstanding and performance is smooth.,4.5
358,"Good product, fast delivery. Price could be slightly lower, but battery and display performance are top notch.",4.0
359,Excellent value for money. Build quality of Sony PlayStation Gaming 12 Console Edition is outstanding and performance is smooth.,4.5
359,"Good product, fast delivery. Price could be slightly lower, but battery and display performance are top notch.",4.0
360,Excellent value for money. Build quality of Sony PlayStation Gaming 14 Mechanical Gaming Keyboard is outstanding and performance is smooth.,4.5
360,"Good product, fast delivery. Price could be slightly lower, but battery and display performance are top notch.",4.0
361,Excellent value for money. Build quality of Logitech G Gaming 500 Mechanical Gaming Keyboard is outstanding and performance is smooth.,4.5
361,"Good product, fast delivery. Price could be slightly lower, but battery and display performance are top notch.",4.0
362,Excellent value for money. Build quality of Nintendo Gaming 1000 Surround Sound Gaming Headset is outstanding and performance is smooth.,4.5
362,"Good product, fast delivery. Price could be slightly lower, but battery and display performance are top notch.",4.0
363,Excellent value for money. Build quality of Logitech G Gaming 24 Mechanical Gaming Keyboard is outstanding and performance is smooth.,4.5
363,"Good product, fast delivery. Price could be slightly lower, but battery and display performance are top notch.",4.0
364,Excellent value for money. Build quality of Microsoft Xbox Gaming 15 Surround Sound Gaming Headset is outstanding and performance is smooth.,4.5
364,"Good product, fast delivery. Price could be slightly lower, but battery and display performance are top notch.",4.0
365,Excellent value for money. Build quality of Nintendo Gaming 12 Mechanical Gaming Keyboard is outstanding and performance is smooth.,4.5
365,"Good product, fast delivery. Price could be slightly lower, but battery and display performance are top notch.",4.0
366,Excellent value for money. Build quality of Logitech G Gaming 30 Wireless Controller is outstanding and performance is smooth.,4.5
366,"Good product, fast delivery. Price could be slightly lower, but battery and display performance are top notch.",4.0
367,Excellent value for money. Build quality of Logitech G Gaming 10 Mechanical Gaming Keyboard is outstanding and performance is smooth.,4.5
367,"Good product, fast delivery. Price could be slightly lower, but battery and display performance are top notch.",4.0
368,Excellent value for money. Build quality of Corsair Gaming 24 Mechanical Gaming Keyboard is outstanding and performance is smooth.,4.5
368,"Good product, fast delivery. Price could be slightly lower, but battery and display performance are top notch.",4.0
369,Excellent value for money. Build quality of Microsoft Xbox Gaming 200 Wireless Controller is outstanding and performance is smooth.,4.5
369,"Good product, fast delivery. Price could be slightly lower, but battery and display performance are top notch.",4.0
370,Excellent value for money. Build quality of Sony PlayStation Gaming 1000 Wireless Controller is outstanding and performance is smooth.,4.5
370,"Good product, fast delivery. Price could be slightly lower, but battery and display performance are top notch.",4.0
371,Excellent value for money. Build quality of Sony PlayStation Gaming 30 Wireless Controller is outstanding and performance is smooth.,4.5
371,"Good product, fast delivery. Price could be slightly lower, but battery and display performance are top notch.",4.0
372,Excellent value for money. Build quality of Nintendo Gaming 24 Wireless Controller is outstanding and performance is smooth.,4.5
372,"Good product, fast delivery. Price could be slightly lower, but battery and display performance are top notch.",4.0
373,Excellent value for money. Build quality of Logitech G Gaming 10 Console Edition is outstanding and performance is smooth.,4.5
373,"Good product, fast delivery. Price could be slightly lower, but battery and display performance are top notch.",4.0
374,Excellent value for money. Build quality of Logitech G Gaming 500 Console Edition is outstanding and performance is smooth.,4.5
374,"Good product, fast delivery. Price could be slightly lower, but battery and display performance are top notch.",4.0
375,Excellent value for money. Build quality of Razer Gaming 50 Surround Sound Gaming Headset is outstanding and performance is smooth.,4.5
375,"Good product, fast delivery. Price could be slightly lower, but battery and display performance are top notch.",4.0
376,Excellent value for money. Build quality of Razer Gaming 15 Mechanical Gaming Keyboard is outstanding and performance is smooth.,4.5
376,"Good product, fast delivery. Price could be slightly lower, but battery and display performance are top notch.",4.0
377,Excellent value for money. Build quality of Nintendo Gaming 12 Surround Sound Gaming Headset is outstanding and performance is smooth.,4.5
377,"Good product, fast delivery. Price could be slightly lower, but battery and display performance are top notch.",4.0
378,Excellent value for money. Build quality of Logitech G Gaming 10 Mechanical Gaming Keyboard is outstanding and performance is smooth.,4.5
378,"Good product, fast delivery. Price could be slightly lower, but battery and display performance are top notch.",4.0
379,Excellent value for money. Build quality of Logitech G Gaming 10 Console Edition is outstanding and performance is smooth.,4.5
379,"Good product, fast delivery. Price could be slightly lower, but battery and display performance are top notch.",4.0
380,Excellent value for money. Build quality of Microsoft Xbox Gaming 20 Wireless Controller is outstanding and performance is smooth.,4.5
380,"Good product, fast delivery. Price could be slightly lower, but battery and display performance are top notch.",4.0
381,Excellent value for money. Build quality of Sony PlayStation Gaming 50 Console Edition is outstanding and performance is smooth.,4.5
381,"Good product, fast delivery. Price could be slightly lower, but battery and display performance are top notch.",4.0
382,Excellent value for money. Build quality of Microsoft Xbox Gaming 30 Wireless Controller is outstanding and performance is smooth.,4.5
382,"Good product, fast delivery. Price could be slightly lower, but battery and display performance are top notch.",4.0
383,Excellent value for money. Build quality of Logitech G Gaming 12 Mechanical Gaming Keyboard is outstanding and performance is smooth.,4.5
383,"Good product, fast delivery. Price could be slightly lower, but battery and display performance are top notch.",4.0
384,Excellent value for money. Build quality of Razer Gaming 50 Console Edition is outstanding and performance is smooth.,4.5
384,"Good product, fast delivery. Price could be slightly lower, but battery and display performance are top notch.",4.0
385,Excellent value for money. Build quality of Logitech G Gaming 200 Surround Sound Gaming Headset is outstanding and performance is smooth.,4.5
385,"Good product, fast delivery. Price could be slightly lower, but battery and display performance are top notch.",4.0
386,Excellent value for money. Build quality of Nintendo Gaming 30 Console Edition is outstanding and performance is smooth.,4.5
386,"Good product, fast delivery. Price could be slightly lower, but battery and display performance are top notch.",4.0
387,Excellent value for money. Build quality of Microsoft Xbox Gaming 1000 Surround Sound Gaming Headset is outstanding and performance is smooth.,4.5
387,"Good product, fast delivery. Price could be slightly lower, but battery and display performance are top notch.",4.0
388,Excellent value for money. Build quality of Razer Gaming 15 Console Edition is outstanding and performance is smooth.,4.5
388,"Good product, fast delivery. Price could be slightly lower, but battery and display performance are top notch.",4.0
389,Excellent value for money. Build quality of Logitech G Gaming 30 Console Edition is outstanding and performance is smooth.,4.5
389,"Good product, fast delivery. Price could be slightly lower, but battery and display performance are top notch.",4.0
390,Excellent value for money. Build quality of Corsair Gaming 15 Mechanical Gaming Keyboard is outstanding and performance is smooth.,4.5
390,"Good product, fast delivery. Price could be slightly lower, but battery and display performance are top notch.",4.0
391,Excellent value for money. Build quality of Sony PlayStation Gaming 100 Console Edition is outstanding and performance is smooth.,4.5
391,"Good product, fast delivery. Price could be slightly lower, but battery and display performance are top notch.",4.0
392,Excellent value for money. Build quality of Nintendo Gaming 1000 Mechanical Gaming Keyboard is outstanding and performance is smooth.,4.5
392,"Good product, fast delivery. Price could be slightly lower, but battery and display performance are top notch.",4.0
393,Excellent value for money. Build quality of Microsoft Xbox Gaming 14 Console Edition is outstanding and performance is smooth.,4.5
393,"Good product, fast delivery. Price could be slightly lower, but battery and display performance are top notch.",4.0
394,Excellent value for money. Build quality of Microsoft Xbox Gaming 500 Wireless Controller is outstanding and performance is smooth.,4.5
394,"Good product, fast delivery. Price could be slightly lower, but battery and display performance are top notch.",4.0
395,Excellent value for money. Build quality of Corsair Gaming 50 Surround Sound Gaming Headset is outstanding and performance is smooth.,4.5
395,"Good product, fast delivery. Price could be slightly lower, but battery and display performance are top notch.",4.0
396,Excellent value for money. Build quality of Corsair Gaming 500 Mechanical Gaming Keyboard is outstanding and performance is smooth.,4.5
396,"Good product, fast delivery. Price could be slightly lower, but battery and display performance are top notch.",4.0
397,Excellent value for money. Build quality of Razer Gaming 50 Console Edition is outstanding and performance is smooth.,4.5
397,"Good product, fast delivery. Price could be slightly lower, but battery and display performance are top notch.",4.0
398,Excellent value for money. Build quality of Nintendo Gaming 24 Console Edition is outstanding and performance is smooth.,4.5
398,"Good product, fast delivery. Price could be slightly lower, but battery and display performance are top notch.",4.0
399,Excellent value for money. Build quality of Nintendo Gaming 50 Surround Sound Gaming Headset is outstanding and performance is smooth.,4.5
399,"Good product, fast delivery. Price could be slightly lower, but battery and display performance are top notch.",4.0
400,Excellent value for money. Build quality of Nintendo Gaming 12 Mechanical Gaming Keyboard is outstanding and performance is smooth.,4.5
400,"Good product, fast delivery. Price could be slightly lower, but battery and display performance are top notch.",4.0
401,Excellent value for money. Build quality of GoPro Cameras & Drone 50 Vlogging Kit is outstanding and performance is smooth.,4.5
401,"Good product, fast delivery. Price could be slightly lower, but battery and display performance are top notch.",4.0
402,Excellent value for money. Build quality of GoPro Cameras & Drone 24 Action Camera Waterproof is outstanding and performance is smooth.,4.5
402,"Good product, fast delivery. Price could be slightly lower, but battery and display performance are top notch.",4.0
403,Excellent value for money. Build quality of Sony Cameras & Drone 12 Vlogging Kit is outstanding and performance is smooth.,4.5
403,"Good product, fast delivery. Price could be slightly lower, but battery and display performance are top notch.",4.0
404,Excellent value for money. Build quality of GoPro Cameras & Drone 10 Action Camera Waterproof is outstanding and performance is smooth.,4.5
404,"Good product, fast delivery. Price could be slightly lower, but battery and display performance are top notch.",4.0
405,Excellent value for money. Build quality of DJI Cameras & Drone 24 Action Camera Waterproof is outstanding and performance is smooth.,4.5
405,"Good product, fast delivery. Price could be slightly lower, but battery and display performance are top notch.",4.0
406,Excellent value for money. Build quality of DJI Cameras & Drone 24 Vlogging Kit is outstanding and performance is smooth.,4.5
406,"Good product, fast delivery. Price could be slightly lower, but battery and display performance are top notch.",4.0
407,Excellent value for money. Build quality of Sony Cameras & Drone 12 Compact 4K Drone is outstanding and performance is smooth.,4.5
407,"Good product, fast delivery. Price could be slightly lower, but battery and display performance are top notch.",4.0
408,Excellent value for money. Build quality of Nikon Cameras & Drone 24 Action Camera Waterproof is outstanding and performance is smooth.,4.5
408,"Good product, fast delivery. Price could be slightly lower, but battery and display performance are top notch.",4.0
409,Excellent value for money. Build quality of Nikon Cameras & Drone 500 Compact 4K Drone is outstanding and performance is smooth.,4.5
409,"Good product, fast delivery. Price could be slightly lower, but battery and display performance are top notch.",4.0
410,Excellent value for money. Build quality of GoPro Cameras & Drone 20 Mirrorless Camera 4K is outstanding and performance is smooth.,4.5
410,"Good product, fast delivery. Price could be slightly lower, but battery and display performance are top notch.",4.0
411,Excellent value for money. Build quality of Canon Cameras & Drone 500 Mirrorless Camera 4K is outstanding and performance is smooth.,4.5
411,"Good product, fast delivery. Price could be slightly lower, but battery and display performance are top notch.",4.0
412,Excellent value for money. Build quality of Sony Cameras & Drone 20 Compact 4K Drone is outstanding and performance is smooth.,4.5
412,"Good product, fast delivery. Price could be slightly lower, but battery and display performance are top notch.",4.0
413,Excellent value for money. Build quality of Nikon Cameras & Drone 15 Vlogging Kit is outstanding and performance is smooth.,4.5
413,"Good product, fast delivery. Price could be slightly lower, but battery and display performance are top notch.",4.0
414,Excellent value for money. Build quality of Canon Cameras & Drone 20 Mirrorless Camera 4K is outstanding and performance is smooth.,4.5
414,"Good product, fast delivery. Price could be slightly lower, but battery and display performance are top notch.",4.0
415,Excellent value for money. Build quality of Fujifilm Cameras & Drone 200 Compact 4K Drone is outstanding and performance is smooth.,4.5
415,"Good product, fast delivery. Price could be slightly lower, but battery and display performance are top notch.",4.0
416,Excellent value for money. Build quality of Canon Cameras & Drone 14 Action Camera Waterproof is outstanding and performance is smooth.,4.5
416,"Good product, fast delivery. Price could be slightly lower, but battery and display performance are top notch.",4.0
417,Excellent value for money. Build quality of Sony Cameras & Drone 24 Vlogging Kit is outstanding and performance is smooth.,4.5
417,"Good product, fast delivery. Price could be slightly lower, but battery and display performance are top notch.",4.0
418,Excellent value for money. Build quality of GoPro Cameras & Drone 1000 Compact 4K Drone is outstanding and performance is smooth.,4.5
418,"Good product, fast delivery. Price could be slightly lower, but battery and display performance are top notch.",4.0
419,Excellent value for money. Build quality of GoPro Cameras & Drone 20 Action Camera Waterproof is outstanding and performance is smooth.,4.5
419,"Good product, fast delivery. Price could be slightly lower, but battery and display performance are top notch.",4.0
420,Excellent value for money. Build quality of Nikon Cameras & Drone 50 Vlogging Kit is outstanding and performance is smooth.,4.5
420,"Good product, fast delivery. Price could be slightly lower, but battery and display performance are top notch.",4.0
421,Excellent value for money. Build quality of GoPro Cameras & Drone 14 Vlogging Kit is outstanding and performance is smooth.,4.5
421,"Good product, fast delivery. Price could be slightly lower, but battery and display performance are top notch.",4.0
422,Excellent value for money. Build quality of Nikon Cameras & Drone 500 Mirrorless Camera 4K is outstanding and performance is smooth.,4.5
422,"Good product, fast delivery. Price could be slightly lower, but battery and display performance are top notch.",4.0
423,Excellent value for money. Build quality of GoPro Cameras & Drone 1000 Mirrorless Camera 4K is outstanding and performance is smooth.,4.5
423,"Good product, fast delivery. Price could be slightly lower, but battery and display performance are top notch.",4.0
424,Excellent value for money. Build quality of Sony Cameras & Drone 20 Action Camera Waterproof is outstanding and performance is smooth.,4.5
424,"Good product, fast delivery. Price could be slightly lower, but battery and display performance are top notch.",4.0
425,Excellent value for money. Build quality of DJI Cameras & Drone 15 Mirrorless Camera 4K is outstanding and performance is smooth.,4.5
425,"Good product, fast delivery. Price could be slightly lower, but battery and display performance are top notch.",4.0
426,Excellent value for money. Build quality of Sony Cameras & Drone 10 Vlogging Kit is outstanding and performance is smooth.,4.5
426,"Good product, fast delivery. Price could be slightly lower, but battery and display performance are top notch.",4.0
427,Excellent value for money. Build quality of Canon Cameras & Drone 12 Vlogging Kit is outstanding and performance is smooth.,4.5
427,"Good product, fast delivery. Price could be slightly lower, but battery and display performance are top notch.",4.0
428,Excellent value for money. Build quality of Sony Cameras & Drone 12 Compact 4K Drone is outstanding and performance is smooth.,4.5
428,"Good product, fast delivery. Price could be slightly lower, but battery and display performance are top notch.",4.0
429,Excellent value for money. Build quality of Canon Cameras & Drone 20 Mirrorless Camera 4K is outstanding and performance is smooth.,4.5
429,"Good product, fast delivery. Price could be slightly lower, but battery and display performance are top notch.",4.0
430,Excellent value for money. Build quality of Fujifilm Cameras & Drone 50 Vlogging Kit is outstanding and performance is smooth.,4.5
430,"Good product, fast delivery. Price could be slightly lower, but battery and display performance are top notch.",4.0
431,Excellent value for money. Build quality of Sony Cameras & Drone 15 Compact 4K Drone is outstanding and performance is smooth.,4.5
431,"Good product, fast delivery. Price could be slightly lower, but battery and display performance are top notch.",4.0
432,Excellent value for money. Build quality of Sony Cameras & Drone 15 Compact 4K Drone is outstanding and performance is smooth.,4.5
432,"Good product, fast delivery. Price could be slightly lower, but battery and display performance are top notch.",4.0
433,Excellent value for money. Build quality of Sony Cameras & Drone 30 Action Camera Waterproof is outstanding and performance is smooth.,4.5
433,"Good product, fast delivery. Price could be slightly lower, but battery and display performance are top notch.",4.0
434,Excellent value for money. Build quality of Sony Cameras & Drone 200 Vlogging Kit is outstanding and performance is smooth.,4.5
434,"Good product, fast delivery. Price could be slightly lower, but battery and display performance are top notch.",4.0
435,Excellent value for money. Build quality of Fujifilm Cameras & Drone 20 Action Camera Waterproof is outstanding and performance is smooth.,4.5
435,"Good product, fast delivery. Price could be slightly lower, but battery and display performance are top notch.",4.0
436,Excellent value for money. Build quality of GoPro Cameras & Drone 15 Compact 4K Drone is outstanding and performance is smooth.,4.5
436,"Good product, fast delivery. Price could be slightly lower, but battery and display performance are top notch.",4.0
437,Excellent value for money. Build quality of Fujifilm Cameras & Drone 100 Mirrorless Camera 4K is outstanding and performance is smooth.,4.5
437,"Good product, fast delivery. Price could be slightly lower, but battery and display performance are top notch.",4.0
438,Excellent value for money. Build quality of GoPro Cameras & Drone 30 Mirrorless Camera 4K is outstanding and performance is smooth.,4.5
438,"Good product, fast delivery. Price could be slightly lower, but battery and display performance are top notch.",4.0
439,Excellent value for money. Build quality of Fujifilm Cameras & Drone 24 Vlogging Kit is outstanding and performance is smooth.,4.5
439,"Good product, fast delivery. Price could be slightly lower, but battery and display performance are top notch.",4.0
440,Excellent value for money. Build quality of Nikon Cameras & Drone 24 Mirrorless Camera 4K is outstanding and performance is smooth.,4.5
440,"Good product, fast delivery. Price could be slightly lower, but battery and display performance are top notch.",4.0
441,Excellent value for money. Build quality of GoPro Cameras & Drone 14 Compact 4K Drone is outstanding and performance is smooth.,4.5
441,"Good product, fast delivery. Price could be slightly lower, but battery and display performance are top notch.",4.0
442,Excellent value for money. Build quality of GoPro Cameras & Drone 500 Compact 4K Drone is outstanding and performance is smooth.,4.5
442,"Good product, fast delivery. Price could be slightly lower, but battery and display performance are top notch.",4.0
443,Excellent value for money. Build quality of Fujifilm Cameras & Drone 500 Vlogging Kit is outstanding and performance is smooth.,4.5
443,"Good product, fast delivery. Price could be slightly lower, but battery and display performance are top notch.",4.0
444,Excellent value for money. Build quality of Sony Cameras & Drone 10 Vlogging Kit is outstanding and performance is smooth.,4.5
444,"Good product, fast delivery. Price could be slightly lower, but battery and display performance are top notch.",4.0
445,Excellent value for money. Build quality of Sony Cameras & Drone 10 Action Camera Waterproof is outstanding and performance is smooth.,4.5
445,"Good product, fast delivery. Price could be slightly lower, but battery and display performance are top notch.",4.0
446,Excellent value for money. Build quality of GoPro Cameras & Drone 100 Vlogging Kit is outstanding and performance is smooth.,4.5
446,"Good product, fast delivery. Price could be slightly lower, but battery and display performance are top notch.",4.0
447,Excellent value for money. Build quality of Sony Cameras & Drone 20 Action Camera Waterproof is outstanding and performance is smooth.,4.5
447,"Good product, fast delivery. Price could be slightly lower, but battery and display performance are top notch.",4.0
448,Excellent value for money. Build quality of Fujifilm Cameras & Drone 20 Compact 4K Drone is outstanding and performance is smooth.,4.5
448,"Good product, fast delivery. Price could be slightly lower, but battery and display performance are top notch.",4.0
449,Excellent value for money. Build quality of DJI Cameras & Drone 1000 Vlogging Kit is outstanding and performance is smooth.,4.5
449,"Good product, fast delivery. Price could be slightly lower, but battery and display performance are top notch.",4.0
450,Excellent value for money. Build quality of Nikon Cameras & Drone 50 Action Camera Waterproof is outstanding and performance is smooth.,4.5
450,"Good product, fast delivery. Price could be slightly lower, but battery and display performance are top notch.",4.0
451,Excellent value for money. Build quality of Hisense Smart TVs & Home 20 Dolby Vision Smart TV 55 inch is outstanding and performance is smooth.,4.5
451,"Good product, fast delivery. Price could be slightly lower, but battery and display performance are top notch.",4.0
452,Excellent value for money. Build quality of Sony Smart TVs & Home 200 OLED Cinema Display TV is outstanding and performance is smooth.,4.5
452,"Good product, fast delivery. Price could be slightly lower, but battery and display performance are top notch.",4.0
453,Excellent value for money. Build quality of LG Smart TVs & Home 12 4K Ultra HD Smart QLED TV is outstanding and performance is smooth.,4.5
453,"Good product, fast delivery. Price could be slightly lower, but battery and display performance are top notch.",4.0
454,Excellent value for money. Build quality of LG Smart TVs & Home 200 OLED Cinema Display TV is outstanding and performance is smooth.,4.5
454,"Good product, fast delivery. Price could be slightly lower, but battery and display performance are top notch.",4.0
455,Excellent value for money. Build quality of OnePlus Smart TVs & Home 24 OLED Cinema Display TV is outstanding and performance is smooth.,4.5
455,"Good product, fast delivery. Price could be slightly lower, but battery and display performance are top notch.",4.0
456,Excellent value for money. Build quality of OnePlus Smart TVs & Home 200 OLED Cinema Display TV is outstanding and performance is smooth.,4.5
456,"Good product, fast delivery. Price could be slightly lower, but battery and display performance are top notch.",4.0
457,Excellent value for money. Build quality of OnePlus Smart TVs & Home 12 4K Ultra HD Smart QLED TV is outstanding and performance is smooth.,4.5
457,"Good product, fast delivery. Price could be slightly lower, but battery and display performance are top notch.",4.0
458,Excellent value for money. Build quality of LG Smart TVs & Home 1000 Dolby Vision Smart TV 55 inch is outstanding and performance is smooth.,4.5
458,"Good product, fast delivery. Price could be slightly lower, but battery and display performance are top notch.",4.0
459,Excellent value for money. Build quality of Sony Smart TVs & Home 200 4K Ultra HD Smart QLED TV is outstanding and performance is smooth.,4.5
459,"Good product, fast delivery. Price could be slightly lower, but battery and display performance are top notch.",4.0
460,Excellent value for money. Build quality of Sony Smart TVs & Home 12 4K Ultra HD Smart QLED TV is outstanding and performance is smooth.,4.5
460,"Good product, fast delivery. Price could be slightly lower, but battery and display performance are top notch.",4.0
461,Excellent value for money. Build quality of LG Smart TVs & Home 200 OLED Cinema Display TV is outstanding and performance is smooth.,4.5
461,"Good product, fast delivery. Price could be slightly lower, but battery and display performance are top notch.",4.0
462,Excellent value for money. Build quality of OnePlus Smart TVs & Home 24 OLED Cinema Display TV is outstanding and performance is smooth.,4.5
462,"Good product, fast delivery. Price could be slightly lower, but battery and display performance are top notch.",4.0
463,Excellent value for money. Build quality of Hisense Smart TVs & Home 200 4K Ultra HD Smart QLED TV is outstanding and performance is smooth.,4.5
463,"Good product, fast delivery. Price could be slightly lower, but battery and display performance are top notch.",4.0
464,Excellent value for money. Build quality of TCL Smart TVs & Home 500 OLED Cinema Display TV is outstanding and performance is smooth.,4.5
464,"Good product, fast delivery. Price could be slightly lower, but battery and display performance are top notch.",4.0
465,Excellent value for money. Build quality of Sony Smart TVs & Home 1000 4K Ultra HD Smart QLED TV is outstanding and performance is smooth.,4.5
465,"Good product, fast delivery. Price could be slightly lower, but battery and display performance are top notch.",4.0
466,Excellent value for money. Build quality of Xiaomi Smart TVs & Home 100 OLED Cinema Display TV is outstanding and performance is smooth.,4.5
466,"Good product, fast delivery. Price could be slightly lower, but battery and display performance are top notch.",4.0
467,Excellent value for money. Build quality of Hisense Smart TVs & Home 1000 OLED Cinema Display TV is outstanding and performance is smooth.,4.5
467,"Good product, fast delivery. Price could be slightly lower, but battery and display performance are top notch.",4.0
468,Excellent value for money. Build quality of Xiaomi Smart TVs & Home 1000 OLED Cinema Display TV is outstanding and performance is smooth.,4.5
468,"Good product, fast delivery. Price could be slightly lower, but battery and display performance are top notch.",4.0
469,Excellent value for money. Build quality of Sony Smart TVs & Home 12 4K Ultra HD Smart QLED TV is outstanding and performance is smooth.,4.5
469,"Good product, fast delivery. Price could be slightly lower, but battery and display performance are top notch.",4.0
470,Excellent value for money. Build quality of OnePlus Smart TVs & Home 12 OLED Cinema Display TV is outstanding and performance is smooth.,4.5
470,"Good product, fast delivery. Price could be slightly lower, but battery and display performance are top notch.",4.0
471,Excellent value for money. Build quality of OnePlus Smart TVs & Home 1000 OLED Cinema Display TV is outstanding and performance is smooth.,4.5
471,"Good product, fast delivery. Price could be slightly lower, but battery and display performance are top notch.",4.0
472,Excellent value for money. Build quality of LG Smart TVs & Home 1000 4K Ultra HD Smart QLED TV is outstanding and performance is smooth.,4.5
472,"Good product, fast delivery. Price could be slightly lower, but battery and display performance are top notch.",4.0
473,Excellent value for money. Build quality of Hisense Smart TVs & Home 100 OLED Cinema Display TV is outstanding and performance is smooth.,4.5
473,"Good product, fast delivery. Price could be slightly lower, but battery and display performance are top notch.",4.0
474,Excellent value for money. Build quality of Samsung Smart TVs & Home 15 4K Ultra HD Smart QLED TV is outstanding and performance is smooth.,4.5
474,"Good product, fast delivery. Price could be slightly lower, but battery and display performance are top notch.",4.0
475,Excellent value for money. Build quality of LG Smart TVs & Home 200 Dolby Vision Smart TV 55 inch is outstanding and performance is smooth.,4.5
475,"Good product, fast delivery. Price could be slightly lower, but battery and display performance are top notch.",4.0
476,Excellent value for money. Build quality of Hisense Smart TVs & Home 14 Dolby Vision Smart TV 55 inch is outstanding and performance is smooth.,4.5
476,"Good product, fast delivery. Price could be slightly lower, but battery and display performance are top notch.",4.0
477,Excellent value for money. Build quality of Sony Smart TVs & Home 30 OLED Cinema Display TV is outstanding and performance is smooth.,4.5
477,"Good product, fast delivery. Price could be slightly lower, but battery and display performance are top notch.",4.0
478,Excellent value for money. Build quality of Hisense Smart TVs & Home 200 OLED Cinema Display TV is outstanding and performance is smooth.,4.5
478,"Good product, fast delivery. Price could be slightly lower, but battery and display performance are top notch.",4.0
479,Excellent value for money. Build quality of LG Smart TVs & Home 12 Dolby Vision Smart TV 55 inch is outstanding and performance is smooth.,4.5
479,"Good product, fast delivery. Price could be slightly lower, but battery and display performance are top notch.",4.0
480,Excellent value for money. Build quality of OnePlus Smart TVs & Home 24 Dolby Vision Smart TV 55 inch is outstanding and performance is smooth.,4.5
480,"Good product, fast delivery. Price could be slightly lower, but battery and display performance are top notch.",4.0
481,Excellent value for money. Build quality of Hisense Smart TVs & Home 30 4K Ultra HD Smart QLED TV is outstanding and performance is smooth.,4.5
481,"Good product, fast delivery. Price could be slightly lower, but battery and display performance are top notch.",4.0
482,Excellent value for money. Build quality of Hisense Smart TVs & Home 100 4K Ultra HD Smart QLED TV is outstanding and performance is smooth.,4.5
482,"Good product, fast delivery. Price could be slightly lower, but battery and display performance are top notch.",4.0
483,Excellent value for money. Build quality of Samsung Smart TVs & Home 24 4K Ultra HD Smart QLED TV is outstanding and performance is smooth.,4.5
483,"Good product, fast delivery. Price could be slightly lower, but battery and display performance are top notch.",4.0
484,Excellent value for money. Build quality of Xiaomi Smart TVs & Home 12 OLED Cinema Display TV is outstanding and performance is smooth.,4.5
484,"Good product, fast delivery. Price could be slightly lower, but battery and display performance are top notch.",4.0
485,Excellent value for money. Build quality of OnePlus Smart TVs & Home 20 Dolby Vision Smart TV 55 inch is outstanding and performance is smooth.,4.5
485,"Good product, fast delivery. Price could be slightly lower, but battery and display performance are top notch.",4.0
486,Excellent value for money. Build quality of Xiaomi Smart TVs & Home 12 Dolby Vision Smart TV 55 inch is outstanding and performance is smooth.,4.5
486,"Good product, fast delivery. Price could be slightly lower, but battery and display performance are top notch.",4.0
487,Excellent value for money. Build quality of Xiaomi Smart TVs & Home 14 Dolby Vision Smart TV 55 inch is outstanding and performance is smooth.,4.5
487,"Good product, fast delivery. Price could be slightly lower, but battery and display performance are top notch.",4.0
488,Excellent value for money. Build quality of Hisense Smart TVs & Home 10 Dolby Vision Smart TV 55 inch is outstanding and performance is smooth.,4.5
488,"Good product, fast delivery. Price could be slightly lower, but battery and display performance are top notch.",4.0
489,Excellent value for money. Build quality of Sony Smart TVs & Home 200 Dolby Vision Smart TV 55 inch is outstanding and performance is smooth.,4.5
489,"Good product, fast delivery. Price could be slightly lower, but battery and display performance are top notch.",4.0
490,Excellent value for money. Build quality of Hisense Smart TVs & Home 30 Dolby Vision Smart TV 55 inch is outstanding and performance is smooth.,4.5
490,"Good product, fast delivery. Price could be slightly lower, but battery and display performance are top notch.",4.0
491,Excellent value for money. Build quality of TCL Smart TVs & Home 100 Dolby Vision Smart TV 55 inch is outstanding and performance is smooth.,4.5
491,"Good product, fast delivery. Price could be slightly lower, but battery and display performance are top notch.",4.0
492,Excellent value for money. Build quality of TCL Smart TVs & Home 500 4K Ultra HD Smart QLED TV is outstanding and performance is smooth.,4.5
492,"Good product, fast delivery. Price could be slightly lower, but battery and display performance are top notch.",4.0
493,Excellent value for money. Build quality of TCL Smart TVs & Home 1000 4K Ultra HD Smart QLED TV is outstanding and performance is smooth.,4.5
493,"Good product, fast delivery. Price could be slightly lower, but battery and display performance are top notch.",4.0
494,Excellent value for money. Build quality of TCL Smart TVs & Home 50 OLED Cinema Display TV is outstanding and performance is smooth.,4.5
494,"Good product, fast delivery. Price could be slightly lower, but battery and display performance are top notch.",4.0
495,Excellent value for money. Build quality of LG Smart TVs & Home 14 Dolby Vision Smart TV 55 inch is outstanding and performance is smooth.,4.5
495,"Good product, fast delivery. Price could be slightly lower, but battery and display performance are top notch.",4.0
496,Excellent value for money. Build quality of OnePlus Smart TVs & Home 30 OLED Cinema Display TV is outstanding and performance is smooth.,4.5
496,"Good product, fast delivery. Price could be slightly lower, but battery and display performance are top notch.",4.0
497,Excellent value for money. Build quality of Xiaomi Smart TVs & Home 12 Dolby Vision Smart TV 55 inch is outstanding and performance is smooth.,4.5
497,"Good product, fast delivery. Price could be slightly lower, but battery and display performance are top notch.",4.0
498,Excellent value for money. Build quality of TCL Smart TVs & Home 20 4K Ultra HD Smart QLED TV is outstanding and performance is smooth.,4.5
498,"Good product, fast delivery. Price could be slightly lower, but battery and display performance are top notch.",4.0
499,Excellent value for money. Build quality of Samsung Smart TVs & Home 10 4K Ultra HD Smart QLED TV is outstanding and performance is smooth.,4.5
499,"Good product, fast delivery. Price could be slightly lower, but battery and display performance are top notch.",4.0
500,Excellent value for money. Build quality of Hisense Smart TVs & Home 30 Dolby Vision Smart TV 55 inch is outstanding and performance is smooth.,4.5
500,"Good product, fast delivery. Price could be slightly lower, but battery and display performance are top notch.",4.0
501,Excellent value for money. Build quality of Lenovo Tablets & E-Reader 1000 Pro 12.9 Tablet is outstanding and performance is smooth.,4.5
501,"Good product, fast delivery. Price could be slightly lower, but battery and display performance are top notch.",4.0
502,Excellent value for money. Build quality of Samsung Tablets & E-Reader 100 Paperwhite E-Reader is outstanding and performance is smooth.,4.5
502,"Good product, fast delivery. Price could be slightly lower, but battery and display performance are top notch.",4.0
503,Excellent value for money. Build quality of Lenovo Tablets & E-Reader 10 Paperwhite E-Reader is outstanding and performance is smooth.,4.5
503,"Good product, fast delivery. Price could be slightly lower, but battery and display performance are top notch.",4.0
504,Excellent value for money. Build quality of Xiaomi Tablets & E-Reader 15 Paperwhite E-Reader is outstanding and performance is smooth.,4.5
504,"Good product, fast delivery. Price could be slightly lower, but battery and display performance are top notch.",4.0
505,Excellent value for money. Build quality of Apple Tablets & E-Reader 20 11-inch Wi-Fi Tablet is outstanding and performance is smooth.,4.5
505,"Good product, fast delivery. Price could be slightly lower, but battery and display performance are top notch.",4.0
506,Excellent value for money. Build quality of Lenovo Tablets & E-Reader 10 Pro 12.9 Tablet is outstanding and performance is smooth.,4.5
506,"Good product, fast delivery. Price could be slightly lower, but battery and display performance are top notch.",4.0
507,Excellent value for money. Build quality of Amazon Kindle Tablets & E-Reader 20 11-inch Wi-Fi Tablet is outstanding and performance is smooth.,4.5
507,"Good product, fast delivery. Price could be slightly lower, but battery and display performance are top notch.",4.0
508,Excellent value for money. Build quality of Amazon Kindle Tablets & E-Reader 10 Paperwhite E-Reader is outstanding and performance is smooth.,4.5
508,"Good product, fast delivery. Price could be slightly lower, but battery and display performance are top notch.",4.0
509,Excellent value for money. Build quality of Xiaomi Tablets & E-Reader 15 Pro 12.9 Tablet is outstanding and performance is smooth.,4.5
509,"Good product, fast delivery. Price could be slightly lower, but battery and display performance are top notch.",4.0
510,Excellent value for money. Build quality of Apple Tablets & E-Reader 100 Paperwhite E-Reader is outstanding and performance is smooth.,4.5
510,"Good product, fast delivery. Price could be slightly lower, but battery and display performance are top notch.",4.0
511,Excellent value for money. Build quality of Xiaomi Tablets & E-Reader 200 Pro 12.9 Tablet is outstanding and performance is smooth.,4.5
511,"Good product, fast delivery. Price could be slightly lower, but battery and display performance are top notch.",4.0
512,Excellent value for money. Build quality of Apple Tablets & E-Reader 24 Paperwhite E-Reader is outstanding and performance is smooth.,4.5
512,"Good product, fast delivery. Price could be slightly lower, but battery and display performance are top notch.",4.0
513,Excellent value for money. Build quality of Xiaomi Tablets & E-Reader 14 Paperwhite E-Reader is outstanding and performance is smooth.,4.5
513,"Good product, fast delivery. Price could be slightly lower, but battery and display performance are top notch.",4.0
514,Excellent value for money. Build quality of Xiaomi Tablets & E-Reader 10 11-inch Wi-Fi Tablet is outstanding and performance is smooth.,4.5
514,"Good product, fast delivery. Price could be slightly lower, but battery and display performance are top notch.",4.0
515,Excellent value for money. Build quality of Lenovo Tablets & E-Reader 100 Paperwhite E-Reader is outstanding and performance is smooth.,4.5
515,"Good product, fast delivery. Price could be slightly lower, but battery and display performance are top notch.",4.0
516,Excellent value for money. Build quality of Xiaomi Tablets & E-Reader 14 Pro 12.9 Tablet is outstanding and performance is smooth.,4.5
516,"Good product, fast delivery. Price could be slightly lower, but battery and display performance are top notch.",4.0
517,Excellent value for money. Build quality of Samsung Tablets & E-Reader 200 Paperwhite E-Reader is outstanding and performance is smooth.,4.5
517,"Good product, fast delivery. Price could be slightly lower, but battery and display performance are top notch.",4.0
518,Excellent value for money. Build quality of Xiaomi Tablets & E-Reader 100 Paperwhite E-Reader is outstanding and performance is smooth.,4.5
518,"Good product, fast delivery. Price could be slightly lower, but battery and display performance are top notch.",4.0
519,Excellent value for money. Build quality of Xiaomi Tablets & E-Reader 50 Paperwhite E-Reader is outstanding and performance is smooth.,4.5
519,"Good product, fast delivery. Price could be slightly lower, but battery and display performance are top notch.",4.0
520,Excellent value for money. Build quality of Lenovo Tablets & E-Reader 500 Paperwhite E-Reader is outstanding and performance is smooth.,4.5
520,"Good product, fast delivery. Price could be slightly lower, but battery and display performance are top notch.",4.0
521,Excellent value for money. Build quality of Xiaomi Tablets & E-Reader 1000 Paperwhite E-Reader is outstanding and performance is smooth.,4.5
521,"Good product, fast delivery. Price could be slightly lower, but battery and display performance are top notch.",4.0
522,Excellent value for money. Build quality of Xiaomi Tablets & E-Reader 20 Paperwhite E-Reader is outstanding and performance is smooth.,4.5
522,"Good product, fast delivery. Price could be slightly lower, but battery and display performance are top notch.",4.0
523,Excellent value for money. Build quality of Apple Tablets & E-Reader 50 Pro 12.9 Tablet is outstanding and performance is smooth.,4.5
523,"Good product, fast delivery. Price could be slightly lower, but battery and display performance are top notch.",4.0
524,Excellent value for money. Build quality of Samsung Tablets & E-Reader 15 Pro 12.9 Tablet is outstanding and performance is smooth.,4.5
524,"Good product, fast delivery. Price could be slightly lower, but battery and display performance are top notch.",4.0
525,Excellent value for money. Build quality of Samsung Tablets & E-Reader 50 11-inch Wi-Fi Tablet is outstanding and performance is smooth.,4.5
525,"Good product, fast delivery. Price could be slightly lower, but battery and display performance are top notch.",4.0
526,Excellent value for money. Build quality of Samsung Tablets & E-Reader 1000 Paperwhite E-Reader is outstanding and performance is smooth.,4.5
526,"Good product, fast delivery. Price could be slightly lower, but battery and display performance are top notch.",4.0
527,Excellent value for money. Build quality of Xiaomi Tablets & E-Reader 50 Pro 12.9 Tablet is outstanding and performance is smooth.,4.5
527,"Good product, fast delivery. Price could be slightly lower, but battery and display performance are top notch.",4.0
528,Excellent value for money. Build quality of Samsung Tablets & E-Reader 15 Pro 12.9 Tablet is outstanding and performance is smooth.,4.5
528,"Good product, fast delivery. Price could be slightly lower, but battery and display performance are top notch.",4.0
529,Excellent value for money. Build quality of Amazon Kindle Tablets & E-Reader 30 Pro 12.9 Tablet is outstanding and performance is smooth.,4.5
529,"Good product, fast delivery. Price could be slightly lower, but battery and display performance are top notch.",4.0
530,Excellent value for money. Build quality of Amazon Kindle Tablets & E-Reader 24 Pro 12.9 Tablet is outstanding and performance is smooth.,4.5
530,"Good product, fast delivery. Price could be slightly lower, but battery and display performance are top notch.",4.0
531,Excellent value for money. Build quality of Lenovo Tablets & E-Reader 50 Pro 12.9 Tablet is outstanding and performance is smooth.,4.5
531,"Good product, fast delivery. Price could be slightly lower, but battery and display performance are top notch.",4.0
532,Excellent value for money. Build quality of Lenovo Tablets & E-Reader 20 Pro 12.9 Tablet is outstanding and performance is smooth.,4.5
532,"Good product, fast delivery. Price could be slightly lower, but battery and display performance are top notch.",4.0
533,Excellent value for money. Build quality of Lenovo Tablets & E-Reader 15 Pro 12.9 Tablet is outstanding and performance is smooth.,4.5
533,"Good product, fast delivery. Price could be slightly lower, but battery and display performance are top notch.",4.0
534,Excellent value for money. Build quality of Lenovo Tablets & E-Reader 24 Paperwhite E-Reader is outstanding and performance is smooth.,4.5
534,"Good product, fast delivery. Price could be slightly lower, but battery and display performance are top notch.",4.0
535,Excellent value for money. Build quality of Lenovo Tablets & E-Reader 200 11-inch Wi-Fi Tablet is outstanding and performance is smooth.,4.5
535,"Good product, fast delivery. Price could be slightly lower, but battery and display performance are top notch.",4.0
536,Excellent value for money. Build quality of Amazon Kindle Tablets & E-Reader 14 Paperwhite E-Reader is outstanding and performance is smooth.,4.5
536,"Good product, fast delivery. Price could be slightly lower, but battery and display performance are top notch.",4.0
537,Excellent value for money. Build quality of Lenovo Tablets & E-Reader 12 Pro 12.9 Tablet is outstanding and performance is smooth.,4.5
537,"Good product, fast delivery. Price could be slightly lower, but battery and display performance are top notch.",4.0
538,Excellent value for money. Build quality of Lenovo Tablets & E-Reader 50 Pro 12.9 Tablet is outstanding and performance is smooth.,4.5
538,"Good product, fast delivery. Price could be slightly lower, but battery and display performance are top notch.",4.0
539,Excellent value for money. Build quality of Xiaomi Tablets & E-Reader 100 Paperwhite E-Reader is outstanding and performance is smooth.,4.5
539,"Good product, fast delivery. Price could be slightly lower, but battery and display performance are top notch.",4.0
540,Excellent value for money. Build quality of Samsung Tablets & E-Reader 200 11-inch Wi-Fi Tablet is outstanding and performance is smooth.,4.5
540,"Good product, fast delivery. Price could be slightly lower, but battery and display performance are top notch.",4.0
541,Excellent value for money. Build quality of Samsung Tablets & E-Reader 500 11-inch Wi-Fi Tablet is outstanding and performance is smooth.,4.5
541,"Good product, fast delivery. Price could be slightly lower, but battery and display performance are top notch.",4.0
542,Excellent value for money. Build quality of Samsung Tablets & E-Reader 12 11-inch Wi-Fi Tablet is outstanding and performance is smooth.,4.5
542,"Good product, fast delivery. Price could be slightly lower, but battery and display performance are top notch.",4.0
543,Excellent value for money. Build quality of Amazon Kindle Tablets & E-Reader 500 11-inch Wi-Fi Tablet is outstanding and performance is smooth.,4.5
543,"Good product, fast delivery. Price could be slightly lower, but battery and display performance are top notch.",4.0
544,Excellent value for money. Build quality of Apple Tablets & E-Reader 14 Pro 12.9 Tablet is outstanding and performance is smooth.,4.5
544,"Good product, fast delivery. Price could be slightly lower, but battery and display performance are top notch.",4.0
545,Excellent value for money. Build quality of Amazon Kindle Tablets & E-Reader 15 Pro 12.9 Tablet is outstanding and performance is smooth.,4.5
545,"Good product, fast delivery. Price could be slightly lower, but battery and display performance are top notch.",4.0
546,Excellent value for money. Build quality of Lenovo Tablets & E-Reader 500 Paperwhite E-Reader is outstanding and performance is smooth.,4.5
546,"Good product, fast delivery. Price could be slightly lower, but battery and display performance are top notch.",4.0
547,Excellent value for money. Build quality of Xiaomi Tablets & E-Reader 100 11-inch Wi-Fi Tablet is outstanding and performance is smooth.,4.5
547,"Good product, fast delivery. Price could be slightly lower, but battery and display performance are top notch.",4.0
548,Excellent value for money. Build quality of Samsung Tablets & E-Reader 14 Paperwhite E-Reader is outstanding and performance is smooth.,4.5
548,"Good product, fast delivery. Price could be slightly lower, but battery and display performance are top notch.",4.0
549,Excellent value for money. Build quality of Amazon Kindle Tablets & E-Reader 1000 11-inch Wi-Fi Tablet is outstanding and performance is smooth.,4.5
549,"Good product, fast delivery. Price could be slightly lower, but battery and display performance are top notch.",4.0
550,Excellent value for money. Build quality of Apple Tablets & E-Reader 20 11-inch Wi-Fi Tablet is outstanding and performance is smooth.,4.5
550,"Good product, fast delivery. Price could be slightly lower, but battery and display performance are top notch.",4.0
551,Excellent value for money. Build quality of Dell Monitors & Display 50 4K IPS Color Accurate Monitor is outstanding and performance is smooth.,4.5
551,"Good product, fast delivery. Price could be slightly lower, but battery and display performance are top notch.",4.0
552,Excellent value for money. Build quality of Samsung Monitors & Display 50 34-inch Curved Ultrawide Monitor is outstanding and performance is smooth.,4.5
552,"Good product, fast delivery. Price could be slightly lower, but battery and display performance are top notch.",4.0
553,Excellent value for money. Build quality of LG Monitors & Display 14 4K IPS Color Accurate Monitor is outstanding and performance is smooth.,4.5
553,"Good product, fast delivery. Price could be slightly lower, but battery and display performance are top notch.",4.0
554,Excellent value for money. Build quality of ViewSonic Monitors & Display 10 27-inch 144Hz Gaming Monitor is outstanding and performance is smooth.,4.5
554,"Good product, fast delivery. Price could be slightly lower, but battery and display performance are top notch.",4.0
555,Excellent value for money. Build quality of Acer Monitors & Display 15 34-inch Curved Ultrawide Monitor is outstanding and performance is smooth.,4.5
555,"Good product, fast delivery. Price could be slightly lower, but battery and display performance are top notch.",4.0
556,Excellent value for money. Build quality of BenQ Monitors & Display 24 34-inch Curved Ultrawide Monitor is outstanding and performance is smooth.,4.5
556,"Good product, fast delivery. Price could be slightly lower, but battery and display performance are top notch.",4.0
557,Excellent value for money. Build quality of ViewSonic Monitors & Display 14 27-inch 144Hz Gaming Monitor is outstanding and performance is smooth.,4.5
557,"Good product, fast delivery. Price could be slightly lower, but battery and display performance are top notch.",4.0
558,Excellent value for money. Build quality of Dell Monitors & Display 10 27-inch 144Hz Gaming Monitor is outstanding and performance is smooth.,4.5
558,"Good product, fast delivery. Price could be slightly lower, but battery and display performance are top notch.",4.0
559,Excellent value for money. Build quality of Samsung Monitors & Display 20 4K IPS Color Accurate Monitor is outstanding and performance is smooth.,4.5
559,"Good product, fast delivery. Price could be slightly lower, but battery and display performance are top notch.",4.0
560,Excellent value for money. Build quality of Acer Monitors & Display 200 34-inch Curved Ultrawide Monitor is outstanding and performance is smooth.,4.5
560,"Good product, fast delivery. Price could be slightly lower, but battery and display performance are top notch.",4.0
561,Excellent value for money. Build quality of ViewSonic Monitors & Display 1000 4K IPS Color Accurate Monitor is outstanding and performance is smooth.,4.5
561,"Good product, fast delivery. Price could be slightly lower, but battery and display performance are top notch.",4.0
562,Excellent value for money. Build quality of ViewSonic Monitors & Display 50 27-inch 144Hz Gaming Monitor is outstanding and performance is smooth.,4.5
562,"Good product, fast delivery. Price could be slightly lower, but battery and display performance are top notch.",4.0
563,Excellent value for money. Build quality of BenQ Monitors & Display 100 34-inch Curved Ultrawide Monitor is outstanding and performance is smooth.,4.5
563,"Good product, fast delivery. Price could be slightly lower, but battery and display performance are top notch.",4.0
564,Excellent value for money. Build quality of ViewSonic Monitors & Display 24 4K IPS Color Accurate Monitor is outstanding and performance is smooth.,4.5
564,"Good product, fast delivery. Price could be slightly lower, but battery and display performance are top notch.",4.0
565,Excellent value for money. Build quality of Samsung Monitors & Display 50 27-inch 144Hz Gaming Monitor is outstanding and performance is smooth.,4.5
565,"Good product, fast delivery. Price could be slightly lower, but battery and display performance are top notch.",4.0
566,Excellent value for money. Build quality of ViewSonic Monitors & Display 24 34-inch Curved Ultrawide Monitor is outstanding and performance is smooth.,4.5
566,"Good product, fast delivery. Price could be slightly lower, but battery and display performance are top notch.",4.0
567,Excellent value for money. Build quality of Acer Monitors & Display 15 34-inch Curved Ultrawide Monitor is outstanding and performance is smooth.,4.5
567,"Good product, fast delivery. Price could be slightly lower, but battery and display performance are top notch.",4.0
568,Excellent value for money. Build quality of Acer Monitors & Display 100 4K IPS Color Accurate Monitor is outstanding and performance is smooth.,4.5
568,"Good product, fast delivery. Price could be slightly lower, but battery and display performance are top notch.",4.0
569,Excellent value for money. Build quality of Acer Monitors & Display 10 27-inch 144Hz Gaming Monitor is outstanding and performance is smooth.,4.5
569,"Good product, fast delivery. Price could be slightly lower, but battery and display performance are top notch.",4.0
570,Excellent value for money. Build quality of Acer Monitors & Display 14 34-inch Curved Ultrawide Monitor is outstanding and performance is smooth.,4.5
570,"Good product, fast delivery. Price could be slightly lower, but battery and display performance are top notch.",4.0
571,Excellent value for money. Build quality of Acer Monitors & Display 12 4K IPS Color Accurate Monitor is outstanding and performance is smooth.,4.5
571,"Good product, fast delivery. Price could be slightly lower, but battery and display performance are top notch.",4.0
572,Excellent value for money. Build quality of LG Monitors & Display 50 34-inch Curved Ultrawide Monitor is outstanding and performance is smooth.,4.5
572,"Good product, fast delivery. Price could be slightly lower, but battery and display performance are top notch.",4.0
573,Excellent value for money. Build quality of Samsung Monitors & Display 30 34-inch Curved Ultrawide Monitor is outstanding and performance is smooth.,4.5
573,"Good product, fast delivery. Price could be slightly lower, but battery and display performance are top notch.",4.0
574,Excellent value for money. Build quality of Acer Monitors & Display 500 4K IPS Color Accurate Monitor is outstanding and performance is smooth.,4.5
574,"Good product, fast delivery. Price could be slightly lower, but battery and display performance are top notch.",4.0
575,Excellent value for money. Build quality of BenQ Monitors & Display 10 4K IPS Color Accurate Monitor is outstanding and performance is smooth.,4.5
575,"Good product, fast delivery. Price could be slightly lower, but battery and display performance are top notch.",4.0
576,Excellent value for money. Build quality of LG Monitors & Display 24 4K IPS Color Accurate Monitor is outstanding and performance is smooth.,4.5
576,"Good product, fast delivery. Price could be slightly lower, but battery and display performance are top notch.",4.0
577,Excellent value for money. Build quality of LG Monitors & Display 10 4K IPS Color Accurate Monitor is outstanding and performance is smooth.,4.5
577,"Good product, fast delivery. Price could be slightly lower, but battery and display performance are top notch.",4.0
578,Excellent value for money. Build quality of Samsung Monitors & Display 500 27-inch 144Hz Gaming Monitor is outstanding and performance is smooth.,4.5
578,"Good product, fast delivery. Price could be slightly lower, but battery and display performance are top notch.",4.0
579,Excellent value for money. Build quality of BenQ Monitors & Display 30 4K IPS Color Accurate Monitor is outstanding and performance is smooth.,4.5
579,"Good product, fast delivery. Price could be slightly lower, but battery and display performance are top notch.",4.0
580,Excellent value for money. Build quality of ViewSonic Monitors & Display 100 34-inch Curved Ultrawide Monitor is outstanding and performance is smooth.,4.5
580,"Good product, fast delivery. Price could be slightly lower, but battery and display performance are top notch.",4.0
581,Excellent value for money. Build quality of LG Monitors & Display 100 27-inch 144Hz Gaming Monitor is outstanding and performance is smooth.,4.5
581,"Good product, fast delivery. Price could be slightly lower, but battery and display performance are top notch.",4.0
582,Excellent value for money. Build quality of ViewSonic Monitors & Display 10 27-inch 144Hz Gaming Monitor is outstanding and performance is smooth.,4.5
582,"Good product, fast delivery. Price could be slightly lower, but battery and display performance are top notch.",4.0
583,Excellent value for money. Build quality of BenQ Monitors & Display 1000 34-inch Curved Ultrawide Monitor is outstanding and performance is smooth.,4.5
583,"Good product, fast delivery. Price could be slightly lower, but battery and display performance are top notch.",4.0
584,Excellent value for money. Build quality of Acer Monitors & Display 15 4K IPS Color Accurate Monitor is outstanding and performance is smooth.,4.5
584,"Good product, fast delivery. Price could be slightly lower, but battery and display performance are top notch.",4.0
585,Excellent value for money. Build quality of Dell Monitors & Display 20 27-inch 144Hz Gaming Monitor is outstanding and performance is smooth.,4.5
585,"Good product, fast delivery. Price could be slightly lower, but battery and display performance are top notch.",4.0
586,Excellent value for money. Build quality of LG Monitors & Display 30 34-inch Curved Ultrawide Monitor is outstanding and performance is smooth.,4.5
586,"Good product, fast delivery. Price could be slightly lower, but battery and display performance are top notch.",4.0
587,Excellent value for money. Build quality of Samsung Monitors & Display 12 27-inch 144Hz Gaming Monitor is outstanding and performance is smooth.,4.5
587,"Good product, fast delivery. Price could be slightly lower, but battery and display performance are top notch.",4.0
588,Excellent value for money. Build quality of BenQ Monitors & Display 500 34-inch Curved Ultrawide Monitor is outstanding and performance is smooth.,4.5
588,"Good product, fast delivery. Price could be slightly lower, but battery and display performance are top notch.",4.0
589,Excellent value for money. Build quality of ViewSonic Monitors & Display 30 27-inch 144Hz Gaming Monitor is outstanding and performance is smooth.,4.5
589,"Good product, fast delivery. Price could be slightly lower, but battery and display performance are top notch.",4.0
590,Excellent value for money. Build quality of Acer Monitors & Display 10 27-inch 144Hz Gaming Monitor is outstanding and performance is smooth.,4.5
590,"Good product, fast delivery. Price could be slightly lower, but battery and display performance are top notch.",4.0
591,Excellent value for money. Build quality of Samsung Monitors & Display 200 34-inch Curved Ultrawide Monitor is outstanding and performance is smooth.,4.5
591,"Good product, fast delivery. Price could be slightly lower, but battery and display performance are top notch.",4.0
592,Excellent value for money. Build quality of Samsung Monitors & Display 14 4K IPS Color Accurate Monitor is outstanding and performance is smooth.,4.5
592,"Good product, fast delivery. Price could be slightly lower, but battery and display performance are top notch.",4.0
593,Excellent value for money. Build quality of BenQ Monitors & Display 20 4K IPS Color Accurate Monitor is outstanding and performance is smooth.,4.5
593,"Good product, fast delivery. Price could be slightly lower, but battery and display performance are top notch.",4.0
594,Excellent value for money. Build quality of ViewSonic Monitors & Display 30 34-inch Curved Ultrawide Monitor is outstanding and performance is smooth.,4.5
594,"Good product, fast delivery. Price could be slightly lower, but battery and display performance are top notch.",4.0
595,Excellent value for money. Build quality of LG Monitors & Display 500 4K IPS Color Accurate Monitor is outstanding and performance is smooth.,4.5
595,"Good product, fast delivery. Price could be slightly lower, but battery and display performance are top notch.",4.0
596,Excellent value for money. Build quality of ViewSonic Monitors & Display 30 4K IPS Color Accurate Monitor is outstanding and performance is smooth.,4.5
596,"Good product, fast delivery. Price could be slightly lower, but battery and display performance are top notch.",4.0
597,Excellent value for money. Build quality of BenQ Monitors & Display 100 27-inch 144Hz Gaming Monitor is outstanding and performance is smooth.,4.5
597,"Good product, fast delivery. Price could be slightly lower, but battery and display performance are top notch.",4.0
598,Excellent value for money. Build quality of Samsung Monitors & Display 1000 4K IPS Color Accurate Monitor is outstanding and performance is smooth.,4.5
598,"Good product, fast delivery. Price could be slightly lower, but battery and display performance are top notch.",4.0
599,Excellent value for money. Build quality of LG Monitors & Display 30 34-inch Curved Ultrawide Monitor is outstanding and performance is smooth.,4.5
599,"Good product, fast delivery. Price could be slightly lower, but battery and display performance are top notch.",4.0
600,Excellent value for money. Build quality of BenQ Monitors & Display 20 27-inch 144Hz Gaming Monitor is outstanding and performance is smooth.,4.5
600,"Good product, fast delivery. Price could be slightly lower, but battery and display performance are top notch.",4.0
