user_id,product_id,rating,timestamp
1,221,3.0,2026-09-22 23:09:36.789578
1,158,2.0,2026-09-22 23:09:36.789681
1,393,3.5,2026-09-22 23:09:36.789709
1,477,3.5,2026-09-22 23:09:36.789737
1,357,4.0,2026-09-22 23:09:36.789758
1,578,3.0,2026-09-22 23:09:36.789791
1,162,4.0,2026-09-22 23:09:36.789800
1,368,3.0,2026-09-22 23:09:36.789820
1,441,4.0,2026-09-22 23:09:36.789852
1,525,2.0,2026-09-22 23:09:36.789881
1,398,3.0,2026-09-22 23:09:36.789903
1,587,3.0,2026-09-22 23:09:36.789935
1,497,3.5,2026-09-22 23:09:36.789963
1,577,4.0,2026-09-22 23:09:36.789995
1,369,4.0,2026-09-22 23:09:36.790016
1,229,3.5,2026-09-22 23:09:36.790027
1,355,2.0,2026-09-22 23:09:36.790047
1,553,4.0,2026-09-22 23:09:36.790078
1,147,3.5,2026-09-22 23:09:36.790085
2,380,2.0,2026-09-22 23:09:36.790165
2,317,3.0,2026-09-22 23:09:36.790184
2,344,3.5,2026-09-22 23:09:36.790203
2,450,4.0,2026-09-22 23:09:36.790228
2,227,3.5,2026-09-22 23:09:36.790240
2,594,3.5,2026-09-22 23:09:36.790273
2,243,2.0,2026-09-22 23:09:36.790286
2,551,3.0,2026-09-22 23:09:36.790317
2,502,4.0,2026-09-22 23:09:36.790345
2,580,4.0,2026-09-22 23:09:36.790376
2,175,4.0,2026-09-22 23:09:36.790385
2,286,4.0,2026-09-22 23:09:36.790399
2,467,3.5,2026-09-22 23:09:36.790425
2,289,3.5,2026-09-22 23:09:36.790440
2,521,2.0,2026-09-22 23:09:36.790467
2,258,3.0,2026-09-22 23:09:36.790480
2,111,3.5,2026-09-22 23:09:36.790485
2,431,3.0,2026-09-22 23:09:36.790508
2,596,3.0,2026-09-22 23:09:36.790540
2,564,4.0,2026-09-22 23:09:36.790570
2,411,3.5,2026-09-22 23:09:36.790592
2,118,4.0,2026-09-22 23:09:36.790598
2,531,2.0,2026-09-22 23:09:36.790627
2,479,3.5,2026-09-22 23:09:36.790653
2,440,2.0,2026-09-22 23:09:36.790676
3,478,5.0,2026-09-22 23:09:36.790749
3,312,3.0,2026-09-22 23:09:36.790766
3,575,4.0,2026-09-22 23:09:36.790797
3,531,3.0,2026-09-22 23:09:36.790827
3,271,2.0,2026-09-22 23:09:36.790841
3,468,4.5,2026-09-22 23:09:36.790866
3,317,3.0,2026-09-22 23:09:36.790883
3,549,3.5,2026-09-22 23:09:36.790914
3,571,3.5,2026-09-22 23:09:36.790945
3,520,2.0,2026-09-22 23:09:36.790975
3,152,2.0,2026-09-22 23:09:36.790983
3,523,3.0,2026-09-22 23:09:36.791012
3,183,3.0,2026-09-22 23:09:36.791020
3,458,5.0,2026-09-22 23:09:36.791046
3,234,3.0,2026-09-22 23:09:36.791058
3,360,4.0,2026-09-22 23:09:36.791078
3,134,3.5,2026-09-22 23:09:36.791084
3,281,4.0,2026-09-22 23:09:36.791099
3,316,4.0,2026-09-22 23:09:36.791116
3,409,3.0,2026-09-22 23:09:36.791138
3,474,4.5,2026-09-22 23:09:36.791163
3,517,3.0,2026-09-22 23:09:36.791192
3,381,3.5,2026-09-22 23:09:36.791213
3,268,3.5,2026-09-22 23:09:36.791227
3,333,3.0,2026-09-22 23:09:36.791244
3,456,4.0,2026-09-22 23:09:36.791269
3,115,4.0,2026-09-22 23:09:36.791274
3,491,4.5,2026-09-22 23:09:36.791301
3,127,3.0,2026-09-22 23:09:36.791306
3,429,4.0,2026-09-22 23:09:36.791329
4,215,4.0,2026-09-22 23:09:36.791386
4,111,4.0,2026-09-22 23:09:36.791403
4,586,4.0,2026-09-22 23:09:36.791439
4,112,2.0,2026-09-22 23:09:36.791445
4,573,3.0,2026-09-22 23:09:36.791555
4,386,3.0,2026-09-22 23:09:36.791579
4,432,4.0,2026-09-22 23:09:36.791603
4,414,4.5,2026-09-22 23:09:36.791626
4,421,4.5,2026-09-22 23:09:36.791650
4,218,4.0,2026-09-22 23:09:36.791661
4,565,4.0,2026-09-22 23:09:36.791692
4,146,3.0,2026-09-22 23:09:36.791698
4,599,4.0,2026-09-22 23:09:36.791731
4,337,3.0,2026-09-22 23:09:36.791749
4,202,3.0,2026-09-22 23:09:36.791758
4,235,3.5,2026-09-22 23:09:36.791770
4,460,3.0,2026-09-22 23:09:36.791795
4,537,4.0,2026-09-22 23:09:36.791825
4,187,3.0,2026-09-22 23:09:36.791834
4,126,4.0,2026-09-22 23:09:36.791840
4,306,3.0,2026-09-22 23:09:36.791856
4,417,4.0,2026-09-22 23:09:36.791879
4,320,3.5,2026-09-22 23:09:36.791896
4,408,4.5,2026-09-22 23:09:36.791918
4,234,3.0,2026-09-22 23:09:36.791930
4,177,4.0,2026-09-22 23:09:36.791939
4,591,3.0,2026-09-22 23:09:36.791971
4,289,3.5,2026-09-22 23:09:36.791987
4,188,4.0,2026-09-22 23:09:36.791996
4,585,2.0,2026-09-22 23:09:36.792028
4,391,2.0,2026-09-22 23:09:36.792050
4,161,4.0,2026-09-22 23:09:36.792058
4,108,3.0,2026-09-22 23:09:36.792063
5,452,2.0,2026-09-22 23:09:36.792136
5,209,2.0,2026-09-22 23:09:36.792148
5,466,3.5,2026-09-22 23:09:36.792173
5,297,4.0,2026-09-22 23:09:36.792190
5,463,3.5,2026-09-22 23:09:36.792215
5,317,4.0,2026-09-22 23:09:36.792236
5,477,3.5,2026-09-22 23:09:36.792264
5,406,3.0,2026-09-22 23:09:36.792288
5,232,2.0,2026-09-22 23:09:36.792301
5,138,3.0,2026-09-22 23:09:36.792308
5,149,3.5,2026-09-22 23:09:36.792316
5,386,4.0,2026-09-22 23:09:36.792339
5,131,4.0,2026-09-22 23:09:36.792345
5,127,3.5,2026-09-22 23:09:36.792352
5,271,4.0,2026-09-22 23:09:36.792367
5,577,3.0,2026-09-22 23:09:36.792402
5,221,2.0,2026-09-22 23:09:36.792414
5,342,3.5,2026-09-22 23:09:36.792433
5,566,4.0,2026-09-22 23:09:36.792470
5,282,3.0,2026-09-22 23:09:36.792485
5,411,3.5,2026-09-22 23:09:36.792508
5,581,2.0,2026-09-22 23:09:36.792540
5,444,3.5,2026-09-22 23:09:36.792566
5,596,2.0,2026-09-22 23:09:36.792600
5,511,3.0,2026-09-22 23:09:36.792630
5,407,4.0,2026-09-22 23:09:36.792652
5,464,3.5,2026-09-22 23:09:36.792679
6,245,3.0,2026-09-22 23:09:36.792736
6,563,3.0,2026-09-22 23:09:36.792770
6,549,2.0,2026-09-22 23:09:36.792803
6,235,3.0,2026-09-22 23:09:36.792816
6,414,3.0,2026-09-22 23:09:36.792840
6,525,2.0,2026-09-22 23:09:36.792871
6,490,4.0,2026-09-22 23:09:36.792899
6,575,3.5,2026-09-22 23:09:36.792932
6,236,3.0,2026-09-22 23:09:36.792944
6,365,5.0,2026-09-22 23:09:36.792965
6,261,4.0,2026-09-22 23:09:36.792980
6,324,4.0,2026-09-22 23:09:36.792997
6,558,2.0,2026-09-22 23:09:36.793030
6,185,4.0,2026-09-22 23:09:36.793040
6,262,2.0,2026-09-22 23:09:36.793054
6,478,4.0,2026-09-22 23:09:36.793081
6,352,4.5,2026-09-22 23:09:36.793101
6,492,4.0,2026-09-22 23:09:36.793130
6,587,4.0,2026-09-22 23:09:36.793164
6,178,4.0,2026-09-22 23:09:36.793173
6,385,4.0,2026-09-22 23:09:36.793195
6,537,3.0,2026-09-22 23:09:36.793226
6,573,2.0,2026-09-22 23:09:36.793260
6,437,3.5,2026-09-22 23:09:36.793285
6,426,2.0,2026-09-22 23:09:36.793308
6,509,3.0,2026-09-22 23:09:36.793337
6,326,3.5,2026-09-22 23:09:36.793355
6,128,3.0,2026-09-22 23:09:36.793362
7,522,2.0,2026-09-22 23:09:36.793450
7,240,4.5,2026-09-22 23:09:36.793465
7,389,3.0,2026-09-22 23:09:36.793488
7,557,2.0,2026-09-22 23:09:36.793521
7,440,2.0,2026-09-22 23:09:36.793547
7,400,4.0,2026-09-22 23:09:36.793569
7,209,5.0,2026-09-22 23:09:36.793581
7,399,4.0,2026-09-22 23:09:36.793604
7,598,4.0,2026-09-22 23:09:36.793639
7,103,3.5,2026-09-22 23:09:36.793644
7,370,2.0,2026-09-22 23:09:36.793665
7,493,3.5,2026-09-22 23:09:36.793694
7,393,2.0,2026-09-22 23:09:36.793716
7,193,4.0,2026-09-22 23:09:36.793726
7,314,3.5,2026-09-22 23:09:36.793743
7,572,3.0,2026-09-22 23:09:36.793777
7,140,3.0,2026-09-22 23:09:36.793784
7,227,4.0,2026-09-22 23:09:36.793796
7,494,3.5,2026-09-22 23:09:36.793825
7,356,3.5,2026-09-22 23:09:36.793844
7,447,2.0,2026-09-22 23:09:36.793870
7,149,2.0,2026-09-22 23:09:36.793878
7,555,4.0,2026-09-22 23:09:36.794041
7,269,2.0,2026-09-22 23:09:36.794094
7,114,4.0,2026-09-22 23:09:36.794103
7,246,4.5,2026-09-22 23:09:36.794117
7,449,3.0,2026-09-22 23:09:36.794145
7,163,3.0,2026-09-22 23:09:36.794153
7,302,4.0,2026-09-22 23:09:36.794171
7,292,2.0,2026-09-22 23:09:36.794188
7,403,2.0,2026-09-22 23:09:36.794211
8,299,5.0,2026-09-22 23:09:36.794305
8,500,3.0,2026-09-22 23:09:36.794333
8,307,3.5,2026-09-22 23:09:36.794350
8,246,2.0,2026-09-22 23:09:36.794362
8,432,3.5,2026-09-22 23:09:36.794385
8,486,3.0,2026-09-22 23:09:36.794411
8,589,4.0,2026-09-22 23:09:36.794443
8,435,4.0,2026-09-22 23:09:36.794465
8,179,4.0,2026-09-22 23:09:36.794475
8,162,4.0,2026-09-22 23:09:36.794482
8,253,4.5,2026-09-22 23:09:36.794494
8,352,4.0,2026-09-22 23:09:36.794516
8,511,2.0,2026-09-22 23:09:36.794553
8,322,4.0,2026-09-22 23:09:36.794569
8,477,3.5,2026-09-22 23:09:36.794594
8,513,3.0,2026-09-22 23:09:36.794621
8,572,4.0,2026-09-22 23:09:36.794650
8,259,5.0,2026-09-22 23:09:36.794663
8,563,4.0,2026-09-22 23:09:36.794693
8,451,2.0,2026-09-22 23:09:36.794717
9,275,3.5,2026-09-22 23:09:36.794776
9,599,2.0,2026-09-22 23:09:36.794809
9,338,2.0,2026-09-22 23:09:36.794827
9,447,2.0,2026-09-22 23:09:36.794852
9,215,2.0,2026-09-22 23:09:36.794862
9,432,4.0,2026-09-22 23:09:36.794941
9,452,4.0,2026-09-22 23:09:36.794972
9,466,2.0,2026-09-22 23:09:36.794999
9,180,4.0,2026-09-22 23:09:36.795009
9,577,3.5,2026-09-22 23:09:36.795116
9,354,3.5,2026-09-22 23:09:36.795156
9,370,3.5,2026-09-22 23:09:36.795180
9,423,2.0,2026-09-22 23:09:36.795203
9,369,2.0,2026-09-22 23:09:36.795223
9,143,4.0,2026-09-22 23:09:36.795229
9,249,4.0,2026-09-22 23:09:36.795242
9,340,3.0,2026-09-22 23:09:36.795330
9,324,3.0,2026-09-22 23:09:36.795454
9,141,4.5,2026-09-22 23:09:36.795472
9,565,2.0,2026-09-22 23:09:36.795505
9,511,2.0,2026-09-22 23:09:36.795536
9,345,4.0,2026-09-22 23:09:36.795554
9,254,3.5,2026-09-22 23:09:36.795567
9,177,3.5,2026-09-22 23:09:36.795575
9,166,4.0,2026-09-22 23:09:36.795583
9,451,4.0,2026-09-22 23:09:36.795607
9,563,3.5,2026-09-22 23:09:36.795637
9,531,3.5,2026-09-22 23:09:36.795665
9,228,3.0,2026-09-22 23:09:36.795676
9,368,3.0,2026-09-22 23:09:36.795694
9,319,3.0,2026-09-22 23:09:36.795711
10,233,3.5,2026-09-22 23:09:36.795798
10,547,2.0,2026-09-22 23:09:36.795829
10,445,3.0,2026-09-22 23:09:36.795853
10,155,4.0,2026-09-22 23:09:36.795862
10,323,2.0,2026-09-22 23:09:36.795889
10,374,3.0,2026-09-22 23:09:36.795909
10,110,2.0,2026-09-22 23:09:36.795913
10,103,2.0,2026-09-22 23:09:36.795918
10,303,3.0,2026-09-22 23:09:36.795934
10,160,4.0,2026-09-22 23:09:36.795941
10,107,3.0,2026-09-22 23:09:36.795945
10,188,4.5,2026-09-22 23:09:36.795954
10,436,3.0,2026-09-22 23:09:36.795977
10,345,3.0,2026-09-22 23:09:36.795994
10,336,4.0,2026-09-22 23:09:36.796011
10,455,3.0,2026-09-22 23:09:36.796035
10,308,2.0,2026-09-22 23:09:36.796051
10,545,3.5,2026-09-22 23:09:36.796081
10,437,4.0,2026-09-22 23:09:36.796104
10,595,3.0,2026-09-22 23:09:36.796135
10,482,4.0,2026-09-22 23:09:36.796161
10,409,4.0,2026-09-22 23:09:36.796183
10,472,2.0,2026-09-22 23:09:36.796260
10,350,2.0,2026-09-22 23:09:36.796303
10,256,3.0,2026-09-22 23:09:36.796317
10,417,3.0,2026-09-22 23:09:36.796348
10,517,4.0,2026-09-22 23:09:36.796387
10,599,4.0,2026-09-22 23:09:36.796431
10,416,4.0,2026-09-22 23:09:36.796453
10,285,2.0,2026-09-22 23:09:36.796467
10,454,4.0,2026-09-22 23:09:36.796490
10,594,3.0,2026-09-22 23:09:36.796520
10,446,3.0,2026-09-22 23:09:36.796551
10,512,3.5,2026-09-22 23:09:36.796579
11,127,4.0,2026-09-22 23:09:36.796657
11,271,3.0,2026-09-22 23:09:36.796671
11,105,2.0,2026-09-22 23:09:36.796676
11,153,2.0,2026-09-22 23:09:36.796683
11,423,4.0,2026-09-22 23:09:36.796705
11,534,3.5,2026-09-22 23:09:36.796735
11,466,2.0,2026-09-22 23:09:36.796759
11,322,3.5,2026-09-22 23:09:36.796775
11,313,4.0,2026-09-22 23:09:36.796793
11,535,4.0,2026-09-22 23:09:36.796823
11,354,2.0,2026-09-22 23:09:36.796866
11,478,4.0,2026-09-22 23:09:36.796897
11,397,3.5,2026-09-22 23:09:36.796919
11,406,4.0,2026-09-22 23:09:36.796940
11,475,4.0,2026-09-22 23:09:36.796965
11,384,2.0,2026-09-22 23:09:36.796986
11,249,3.0,2026-09-22 23:09:36.796998
11,119,3.5,2026-09-22 23:09:36.797004
11,350,3.0,2026-09-22 23:09:36.797022
11,305,4.0,2026-09-22 23:09:36.797038
11,349,3.5,2026-09-22 23:09:36.797057
11,363,4.0,2026-09-22 23:09:36.797075
11,403,3.0,2026-09-22 23:09:36.797098
11,472,3.0,2026-09-22 23:09:36.797124
11,414,3.5,2026-09-22 23:09:36.797149
11,579,5.0,2026-09-22 23:09:36.797183
11,448,4.0,2026-09-22 23:09:36.797212
12,471,4.0,2026-09-22 23:09:36.797292
12,465,3.0,2026-09-22 23:09:36.797322
12,300,3.0,2026-09-22 23:09:36.797339
12,592,3.0,2026-09-22 23:09:36.797374
12,314,3.0,2026-09-22 23:09:36.797405
12,527,4.0,2026-09-22 23:09:36.797440
12,582,2.0,2026-09-22 23:09:36.797474
12,445,4.0,2026-09-22 23:09:36.797499
12,435,4.0,2026-09-22 23:09:36.797524
12,477,3.5,2026-09-22 23:09:36.797551
12,285,3.0,2026-09-22 23:09:36.797567
12,508,3.0,2026-09-22 23:09:36.797596
12,342,2.0,2026-09-22 23:09:36.797615
12,510,2.0,2026-09-22 23:09:36.797643
12,598,3.5,2026-09-22 23:09:36.797677
12,533,3.5,2026-09-22 23:09:36.797708
12,183,3.5,2026-09-22 23:09:36.797718
12,419,3.0,2026-09-22 23:09:36.797740
12,207,4.0,2026-09-22 23:09:36.797751
12,245,5.0,2026-09-22 23:09:36.797763
12,454,2.0,2026-09-22 23:09:36.797788
12,484,2.0,2026-09-22 23:09:36.797816
12,145,3.5,2026-09-22 23:09:36.797823
12,442,4.0,2026-09-22 23:09:36.797849
13,217,2.0,2026-09-22 23:09:36.797931
13,162,4.0,2026-09-22 23:09:36.797943
13,388,2.0,2026-09-22 23:09:36.797964
13,215,2.0,2026-09-22 23:09:36.797975
13,350,2.0,2026-09-22 23:09:36.797995
13,233,3.0,2026-09-22 23:09:36.798006
13,275,2.0,2026-09-22 23:09:36.798025
13,502,3.0,2026-09-22 23:09:36.798066
13,282,3.5,2026-09-22 23:09:36.798093
13,494,3.0,2026-09-22 23:09:36.798140
13,124,3.5,2026-09-22 23:09:36.798518
13,495,4.0,2026-09-22 23:09:36.798571
13,550,4.0,2026-09-22 23:09:36.798605
13,386,2.0,2026-09-22 23:09:36.798627
13,237,3.0,2026-09-22 23:09:36.798639
13,559,3.5,2026-09-22 23:09:36.798670
13,178,4.5,2026-09-22 23:09:36.798679
13,537,3.0,2026-09-22 23:09:36.798709
13,454,2.0,2026-09-22 23:09:36.798735
13,548,3.0,2026-09-22 23:09:36.798766
13,364,4.0,2026-09-22 23:09:36.798786
13,410,4.0,2026-09-22 23:09:36.798808
13,443,2.0,2026-09-22 23:09:36.798833
13,154,4.0,2026-09-22 23:09:36.798840
13,462,4.0,2026-09-22 23:09:36.798872
13,126,3.5,2026-09-22 23:09:36.798877
13,575,3.5,2026-09-22 23:09:36.798910
13,585,3.0,2026-09-22 23:09:36.798944
13,325,2.0,2026-09-22 23:09:36.798962
13,510,3.5,2026-09-22 23:09:36.798990
13,335,3.5,2026-09-22 23:09:36.799008
13,593,4.0,2026-09-22 23:09:36.799043
13,531,3.5,2026-09-22 23:09:36.799072
13,487,3.0,2026-09-22 23:09:36.799100
14,316,3.0,2026-09-22 23:09:36.799198
14,504,4.0,2026-09-22 23:09:36.799228
14,217,4.0,2026-09-22 23:09:36.799240
14,171,4.0,2026-09-22 23:09:36.799248
14,511,2.0,2026-09-22 23:09:36.799278
14,320,3.0,2026-09-22 23:09:36.799296
14,312,2.0,2026-09-22 23:09:36.799313
14,571,3.5,2026-09-22 23:09:36.799347
14,310,4.0,2026-09-22 23:09:36.799363
14,560,4.0,2026-09-22 23:09:36.799395
14,335,3.5,2026-09-22 23:09:36.799414
14,588,3.5,2026-09-22 23:09:36.799449
14,537,3.5,2026-09-22 23:09:36.799480
14,365,2.0,2026-09-22 23:09:36.799499
14,507,3.5,2026-09-22 23:09:36.799528
14,450,3.0,2026-09-22 23:09:36.799554
14,286,4.0,2026-09-22 23:09:36.799570
14,584,4.0,2026-09-22 23:09:36.799604
14,116,3.0,2026-09-22 23:09:36.799610
14,327,4.0,2026-09-22 23:09:36.799628
14,175,3.5,2026-09-22 23:09:36.799637
14,495,4.0,2026-09-22 23:09:36.799666
14,106,3.0,2026-09-22 23:09:36.799671
14,468,3.5,2026-09-22 23:09:36.799697
14,513,2.0,2026-09-22 23:09:36.799728
14,136,2.0,2026-09-22 23:09:36.799734
14,144,3.5,2026-09-22 23:09:36.799741
14,274,4.0,2026-09-22 23:09:36.799755
14,262,3.0,2026-09-22 23:09:36.799770
14,306,3.5,2026-09-22 23:09:36.799786
14,496,3.0,2026-09-22 23:09:36.799820
15,383,2.0,2026-09-22 23:09:36.799914
15,260,4.0,2026-09-22 23:09:36.799930
15,367,3.5,2026-09-22 23:09:36.799950
15,275,2.0,2026-09-22 23:09:36.799966
15,488,4.0,2026-09-22 23:09:36.799994
15,426,3.5,2026-09-22 23:09:36.800019
15,182,4.0,2026-09-22 23:09:36.800031
15,112,3.0,2026-09-22 23:09:36.800040
15,115,3.5,2026-09-22 23:09:36.800047
15,556,3.5,2026-09-22 23:09:36.800080
15,508,3.5,2026-09-22 23:09:36.800110
15,377,3.0,2026-09-22 23:09:36.800132
15,404,4.0,2026-09-22 23:09:36.800184
15,233,3.0,2026-09-22 23:09:36.800200
15,224,2.0,2026-09-22 23:09:36.800212
15,527,3.5,2026-09-22 23:09:36.800242
15,497,3.0,2026-09-22 23:09:36.800273
15,256,3.5,2026-09-22 23:09:36.800288
15,472,4.0,2026-09-22 23:09:36.800315
15,317,2.0,2026-09-22 23:09:36.800333
15,359,3.0,2026-09-22 23:09:36.800353
15,157,5.0,2026-09-22 23:09:36.800360
15,475,4.0,2026-09-22 23:09:36.800389
15,131,4.0,2026-09-22 23:09:36.800395
15,531,2.0,2026-09-22 23:09:36.800426
15,291,2.0,2026-09-22 23:09:36.800442
15,422,2.0,2026-09-22 23:09:36.800468
15,360,4.0,2026-09-22 23:09:36.800489
15,282,3.0,2026-09-22 23:09:36.800505
15,164,4.5,2026-09-22 23:09:36.800514
15,125,3.0,2026-09-22 23:09:36.800519
16,290,4.0,2026-09-22 23:09:36.800583
16,447,4.0,2026-09-22 23:09:36.800610
16,370,3.0,2026-09-22 23:09:36.800633
16,307,3.0,2026-09-22 23:09:36.800652
16,402,3.0,2026-09-22 23:09:36.800675
16,387,4.0,2026-09-22 23:09:36.800697
16,366,4.0,2026-09-22 23:09:36.800718
16,499,4.0,2026-09-22 23:09:36.800754
16,303,2.0,2026-09-22 23:09:36.800782
16,547,3.0,2026-09-22 23:09:36.800868
16,236,4.0,2026-09-22 23:09:36.800957
16,400,4.0,2026-09-22 23:09:36.801010
16,356,2.0,2026-09-22 23:09:36.801032
16,426,3.0,2026-09-22 23:09:36.801057
16,317,3.5,2026-09-22 23:09:36.801074
16,326,2.0,2026-09-22 23:09:36.801091
16,453,5.0,2026-09-22 23:09:36.801116
17,162,4.0,2026-09-22 23:09:36.801193
17,290,2.0,2026-09-22 23:09:36.801209
17,393,3.5,2026-09-22 23:09:36.801232
17,249,3.5,2026-09-22 23:09:36.801246
17,121,3.0,2026-09-22 23:09:36.801251
17,368,3.0,2026-09-22 23:09:36.801271
17,179,4.0,2026-09-22 23:09:36.801280
17,161,2.0,2026-09-22 23:09:36.801288
17,291,2.0,2026-09-22 23:09:36.801304
17,257,3.5,2026-09-22 23:09:36.801317
17,292,2.0,2026-09-22 23:09:36.801333
17,256,2.0,2026-09-22 23:09:36.801345
17,251,4.0,2026-09-22 23:09:36.801358
17,349,4.0,2026-09-22 23:09:36.801377
17,115,3.5,2026-09-22 23:09:36.801382
17,506,4.0,2026-09-22 23:09:36.801412
17,174,3.5,2026-09-22 23:09:36.801420
17,173,4.0,2026-09-22 23:09:36.801429
18,168,2.0,2026-09-22 23:09:36.801485
18,491,5.0,2026-09-22 23:09:36.801513
18,171,3.5,2026-09-22 23:09:36.801521
18,359,2.0,2026-09-22 23:09:36.801541
18,426,2.0,2026-09-22 23:09:36.801564
18,336,3.0,2026-09-22 23:09:36.801582
18,490,5.0,2026-09-22 23:09:36.801609
18,331,2.0,2026-09-22 23:09:36.801627
18,442,3.0,2026-09-22 23:09:36.801669
18,330,4.0,2026-09-22 23:09:36.801690
18,177,2.0,2026-09-22 23:09:36.801698
18,544,2.0,2026-09-22 23:09:36.801728
18,473,5.0,2026-09-22 23:09:36.801754
18,267,3.0,2026-09-22 23:09:36.801768
18,146,2.0,2026-09-22 23:09:36.801774
18,510,3.5,2026-09-22 23:09:36.801803
18,420,3.0,2026-09-22 23:09:36.801825
18,441,3.0,2026-09-22 23:09:36.801850
18,310,4.0,2026-09-22 23:09:36.801867
18,299,2.0,2026-09-22 23:09:36.801882
18,220,3.5,2026-09-22 23:09:36.801893
18,561,4.0,2026-09-22 23:09:36.801923
18,303,2.0,2026-09-22 23:09:36.801938
18,274,4.0,2026-09-22 23:09:36.801952
18,377,2.0,2026-09-22 23:09:36.801973
18,124,3.5,2026-09-22 23:09:36.801978
18,591,4.0,2026-09-22 23:09:36.802010
18,444,3.0,2026-09-22 23:09:36.802034
18,556,4.0,2026-09-22 23:09:36.802064
18,327,2.0,2026-09-22 23:09:36.802081
18,477,5.0,2026-09-22 23:09:36.802106
18,243,3.5,2026-09-22 23:09:36.802118
18,431,4.0,2026-09-22 23:09:36.802142
18,185,3.5,2026-09-22 23:09:36.802151
19,151,4.0,2026-09-22 23:09:36.802199
19,378,2.0,2026-09-22 23:09:36.802220
19,187,5.0,2026-09-22 23:09:36.802229
19,247,2.0,2026-09-22 23:09:36.802242
19,174,4.5,2026-09-22 23:09:36.802251
19,194,4.5,2026-09-22 23:09:36.802260
19,231,2.0,2026-09-22 23:09:36.802272
19,494,3.5,2026-09-22 23:09:36.802302
19,146,3.0,2026-09-22 23:09:36.802313
19,179,4.5,2026-09-22 23:09:36.802321
19,258,3.5,2026-09-22 23:09:36.802336
19,588,3.5,2026-09-22 23:09:36.802370
19,309,4.0,2026-09-22 23:09:36.802388
19,448,2.0,2026-09-22 23:09:36.802413
19,131,2.0,2026-09-22 23:09:36.802421
19,415,3.0,2026-09-22 23:09:36.802444
19,593,3.0,2026-09-22 23:09:36.802479
19,267,3.0,2026-09-22 23:09:36.802494
20,486,4.5,2026-09-22 23:09:36.802572
20,359,4.0,2026-09-22 23:09:36.802593
20,298,2.0,2026-09-22 23:09:36.802609
20,587,3.0,2026-09-22 23:09:36.802644
20,159,3.0,2026-09-22 23:09:36.802652
20,238,3.5,2026-09-22 23:09:36.802665
20,132,3.0,2026-09-22 23:09:36.802672
20,263,3.0,2026-09-22 23:09:36.802686
20,338,4.0,2026-09-22 23:09:36.802705
20,384,4.0,2026-09-22 23:09:36.802728
20,309,2.0,2026-09-22 23:09:36.802746
20,134,2.0,2026-09-22 23:09:36.802752
20,348,4.0,2026-09-22 23:09:36.802772
20,115,3.5,2026-09-22 23:09:36.802779
20,425,3.0,2026-09-22 23:09:36.802802
20,220,2.0,2026-09-22 23:09:36.802814
20,568,2.0,2026-09-22 23:09:36.802845
20,554,4.0,2026-09-22 23:09:36.802877
20,110,3.5,2026-09-22 23:09:36.802883
20,594,3.5,2026-09-22 23:09:36.802916
20,401,4.0,2026-09-22 23:09:36.802938
20,446,3.5,2026-09-22 23:09:36.802963
20,152,3.0,2026-09-22 23:09:36.802972
20,227,3.5,2026-09-22 23:09:36.802984
20,491,4.0,2026-09-22 23:09:36.803011
20,385,3.0,2026-09-22 23:09:36.803032
20,434,2.0,2026-09-22 23:09:36.803056
20,503,3.5,2026-09-22 23:09:36.803084
20,165,2.0,2026-09-22 23:09:36.803093
20,256,4.0,2026-09-22 23:09:36.803105
20,391,2.0,2026-09-22 23:09:36.803127
21,244,4.0,2026-09-22 23:09:36.803190
21,550,4.0,2026-09-22 23:09:36.803221
21,322,2.0,2026-09-22 23:09:36.803239
21,208,4.0,2026-09-22 23:09:36.803251
21,413,3.0,2026-09-22 23:09:36.803273
21,359,4.0,2026-09-22 23:09:36.803292
21,591,4.0,2026-09-22 23:09:36.803328
21,511,4.0,2026-09-22 23:09:36.803359
21,263,2.0,2026-09-22 23:09:36.803373
21,553,2.0,2026-09-22 23:09:36.803403
21,450,2.0,2026-09-22 23:09:36.803428
21,585,4.0,2026-09-22 23:09:36.803460
21,276,2.0,2026-09-22 23:09:36.803475
21,426,3.5,2026-09-22 23:09:36.803499
21,234,4.5,2026-09-22 23:09:36.803511
21,486,3.5,2026-09-22 23:09:36.803545
21,463,4.0,2026-09-22 23:09:36.803581
21,332,3.0,2026-09-22 23:09:36.803599
21,240,5.0,2026-09-22 23:09:36.803611
21,226,4.0,2026-09-22 23:09:36.803623
21,440,2.0,2026-09-22 23:09:36.803647
21,265,4.0,2026-09-22 23:09:36.803671
21,275,3.5,2026-09-22 23:09:36.803689
21,336,3.0,2026-09-22 23:09:36.803708
21,592,4.0,2026-09-22 23:09:36.803741
21,407,2.0,2026-09-22 23:09:36.803764
21,269,3.0,2026-09-22 23:09:36.803788
21,109,2.0,2026-09-22 23:09:36.803793
21,568,3.5,2026-09-22 23:09:36.803825
21,455,3.5,2026-09-22 23:09:36.803850
21,169,3.0,2026-09-22 23:09:36.803863
21,431,2.0,2026-09-22 23:09:36.803889
22,256,2.0,2026-09-22 23:09:36.803964
22,514,3.0,2026-09-22 23:09:36.804016
22,468,2.0,2026-09-22 23:09:36.804068
22,214,3.0,2026-09-22 23:09:36.804103
22,220,3.5,2026-09-22 23:09:36.804139
22,353,3.0,2026-09-22 23:09:36.804172
22,596,5.0,2026-09-22 23:09:36.804226
22,286,3.5,2026-09-22 23:09:36.804243
22,119,3.0,2026-09-22 23:09:36.804248
22,244,2.0,2026-09-22 23:09:36.804260
22,564,5.0,2026-09-22 23:09:36.804291
22,461,3.5,2026-09-22 23:09:36.804317
22,462,4.0,2026-09-22 23:09:36.804344
22,411,2.0,2026-09-22 23:09:36.804366
22,208,4.0,2026-09-22 23:09:36.804377
22,104,2.0,2026-09-22 23:09:36.804382
22,201,3.5,2026-09-22 23:09:36.804392
22,521,4.0,2026-09-22 23:09:36.804422
22,427,4.0,2026-09-22 23:09:36.804448
22,303,3.5,2026-09-22 23:09:36.804464
22,157,2.0,2026-09-22 23:09:36.804472
22,546,4.0,2026-09-22 23:09:36.804502
22,243,4.0,2026-09-22 23:09:36.804514
22,392,3.5,2026-09-22 23:09:36.804536
22,357,2.0,2026-09-22 23:09:36.804556
22,188,3.0,2026-09-22 23:09:36.804565
22,383,2.0,2026-09-22 23:09:36.804587
22,200,3.5,2026-09-22 23:09:36.804597
22,438,4.0,2026-09-22 23:09:36.804622
22,479,4.0,2026-09-22 23:09:36.804650
22,390,3.5,2026-09-22 23:09:36.804674
22,445,2.0,2026-09-22 23:09:36.804700
22,450,4.0,2026-09-22 23:09:36.804736
22,409,3.0,2026-09-22 23:09:36.804769
22,190,3.5,2026-09-22 23:09:36.804783
23,514,3.5,2026-09-22 23:09:36.804947
23,113,3.0,2026-09-22 23:09:36.804974
23,478,2.0,2026-09-22 23:09:36.805009
23,216,4.0,2026-09-22 23:09:36.805028
23,454,2.0,2026-09-22 23:09:36.805068
23,317,4.0,2026-09-22 23:09:36.805097
23,591,2.0,2026-09-22 23:09:36.805145
23,139,2.0,2026-09-22 23:09:36.805155
23,570,2.0,2026-09-22 23:09:36.805204
23,228,2.0,2026-09-22 23:09:36.805221
23,201,4.0,2026-09-22 23:09:36.805237
23,185,4.5,2026-09-22 23:09:36.805252
23,269,2.0,2026-09-22 23:09:36.805274
23,260,3.0,2026-09-22 23:09:36.805293
23,133,2.0,2026-09-22 23:09:36.805304
23,421,4.0,2026-09-22 23:09:36.805338
23,150,2.0,2026-09-22 23:09:36.805348
23,115,3.5,2026-09-22 23:09:36.805357
23,346,4.0,2026-09-22 23:09:36.805385
23,322,2.0,2026-09-22 23:09:36.805409
23,404,2.0,2026-09-22 23:09:36.805438
23,509,2.0,2026-09-22 23:09:36.805479
23,579,2.0,2026-09-22 23:09:36.805526
23,272,3.5,2026-09-22 23:09:36.805549
23,531,4.0,2026-09-22 23:09:36.805590
23,229,4.0,2026-09-22 23:09:36.805607
23,227,2.0,2026-09-22 23:09:36.805623
23,156,5.0,2026-09-22 23:09:36.805634
23,343,4.0,2026-09-22 23:09:36.805660
23,223,3.0,2026-09-22 23:09:36.805699
23,275,2.0,2026-09-22 23:09:36.805724
23,527,4.0,2026-09-22 23:09:36.805760
23,128,4.0,2026-09-22 23:09:36.805769
24,551,3.5,2026-09-22 23:09:36.805881
24,418,3.5,2026-09-22 23:09:36.805906
24,152,4.0,2026-09-22 23:09:36.805913
24,274,4.0,2026-09-22 23:09:36.805928
24,434,4.0,2026-09-22 23:09:36.805951
24,581,3.0,2026-09-22 23:09:36.805983
24,446,3.0,2026-09-22 23:09:36.806007
24,501,3.0,2026-09-22 23:09:36.806034
24,114,2.0,2026-09-22 23:09:36.806039
24,333,2.0,2026-09-22 23:09:36.806057
24,365,3.0,2026-09-22 23:09:36.806076
24,269,3.5,2026-09-22 23:09:36.806090
24,401,4.0,2026-09-22 23:09:36.806112
24,199,3.5,2026-09-22 23:09:36.806122
24,156,3.5,2026-09-22 23:09:36.806129
24,153,3.0,2026-09-22 23:09:36.806136
24,107,3.0,2026-09-22 23:09:36.806141
24,405,4.0,2026-09-22 23:09:36.806170
24,466,4.5,2026-09-22 23:09:36.806200
24,135,3.5,2026-09-22 23:09:36.806208
24,404,3.5,2026-09-22 23:09:36.806233
24,505,3.5,2026-09-22 23:09:36.806266
24,531,2.0,2026-09-22 23:09:36.806300
24,200,3.0,2026-09-22 23:09:36.806312
24,564,2.0,2026-09-22 23:09:36.806349
24,394,3.0,2026-09-22 23:09:36.806375
24,165,2.0,2026-09-22 23:09:36.806385
24,427,4.0,2026-09-22 23:09:36.806413
25,600,3.5,2026-09-22 23:09:36.806505
25,203,4.0,2026-09-22 23:09:36.806519
25,428,3.5,2026-09-22 23:09:36.806549
25,566,3.0,2026-09-22 23:09:36.806586
25,204,2.0,2026-09-22 23:09:36.806598
25,503,4.0,2026-09-22 23:09:36.806630
25,136,2.0,2026-09-22 23:09:36.806638
25,275,4.0,2026-09-22 23:09:36.806655
25,197,3.0,2026-09-22 23:09:36.806666
25,442,2.0,2026-09-22 23:09:36.806694
25,344,3.0,2026-09-22 23:09:36.806715
25,456,3.0,2026-09-22 23:09:36.806745
25,455,4.0,2026-09-22 23:09:36.806775
25,340,3.0,2026-09-22 23:09:36.806797
25,408,3.0,2026-09-22 23:09:36.806823
25,270,4.0,2026-09-22 23:09:36.806839
25,537,3.5,2026-09-22 23:09:36.806876
25,397,5.0,2026-09-22 23:09:36.806901
25,390,4.5,2026-09-22 23:09:36.806926
25,594,3.0,2026-09-22 23:09:36.806965
25,272,4.0,2026-09-22 23:09:36.806982
26,286,3.5,2026-09-22 23:09:36.807044
26,106,2.0,2026-09-22 23:09:36.807050
26,138,2.0,2026-09-22 23:09:36.807058
26,284,3.0,2026-09-22 23:09:36.807076
26,116,3.0,2026-09-22 23:09:36.807082
26,385,3.5,2026-09-22 23:09:36.807107
26,159,3.0,2026-09-22 23:09:36.807115
26,173,3.0,2026-09-22 23:09:36.807125
26,249,4.5,2026-09-22 23:09:36.807139
26,326,3.0,2026-09-22 23:09:36.807161
26,200,3.5,2026-09-22 23:09:36.807172
26,424,3.0,2026-09-22 23:09:36.807200
26,400,3.0,2026-09-22 23:09:36.807227
26,568,3.0,2026-09-22 23:09:36.807263
26,492,2.0,2026-09-22 23:09:36.807293
27,567,4.0,2026-09-22 23:09:36.807380
27,152,2.0,2026-09-22 23:09:36.807389
27,111,2.0,2026-09-22 23:09:36.807394
27,526,3.0,2026-09-22 23:09:36.807427
27,447,3.0,2026-09-22 23:09:36.807455
27,171,3.0,2026-09-22 23:09:36.807464
27,295,3.0,2026-09-22 23:09:36.807482
27,436,4.0,2026-09-22 23:09:36.807509
27,504,3.5,2026-09-22 23:09:36.807540
27,554,3.5,2026-09-22 23:09:36.807575
27,157,4.0,2026-09-22 23:09:36.807583
27,274,3.0,2026-09-22 23:09:36.807600
27,580,2.0,2026-09-22 23:09:36.807636
27,208,5.0,2026-09-22 23:09:36.807648
27,257,3.0,2026-09-22 23:09:36.807663
27,334,3.5,2026-09-22 23:09:36.807701
27,223,4.0,2026-09-22 23:09:36.807716
27,290,3.5,2026-09-22 23:09:36.807733
27,515,3.0,2026-09-22 23:09:36.807765
27,291,2.0,2026-09-22 23:09:36.807782
27,439,3.5,2026-09-22 23:09:36.807810
27,188,3.0,2026-09-22 23:09:36.807821
27,582,4.0,2026-09-22 23:09:36.807857
28,502,3.5,2026-09-22 23:09:36.807949
28,341,3.5,2026-09-22 23:09:36.807972
28,505,4.0,2026-09-22 23:09:36.808008
28,440,4.0,2026-09-22 23:09:36.808037
28,415,4.0,2026-09-22 23:09:36.808063
28,134,3.5,2026-09-22 23:09:36.808070
28,186,4.0,2026-09-22 23:09:36.808080
28,361,2.0,2026-09-22 23:09:36.808101
28,299,4.0,2026-09-22 23:09:36.808119
28,485,3.0,2026-09-22 23:09:36.808151
28,552,3.0,2026-09-22 23:09:36.808185
28,431,4.0,2026-09-22 23:09:36.808213
28,292,4.0,2026-09-22 23:09:36.808231
28,356,4.0,2026-09-22 23:09:36.808253
28,366,3.0,2026-09-22 23:09:36.808275
28,338,3.5,2026-09-22 23:09:36.808295
28,192,4.0,2026-09-22 23:09:36.808305
29,181,4.0,2026-09-22 23:09:36.808369
29,579,3.0,2026-09-22 23:09:36.808405
29,532,3.5,2026-09-22 23:09:36.808441
29,292,2.0,2026-09-22 23:09:36.808459
29,231,3.5,2026-09-22 23:09:36.808473
29,382,2.0,2026-09-22 23:09:36.808497
29,144,3.5,2026-09-22 23:09:36.808507
29,169,2.0,2026-09-22 23:09:36.808519
29,485,3.5,2026-09-22 23:09:36.808561
29,252,3.0,2026-09-22 23:09:36.808581
29,328,2.0,2026-09-22 23:09:36.808610
29,366,2.0,2026-09-22 23:09:36.808640
29,281,2.0,2026-09-22 23:09:36.808661
29,218,3.5,2026-09-22 23:09:36.808677
29,399,2.0,2026-09-22 23:09:36.808707
29,122,3.0,2026-09-22 23:09:36.808715
29,339,3.5,2026-09-22 23:09:36.808734
29,363,3.0,2026-09-22 23:09:36.808756
29,419,5.0,2026-09-22 23:09:36.808781
29,273,3.5,2026-09-22 23:09:36.808806
29,319,3.5,2026-09-22 23:09:36.808833
29,331,3.5,2026-09-22 23:09:36.808861
29,340,3.5,2026-09-22 23:09:36.809322
29,322,3.0,2026-09-22 23:09:36.809432
29,310,3.0,2026-09-22 23:09:36.809481
29,289,3.5,2026-09-22 23:09:36.809522
29,512,2.0,2026-09-22 23:09:36.809624
29,355,3.5,2026-09-22 23:09:36.809673
29,263,3.5,2026-09-22 23:09:36.809707
29,240,3.5,2026-09-22 23:09:36.809737
29,296,4.0,2026-09-22 23:09:36.809774
29,113,4.0,2026-09-22 23:09:36.809787
29,192,2.0,2026-09-22 23:09:36.809807
30,363,2.0,2026-09-22 23:09:36.810000
30,490,4.5,2026-09-22 23:09:36.810129
30,588,3.0,2026-09-22 23:09:36.810173
30,177,3.0,2026-09-22 23:09:36.810184
30,544,3.5,2026-09-22 23:09:36.810219
30,304,2.0,2026-09-22 23:09:36.810238
30,217,4.0,2026-09-22 23:09:36.810251
30,471,5.0,2026-09-22 23:09:36.810279
30,484,4.5,2026-09-22 23:09:36.810308
30,208,3.5,2026-09-22 23:09:36.810320
30,343,3.0,2026-09-22 23:09:36.810340
30,220,4.0,2026-09-22 23:09:36.810352
30,365,4.0,2026-09-22 23:09:36.810374
30,401,4.0,2026-09-22 23:09:36.810398
30,503,3.5,2026-09-22 23:09:36.810428
30,383,3.5,2026-09-22 23:09:36.810451
30,488,5.0,2026-09-22 23:09:36.810479
30,340,2.0,2026-09-22 23:09:36.810499
30,470,5.0,2026-09-22 23:09:36.810526
30,517,2.0,2026-09-22 23:09:36.810558
30,337,3.0,2026-09-22 23:09:36.810577
30,275,3.0,2026-09-22 23:09:36.810593
30,506,3.5,2026-09-22 23:09:36.810623
30,144,4.0,2026-09-22 23:09:36.810632
30,261,4.0,2026-09-22 23:09:36.810647
30,534,3.0,2026-09-22 23:09:36.810679
30,197,4.0,2026-09-22 23:09:36.810690
30,320,2.0,2026-09-22 23:09:36.810711
30,495,5.0,2026-09-22 23:09:36.810742
30,583,4.0,2026-09-22 23:09:36.810780
30,458,4.0,2026-09-22 23:09:36.810809
30,314,4.0,2026-09-22 23:09:36.810828
30,325,2.0,2026-09-22 23:09:36.810847
30,331,3.5,2026-09-22 23:09:36.810867
30,537,4.0,2026-09-22 23:09:36.810901
31,188,3.5,2026-09-22 23:09:36.811000
31,154,3.0,2026-09-22 23:09:36.811009
31,446,3.0,2026-09-22 23:09:36.811038
31,384,3.5,2026-09-22 23:09:36.811063
31,191,2.0,2026-09-22 23:09:36.811074
31,117,4.0,2026-09-22 23:09:36.811080
31,524,2.0,2026-09-22 23:09:36.811114
31,453,3.5,2026-09-22 23:09:36.811143
31,409,2.0,2026-09-22 23:09:36.811169
31,351,3.0,2026-09-22 23:09:36.811194
31,114,3.5,2026-09-22 23:09:36.811199
31,196,4.0,2026-09-22 23:09:36.811208
31,202,4.0,2026-09-22 23:09:36.811218
31,136,3.0,2026-09-22 23:09:36.811224
31,567,2.0,2026-09-22 23:09:36.811255
31,594,3.0,2026-09-22 23:09:36.811287
31,298,4.0,2026-09-22 23:09:36.811303
32,300,3.5,2026-09-22 23:09:36.811361
32,590,3.0,2026-09-22 23:09:36.811395
32,563,4.0,2026-09-22 23:09:36.811427
32,544,3.5,2026-09-22 23:09:36.811457
32,206,3.0,2026-09-22 23:09:36.811467
32,167,2.0,2026-09-22 23:09:36.811475
32,546,3.0,2026-09-22 23:09:36.811505
32,259,4.0,2026-09-22 23:09:36.811518
32,322,2.0,2026-09-22 23:09:36.811535
32,519,4.0,2026-09-22 23:09:36.811563
32,464,5.0,2026-09-22 23:09:36.811754
32,441,3.0,2026-09-22 23:09:36.811824
32,344,3.5,2026-09-22 23:09:36.811854
32,182,4.0,2026-09-22 23:09:36.811865
32,410,4.0,2026-09-22 23:09:36.811888
32,395,4.0,2026-09-22 23:09:36.811915
32,581,2.0,2026-09-22 23:09:36.811950
33,431,4.0,2026-09-22 23:09:36.812055
33,552,3.0,2026-09-22 23:09:36.812098
33,571,2.0,2026-09-22 23:09:36.812134
33,334,4.0,2026-09-22 23:09:36.812159
33,278,2.0,2026-09-22 23:09:36.812181
33,459,3.0,2026-09-22 23:09:36.812211
33,532,3.0,2026-09-22 23:09:36.812241
33,465,3.5,2026-09-22 23:09:36.812268
33,506,3.5,2026-09-22 23:09:36.812305
33,253,2.0,2026-09-22 23:09:36.812323
33,301,3.0,2026-09-22 23:09:36.812342
33,414,4.0,2026-09-22 23:09:36.812365
33,522,4.0,2026-09-22 23:09:36.812423
33,515,2.0,2026-09-22 23:09:36.812458
33,536,3.5,2026-09-22 23:09:36.812490
33,190,4.0,2026-09-22 23:09:36.812505
33,313,2.0,2026-09-22 23:09:36.812527
33,228,3.5,2026-09-22 23:09:36.812539
33,192,4.5,2026-09-22 23:09:36.812551
33,561,4.0,2026-09-22 23:09:36.812586
33,417,3.0,2026-09-22 23:09:36.812620
33,476,3.5,2026-09-22 23:09:36.812652
33,322,3.0,2026-09-22 23:09:36.812673
33,335,2.0,2026-09-22 23:09:36.812695
34,138,3.5,2026-09-22 23:09:36.812769
34,428,2.0,2026-09-22 23:09:36.812803
34,456,5.0,2026-09-22 23:09:36.812831
34,446,3.0,2026-09-22 23:09:36.812860
34,484,4.5,2026-09-22 23:09:36.812893
34,337,4.0,2026-09-22 23:09:36.812919
34,296,4.0,2026-09-22 23:09:36.812935
34,276,4.0,2026-09-22 23:09:36.812951
34,482,4.0,2026-09-22 23:09:36.812985
34,305,2.0,2026-09-22 23:09:36.813005
34,539,3.0,2026-09-22 23:09:36.813040
34,200,4.0,2026-09-22 23:09:36.813056
34,304,3.0,2026-09-22 23:09:36.813074
34,120,4.0,2026-09-22 23:09:36.813079
34,106,3.5,2026-09-22 23:09:36.813086
35,530,3.0,2026-09-22 23:09:36.813170
35,110,3.0,2026-09-22 23:09:36.813176
35,411,2.0,2026-09-22 23:09:36.813199
35,152,3.0,2026-09-22 23:09:36.813207
35,191,4.0,2026-09-22 23:09:36.813216
35,251,2.0,2026-09-22 23:09:36.813230
35,164,2.0,2026-09-22 23:09:36.813245
35,374,4.0,2026-09-22 23:09:36.813268
35,480,3.5,2026-09-22 23:09:36.813300
35,301,4.0,2026-09-22 23:09:36.813325
35,187,2.0,2026-09-22 23:09:36.813338
35,140,2.0,2026-09-22 23:09:36.813348
35,444,2.0,2026-09-22 23:09:36.813375
35,491,4.0,2026-09-22 23:09:36.813408
35,106,3.0,2026-09-22 23:09:36.813414
35,447,3.0,2026-09-22 23:09:36.813443
35,240,4.5,2026-09-22 23:09:36.813459
35,179,3.0,2026-09-22 23:09:36.813470
35,326,3.0,2026-09-22 23:09:36.813497
35,284,2.0,2026-09-22 23:09:36.813515
36,115,5.0,2026-09-22 23:09:36.813567
36,108,4.0,2026-09-22 23:09:36.813572
36,273,4.0,2026-09-22 23:09:36.813587
36,521,4.0,2026-09-22 23:09:36.813615
36,199,2.0,2026-09-22 23:09:36.813625
36,449,3.0,2026-09-22 23:09:36.813651
36,443,3.0,2026-09-22 23:09:36.813679
36,133,4.0,2026-09-22 23:09:36.813689
36,213,3.5,2026-09-22 23:09:36.813702
36,591,3.5,2026-09-22 23:09:36.813744
36,552,3.0,2026-09-22 23:09:36.813784
36,150,4.0,2026-09-22 23:09:36.813818
36,509,4.0,2026-09-22 23:09:36.813853
36,528,3.5,2026-09-22 23:09:36.813887
36,526,2.0,2026-09-22 23:09:36.813919
36,441,4.0,2026-09-22 23:09:36.814000
36,186,3.0,2026-09-22 23:09:36.814012
36,471,4.0,2026-09-22 23:09:36.814039
36,123,4.0,2026-09-22 23:09:36.814045
36,313,2.0,2026-09-22 23:09:36.814062
36,363,3.5,2026-09-22 23:09:36.814082
36,156,3.5,2026-09-22 23:09:36.814090
36,518,2.0,2026-09-22 23:09:36.814119
36,268,2.0,2026-09-22 23:09:36.814135
36,266,3.0,2026-09-22 23:09:36.814149
36,388,4.0,2026-09-22 23:09:36.814170
36,421,3.5,2026-09-22 23:09:36.814193
36,198,4.0,2026-09-22 23:09:36.814203
37,506,4.0,2026-09-22 23:09:36.814286
37,573,4.0,2026-09-22 23:09:36.814319
37,536,3.0,2026-09-22 23:09:36.814349
37,392,2.0,2026-09-22 23:09:36.814371
37,188,4.0,2026-09-22 23:09:36.814380
37,229,2.0,2026-09-22 23:09:36.814391
37,592,2.0,2026-09-22 23:09:36.814423
37,149,3.5,2026-09-22 23:09:36.814430
37,408,3.0,2026-09-22 23:09:36.814452
37,267,4.0,2026-09-22 23:09:36.814466
37,424,3.0,2026-09-22 23:09:36.814490
37,457,2.0,2026-09-22 23:09:36.814516
37,299,2.0,2026-09-22 23:09:36.814533
37,448,3.0,2026-09-22 23:09:36.814557
37,574,3.5,2026-09-22 23:09:36.814589
37,598,4.0,2026-09-22 23:09:36.814621
37,495,3.5,2026-09-22 23:09:36.814648
37,456,3.0,2026-09-22 23:09:36.814673
37,169,4.0,2026-09-22 23:09:36.814681
37,271,4.0,2026-09-22 23:09:36.814694
37,190,4.0,2026-09-22 23:09:36.814704
37,426,2.0,2026-09-22 23:09:36.814726
37,490,3.0,2026-09-22 23:09:36.814752
37,553,4.0,2026-09-22 23:09:36.814782
37,453,3.5,2026-09-22 23:09:36.814807
37,263,3.0,2026-09-22 23:09:36.814820
37,442,3.5,2026-09-22 23:09:36.814843
37,347,3.5,2026-09-22 23:09:36.814862
37,135,2.0,2026-09-22 23:09:36.814868
37,272,4.0,2026-09-22 23:09:36.814883
37,110,3.5,2026-09-22 23:09:36.814888
37,412,2.0,2026-09-22 23:09:36.814910
38,276,4.5,2026-09-22 23:09:36.814967
38,225,2.0,2026-09-22 23:09:36.814979
38,206,3.0,2026-09-22 23:09:36.814989
38,377,2.0,2026-09-22 23:09:36.815010
38,128,3.0,2026-09-22 23:09:36.815016
38,565,3.0,2026-09-22 23:09:36.815049
38,570,3.0,2026-09-22 23:09:36.815081
38,441,2.0,2026-09-22 23:09:36.815105
38,228,3.0,2026-09-22 23:09:36.815116
38,511,3.0,2026-09-22 23:09:36.815144
38,452,3.0,2026-09-22 23:09:36.815168
38,457,2.0,2026-09-22 23:09:36.815193
38,469,4.0,2026-09-22 23:09:36.815218
38,214,4.0,2026-09-22 23:09:36.815228
38,412,3.5,2026-09-22 23:09:36.815250
38,547,3.0,2026-09-22 23:09:36.815280
38,296,5.0,2026-09-22 23:09:36.815295
38,367,3.0,2026-09-22 23:09:36.815315
38,265,4.0,2026-09-22 23:09:36.815328
38,194,4.0,2026-09-22 23:09:36.815337
38,327,3.0,2026-09-22 23:09:36.815355
38,423,3.0,2026-09-22 23:09:36.815378
38,104,3.5,2026-09-22 23:09:36.815382
38,134,3.5,2026-09-22 23:09:36.815388
38,546,4.0,2026-09-22 23:09:36.815418
39,542,4.0,2026-09-22 23:09:36.815489
39,501,4.0,2026-09-22 23:09:36.815516
39,347,2.0,2026-09-22 23:09:36.815534
39,141,3.5,2026-09-22 23:09:36.815541
39,587,3.0,2026-09-22 23:09:36.815573
39,598,3.0,2026-09-22 23:09:36.815606
39,285,4.5,2026-09-22 23:09:36.815621
39,304,4.0,2026-09-22 23:09:36.815637
39,294,4.5,2026-09-22 23:09:36.815652
39,186,3.5,2026-09-22 23:09:36.815661
39,342,4.0,2026-09-22 23:09:36.815678
39,326,3.5,2026-09-22 23:09:36.815695
39,317,4.0,2026-09-22 23:09:36.815712
39,359,4.0,2026-09-22 23:09:36.815730
39,413,2.0,2026-09-22 23:09:36.815752
39,477,3.5,2026-09-22 23:09:36.815778
39,322,3.0,2026-09-22 23:09:36.815803
39,490,4.0,2026-09-22 23:09:36.815834
39,180,3.0,2026-09-22 23:09:36.815843
39,520,3.0,2026-09-22 23:09:36.815873
39,589,3.0,2026-09-22 23:09:36.815908
39,507,2.0,2026-09-22 23:09:36.815936
39,111,2.0,2026-09-22 23:09:36.815941
40,352,4.0,2026-09-22 23:09:36.816003
40,308,3.5,2026-09-22 23:09:36.816020
40,574,3.5,2026-09-22 23:09:36.816052
40,313,4.0,2026-09-22 23:09:36.816069
40,582,3.5,2026-09-22 23:09:36.816101
40,303,2.0,2026-09-22 23:09:36.816117
40,597,4.0,2026-09-22 23:09:36.816151
40,481,4.0,2026-09-22 23:09:36.816177
40,292,3.0,2026-09-22 23:09:36.816193
40,297,3.0,2026-09-22 23:09:36.816208
40,351,4.0,2026-09-22 23:09:36.816228
40,258,2.0,2026-09-22 23:09:36.816242
40,429,3.5,2026-09-22 23:09:36.816265
40,402,2.0,2026-09-22 23:09:36.816288
40,137,3.0,2026-09-22 23:09:36.816295
40,310,3.5,2026-09-22 23:09:36.816311
40,554,4.0,2026-09-22 23:09:36.816343
40,120,3.0,2026-09-22 23:09:36.816349
40,572,3.5,2026-09-22 23:09:36.816380
40,164,3.0,2026-09-22 23:09:36.816388
40,298,3.0,2026-09-22 23:09:36.816404
40,578,2.0,2026-09-22 23:09:36.816436
40,390,2.0,2026-09-22 23:09:36.816517
40,184,2.0,2026-09-22 23:09:36.816530
40,200,4.0,2026-09-22 23:09:36.816541
40,491,4.0,2026-09-22 23:09:36.816569
41,366,3.5,2026-09-22 23:09:36.816630
41,566,5.0,2026-09-22 23:09:36.816663
41,197,4.0,2026-09-22 23:09:36.816673
41,549,2.0,2026-09-22 23:09:36.816704
41,317,2.0,2026-09-22 23:09:36.816721
41,185,3.5,2026-09-22 23:09:36.816732
41,525,3.0,2026-09-22 23:09:36.816760
41,319,3.5,2026-09-22 23:09:36.816777
41,230,3.0,2026-09-22 23:09:36.816789
41,455,4.0,2026-09-22 23:09:36.816814
41,255,3.5,2026-09-22 23:09:36.816827
41,357,2.0,2026-09-22 23:09:36.816847
41,596,4.0,2026-09-22 23:09:36.816881
41,373,4.0,2026-09-22 23:09:36.816903
41,438,2.0,2026-09-22 23:09:36.816927
41,554,4.0,2026-09-22 23:09:36.816958
41,296,2.0,2026-09-22 23:09:36.816974
42,314,4.0,2026-09-22 23:09:36.817034
42,436,5.0,2026-09-22 23:09:36.817059
42,248,2.0,2026-09-22 23:09:36.817071
42,476,3.0,2026-09-22 23:09:36.817098
42,321,2.0,2026-09-22 23:09:36.817116
42,188,3.5,2026-09-22 23:09:36.817125
42,191,2.0,2026-09-22 23:09:36.817135
42,292,4.0,2026-09-22 23:09:36.817150
42,196,2.0,2026-09-22 23:09:36.817159
42,461,3.5,2026-09-22 23:09:36.817185
42,169,2.0,2026-09-22 23:09:36.817193
42,202,3.5,2026-09-22 23:09:36.817233
42,350,2.0,2026-09-22 23:09:36.817261
42,194,3.0,2026-09-22 23:09:36.817271
42,358,4.0,2026-09-22 23:09:36.817290
42,586,4.0,2026-09-22 23:09:36.817323
42,157,2.0,2026-09-22 23:09:36.817331
42,331,2.0,2026-09-22 23:09:36.817364
42,391,2.0,2026-09-22 23:09:36.817458
42,517,3.5,2026-09-22 23:09:36.817609
42,209,2.0,2026-09-22 23:09:36.817636
42,203,2.0,2026-09-22 23:09:36.817649
42,131,2.0,2026-09-22 23:09:36.817658
42,484,3.0,2026-09-22 23:09:36.817695
42,515,2.0,2026-09-22 23:09:36.817731
42,489,4.0,2026-09-22 23:09:36.817763
42,199,3.5,2026-09-22 23:09:36.817780
42,233,4.0,2026-09-22 23:09:36.817865
42,562,4.0,2026-09-22 23:09:36.817978
42,547,3.5,2026-09-22 23:09:36.818018
42,310,4.0,2026-09-22 23:09:36.818054
43,450,3.0,2026-09-22 23:09:36.818224
43,556,2.0,2026-09-22 23:09:36.818260
43,276,2.0,2026-09-22 23:09:36.818275
43,262,3.5,2026-09-22 23:09:36.818289
43,519,3.0,2026-09-22 23:09:36.818318
43,223,3.5,2026-09-22 23:09:36.818329
43,582,4.0,2026-09-22 23:09:36.818360
43,285,4.0,2026-09-22 23:09:36.818376
43,441,4.0,2026-09-22 23:09:36.818400
43,305,3.0,2026-09-22 23:09:36.818416
43,294,2.0,2026-09-22 23:09:36.818431
43,413,3.5,2026-09-22 23:09:36.818460
43,130,2.0,2026-09-22 23:09:36.818466
43,600,3.5,2026-09-22 23:09:36.818498
43,283,2.0,2026-09-22 23:09:36.818513
43,548,3.5,2026-09-22 23:09:36.818542
43,270,4.0,2026-09-22 23:09:36.818557
43,513,3.0,2026-09-22 23:09:36.818584
43,152,4.0,2026-09-22 23:09:36.818591
43,102,4.0,2026-09-22 23:09:36.818595
43,334,2.0,2026-09-22 23:09:36.818613
43,546,3.5,2026-09-22 23:09:36.818642
43,458,4.0,2026-09-22 23:09:36.818666
43,306,4.0,2026-09-22 23:09:36.818683
43,472,2.0,2026-09-22 23:09:36.818708
43,528,4.0,2026-09-22 23:09:36.818736
44,200,2.0,2026-09-22 23:09:36.818796
44,465,2.0,2026-09-22 23:09:36.818824
44,174,4.0,2026-09-22 23:09:36.818832
44,546,2.0,2026-09-22 23:09:36.818862
44,367,3.0,2026-09-22 23:09:36.818881
44,549,3.5,2026-09-22 23:09:36.818911
44,393,4.0,2026-09-22 23:09:36.818933
44,502,3.5,2026-09-22 23:09:36.818959
44,539,3.0,2026-09-22 23:09:36.818989
44,467,3.5,2026-09-22 23:09:36.819014
44,359,4.0,2026-09-22 23:09:36.819033
44,117,2.0,2026-09-22 23:09:36.819039
44,166,3.0,2026-09-22 23:09:36.819047
44,355,4.0,2026-09-22 23:09:36.819068
44,508,2.0,2026-09-22 23:09:36.819096
44,145,3.5,2026-09-22 23:09:36.819102
44,255,3.0,2026-09-22 23:09:36.819115
44,527,2.0,2026-09-22 23:09:36.819144
44,445,3.5,2026-09-22 23:09:36.819167
44,381,4.0,2026-09-22 23:09:36.819187
44,548,4.0,2026-09-22 23:09:36.819217
44,340,5.0,2026-09-22 23:09:36.819235
44,187,4.0,2026-09-22 23:09:36.819244
44,559,3.0,2026-09-22 23:09:36.819275
44,329,4.0,2026-09-22 23:09:36.819292
44,589,3.5,2026-09-22 23:09:36.819324
44,160,2.0,2026-09-22 23:09:36.819331
44,347,4.5,2026-09-22 23:09:36.819350
44,440,2.0,2026-09-22 23:09:36.819374
44,377,2.0,2026-09-22 23:09:36.819394
44,224,2.0,2026-09-22 23:09:36.819405
44,225,3.5,2026-09-22 23:09:36.819415
44,209,3.0,2026-09-22 23:09:36.819426
44,188,2.0,2026-09-22 23:09:36.819435
45,166,3.0,2026-09-22 23:09:36.819487
45,537,2.0,2026-09-22 23:09:36.819517
45,261,4.0,2026-09-22 23:09:36.819550
45,589,4.0,2026-09-22 23:09:36.819585
45,295,4.0,2026-09-22 23:09:36.819601
45,396,3.5,2026-09-22 23:09:36.819622
45,478,3.0,2026-09-22 23:09:36.819648
45,101,3.5,2026-09-22 23:09:36.819653
45,260,3.0,2026-09-22 23:09:36.819666
45,132,4.0,2026-09-22 23:09:36.819672
45,403,4.0,2026-09-22 23:09:36.819694
45,375,3.0,2026-09-22 23:09:36.819714
45,198,3.5,2026-09-22 23:09:36.819723
45,534,3.0,2026-09-22 23:09:36.819752
45,299,2.0,2026-09-22 23:09:36.819768
45,317,3.5,2026-09-22 23:09:36.819785
45,264,3.5,2026-09-22 23:09:36.819798
45,495,2.0,2026-09-22 23:09:36.819825
45,287,3.5,2026-09-22 23:09:36.819839
45,509,4.0,2026-09-22 23:09:36.819867
45,448,3.0,2026-09-22 23:09:36.819890
45,579,4.5,2026-09-22 23:09:36.819922
45,508,3.5,2026-09-22 23:09:36.819949
45,165,4.0,2026-09-22 23:09:36.819957
45,367,2.0,2026-09-22 23:09:36.819976
45,440,3.5,2026-09-22 23:09:36.819999
46,535,2.0,2026-09-22 23:09:36.820077
46,476,4.0,2026-09-22 23:09:36.820104
46,579,3.5,2026-09-22 23:09:36.820136
46,515,4.0,2026-09-22 23:09:36.820163
46,216,5.0,2026-09-22 23:09:36.820173
46,459,4.0,2026-09-22 23:09:36.820197
46,477,3.5,2026-09-22 23:09:36.820224
46,127,4.0,2026-09-22 23:09:36.820231
46,573,4.0,2026-09-22 23:09:36.820262
46,544,2.0,2026-09-22 23:09:36.820291
46,498,3.5,2026-09-22 23:09:36.820318
46,192,3.5,2026-09-22 23:09:36.820328
46,539,3.0,2026-09-22 23:09:36.820357
46,350,4.0,2026-09-22 23:09:36.820376
46,473,2.0,2026-09-22 23:09:36.820402
46,301,3.0,2026-09-22 23:09:36.820418
46,254,3.5,2026-09-22 23:09:36.820430
46,518,2.0,2026-09-22 23:09:36.820459
46,438,3.5,2026-09-22 23:09:36.821302
46,568,4.0,2026-09-22 23:09:36.821337
46,182,3.0,2026-09-22 23:09:36.821347
47,327,3.0,2026-09-22 23:09:36.821409
47,457,4.0,2026-09-22 23:09:36.821435
47,348,4.0,2026-09-22 23:09:36.821454
47,250,3.0,2026-09-22 23:09:36.821466
47,560,4.0,2026-09-22 23:09:36.821497
47,175,2.0,2026-09-22 23:09:36.821505
47,208,3.5,2026-09-22 23:09:36.821515
47,212,4.0,2026-09-22 23:09:36.821526
47,512,3.0,2026-09-22 23:09:36.821563
47,484,2.0,2026-09-22 23:09:36.821591
47,201,2.0,2026-09-22 23:09:36.821601
47,477,3.5,2026-09-22 23:09:36.821627
47,434,4.0,2026-09-22 23:09:36.821650
47,105,3.0,2026-09-22 23:09:36.821655
47,286,4.0,2026-09-22 23:09:36.821670
47,472,3.0,2026-09-22 23:09:36.821695
47,539,2.0,2026-09-22 23:09:36.821723
47,395,2.0,2026-09-22 23:09:36.821744
47,153,3.0,2026-09-22 23:09:36.821751
48,255,3.0,2026-09-22 23:09:36.821808
48,453,2.0,2026-09-22 23:09:36.821833
48,406,5.0,2026-09-22 23:09:36.821854
48,589,4.0,2026-09-22 23:09:36.821886
48,189,3.5,2026-09-22 23:09:36.821895
48,435,5.0,2026-09-22 23:09:36.821919
48,482,2.0,2026-09-22 23:09:36.821945
48,293,3.0,2026-09-22 23:09:36.821960
48,498,4.0,2026-09-22 23:09:36.821988
48,455,4.0,2026-09-22 23:09:36.822011
48,508,4.0,2026-09-22 23:09:36.822039
48,444,4.5,2026-09-22 23:09:36.822063
48,438,5.0,2026-09-22 23:09:36.822086
48,146,3.0,2026-09-22 23:09:36.822093
48,499,2.0,2026-09-22 23:09:36.822119
48,338,3.5,2026-09-22 23:09:36.822137
48,543,2.0,2026-09-22 23:09:36.822166
48,519,3.0,2026-09-22 23:09:36.822194
48,433,4.5,2026-09-22 23:09:36.822217
48,296,2.0,2026-09-22 23:09:36.822233
48,241,4.0,2026-09-22 23:09:36.822245
48,424,5.0,2026-09-22 23:09:36.822267
48,328,4.0,2026-09-22 23:09:36.822285
48,289,2.0,2026-09-22 23:09:36.822301
48,106,2.0,2026-09-22 23:09:36.822306
48,162,3.0,2026-09-22 23:09:36.822313
48,160,2.0,2026-09-22 23:09:36.822321
48,143,3.0,2026-09-22 23:09:36.822327
48,163,3.0,2026-09-22 23:09:36.822335
48,351,2.0,2026-09-22 23:09:36.822355
49,510,4.0,2026-09-22 23:09:36.822427
49,261,3.5,2026-09-22 23:09:36.822441
49,163,4.0,2026-09-22 23:09:36.822449
49,121,3.0,2026-09-22 23:09:36.822455
49,166,4.0,2026-09-22 23:09:36.822463
49,395,3.5,2026-09-22 23:09:36.822484
49,206,3.5,2026-09-22 23:09:36.822494
49,435,3.0,2026-09-22 23:09:36.822517
49,183,2.0,2026-09-22 23:09:36.822526
49,145,2.0,2026-09-22 23:09:36.822532
49,388,3.0,2026-09-22 23:09:36.822553
49,232,2.0,2026-09-22 23:09:36.822564
49,536,4.0,2026-09-22 23:09:36.822593
49,486,3.0,2026-09-22 23:09:36.822619
49,118,3.5,2026-09-22 23:09:36.822624
49,144,3.0,2026-09-22 23:09:36.822630
49,164,3.0,2026-09-22 23:09:36.822638
49,360,3.0,2026-09-22 23:09:36.822657
49,253,3.5,2026-09-22 23:09:36.822670
49,287,3.5,2026-09-22 23:09:36.822684
49,595,3.0,2026-09-22 23:09:36.822716
49,379,4.0,2026-09-22 23:09:36.822736
49,188,2.0,2026-09-22 23:09:36.822745
49,317,3.5,2026-09-22 23:09:36.822761
49,584,3.5,2026-09-22 23:09:36.822793
49,437,4.0,2026-09-22 23:09:36.822817
49,101,3.0,2026-09-22 23:09:36.822821
49,228,4.0,2026-09-22 23:09:36.822832
49,254,4.0,2026-09-22 23:09:36.822844
50,447,3.0,2026-09-22 23:09:36.822907
50,318,4.0,2026-09-22 23:09:36.822925
50,582,3.0,2026-09-22 23:09:36.822957
50,456,3.5,2026-09-22 23:09:36.822981
50,174,4.5,2026-09-22 23:09:36.822990
50,375,4.0,2026-09-22 23:09:36.823010
50,205,2.0,2026-09-22 23:09:36.823019
50,137,3.0,2026-09-22 23:09:36.823026
50,423,2.0,2026-09-22 23:09:36.823048
50,476,3.5,2026-09-22 23:09:36.823073
50,238,2.0,2026-09-22 23:09:36.823085
50,425,2.0,2026-09-22 23:09:36.823107
50,457,4.0,2026-09-22 23:09:36.823132
50,431,2.0,2026-09-22 23:09:36.823155
50,199,4.5,2026-09-22 23:09:36.823164
50,466,2.0,2026-09-22 23:09:36.823189
50,291,3.5,2026-09-22 23:09:36.823204
50,389,3.5,2026-09-22 23:09:36.823225
50,437,3.5,2026-09-22 23:09:36.823248
50,432,3.0,2026-09-22 23:09:36.823271
50,521,3.0,2026-09-22 23:09:36.823300
50,362,3.5,2026-09-22 23:09:36.823318
50,410,2.0,2026-09-22 23:09:36.823340
51,597,2.0,2026-09-22 23:09:36.823411
51,214,2.0,2026-09-22 23:09:36.823422
51,294,3.0,2026-09-22 23:09:36.823437
51,588,3.5,2026-09-22 23:09:36.823469
51,154,4.5,2026-09-22 23:09:36.823477
51,501,3.0,2026-09-22 23:09:36.823504
51,574,3.5,2026-09-22 23:09:36.823535
51,164,5.0,2026-09-22 23:09:36.823551
51,190,5.0,2026-09-22 23:09:36.823563
51,370,4.0,2026-09-22 23:09:36.823584
51,473,4.0,2026-09-22 23:09:36.823610
51,549,3.0,2026-09-22 23:09:36.823640
51,257,3.5,2026-09-22 23:09:36.823653
51,402,2.0,2026-09-22 23:09:36.823674
51,521,3.0,2026-09-22 23:09:36.823703
51,514,3.0,2026-09-22 23:09:36.823731
51,351,3.0,2026-09-22 23:09:36.823749
51,149,4.0,2026-09-22 23:09:36.823756
51,371,3.5,2026-09-22 23:09:36.823776
51,279,2.0,2026-09-22 23:09:36.823790
51,459,3.5,2026-09-22 23:09:36.823815
51,393,3.0,2026-09-22 23:09:36.823836
51,544,4.0,2026-09-22 23:09:36.823866
51,245,4.0,2026-09-22 23:09:36.823878
51,383,3.0,2026-09-22 23:09:36.823898
51,239,4.0,2026-09-22 23:09:36.823910
51,412,3.5,2026-09-22 23:09:36.823931
52,247,2.0,2026-09-22 23:09:36.823986
52,242,3.5,2026-09-22 23:09:36.823998
52,588,4.0,2026-09-22 23:09:36.824029
52,320,2.0,2026-09-22 23:09:36.824046
52,367,4.0,2026-09-22 23:09:36.824065
52,583,3.0,2026-09-22 23:09:36.824097
52,468,4.5,2026-09-22 23:09:36.824122
52,552,4.0,2026-09-22 23:09:36.824152
52,573,2.0,2026-09-22 23:09:36.824183
52,517,4.0,2026-09-22 23:09:36.824210
52,218,2.0,2026-09-22 23:09:36.824220
52,257,3.0,2026-09-22 23:09:36.824233
52,426,2.0,2026-09-22 23:09:36.824257
52,540,4.0,2026-09-22 23:09:36.824286
52,145,3.5,2026-09-22 23:09:36.824293
52,586,3.0,2026-09-22 23:09:36.824325
52,309,2.0,2026-09-22 23:09:36.824342
52,495,5.0,2026-09-22 23:09:36.824369
52,261,4.0,2026-09-22 23:09:36.824382
52,533,3.0,2026-09-22 23:09:36.824411
52,147,3.0,2026-09-22 23:09:36.824419
52,425,3.0,2026-09-22 23:09:36.824442
52,141,2.0,2026-09-22 23:09:36.824448
52,140,3.5,2026-09-22 23:09:36.824454
52,474,4.0,2026-09-22 23:09:36.824479
52,223,3.5,2026-09-22 23:09:36.824491
52,584,2.0,2026-09-22 23:09:36.824522
52,148,4.0,2026-09-22 23:09:36.824529
52,185,4.0,2026-09-22 23:09:36.824538
52,395,4.0,2026-09-22 23:09:36.824558
52,130,3.0,2026-09-22 23:09:36.824564
53,274,4.0,2026-09-22 23:09:36.824615
53,568,3.0,2026-09-22 23:09:36.824646
53,448,3.5,2026-09-22 23:09:36.824670
53,228,2.0,2026-09-22 23:09:36.824682
53,526,4.0,2026-09-22 23:09:36.824711
53,377,5.0,2026-09-22 23:09:36.824732
53,536,4.0,2026-09-22 23:09:36.824761
53,493,2.0,2026-09-22 23:09:36.824787
53,540,3.5,2026-09-22 23:09:36.824898
53,161,2.0,2026-09-22 23:09:36.824905
53,249,4.0,2026-09-22 23:09:36.824918
53,254,3.5,2026-09-22 23:09:36.824931
53,348,3.5,2026-09-22 23:09:36.824950
53,251,3.5,2026-09-22 23:09:36.824963
53,236,2.0,2026-09-22 23:09:36.824974
53,210,2.0,2026-09-22 23:09:36.824984
53,102,3.5,2026-09-22 23:09:36.824988
53,478,3.0,2026-09-22 23:09:36.825015
54,105,3.0,2026-09-22 23:09:36.825066
54,152,3.5,2026-09-22 23:09:36.825074
54,321,2.0,2026-09-22 23:09:36.825090
54,352,4.0,2026-09-22 23:09:36.825109
54,202,4.0,2026-09-22 23:09:36.825119
54,144,3.0,2026-09-22 23:09:36.825126
54,371,3.0,2026-09-22 23:09:36.825145
54,364,3.5,2026-09-22 23:09:36.825164
54,561,4.0,2026-09-22 23:09:36.825195
54,179,2.0,2026-09-22 23:09:36.825203
54,311,3.5,2026-09-22 23:09:36.825219
54,164,3.0,2026-09-22 23:09:36.825227
54,568,2.0,2026-09-22 23:09:36.825259
54,350,3.0,2026-09-22 23:09:36.825277
54,104,3.5,2026-09-22 23:09:36.825281
54,180,2.0,2026-09-22 23:09:36.825290
54,494,3.0,2026-09-22 23:09:36.825317
54,437,4.5,2026-09-22 23:09:36.825340
54,229,4.0,2026-09-22 23:09:36.825351
54,216,3.5,2026-09-22 23:09:36.825362
54,341,2.0,2026-09-22 23:09:36.825380
54,303,3.0,2026-09-22 23:09:36.825396
54,292,3.0,2026-09-22 23:09:36.825411
54,254,4.0,2026-09-22 23:09:36.825424
54,287,3.5,2026-09-22 23:09:36.825439
54,320,2.0,2026-09-22 23:09:36.825455
55,382,3.0,2026-09-22 23:09:36.825517
55,354,2.0,2026-09-22 23:09:36.825537
55,510,3.5,2026-09-22 23:09:36.825574
55,450,4.5,2026-09-22 23:09:36.825600
55,466,2.0,2026-09-22 23:09:36.825626
55,166,4.0,2026-09-22 23:09:36.825636
55,267,4.0,2026-09-22 23:09:36.825650
55,485,3.5,2026-09-22 23:09:36.825678
55,492,3.5,2026-09-22 23:09:36.825705
55,500,4.0,2026-09-22 23:09:36.825733
55,552,2.0,2026-09-22 23:09:36.825763
55,305,4.0,2026-09-22 23:09:36.825780
55,357,3.0,2026-09-22 23:09:36.825799
55,472,3.0,2026-09-22 23:09:36.825825
55,573,3.0,2026-09-22 23:09:36.825857
55,480,3.0,2026-09-22 23:09:36.825884
55,532,3.5,2026-09-22 23:09:36.825913
55,523,2.0,2026-09-22 23:09:36.825942
55,300,3.5,2026-09-22 23:09:36.825957
55,168,3.0,2026-09-22 23:09:36.825966
55,157,4.0,2026-09-22 23:09:36.825973
55,591,3.0,2026-09-22 23:09:36.826006
55,156,4.0,2026-09-22 23:09:36.826013
55,506,2.0,2026-09-22 23:09:36.826041
55,111,3.0,2026-09-22 23:09:36.826046
55,165,3.0,2026-09-22 23:09:36.826054
55,180,3.0,2026-09-22 23:09:36.826063
55,277,3.0,2026-09-22 23:09:36.826076
55,107,2.0,2026-09-22 23:09:36.826081
55,493,3.0,2026-09-22 23:09:36.826107
56,241,3.0,2026-09-22 23:09:36.826155
56,199,3.0,2026-09-22 23:09:36.826164
56,576,3.5,2026-09-22 23:09:36.826196
56,175,4.0,2026-09-22 23:09:36.826204
56,319,4.0,2026-09-22 23:09:36.826221
56,110,2.0,2026-09-22 23:09:36.826225
56,416,5.0,2026-09-22 23:09:36.826248
56,203,4.0,2026-09-22 23:09:36.826257
56,147,2.0,2026-09-22 23:09:36.826264
56,543,3.5,2026-09-22 23:09:36.826293
56,127,2.0,2026-09-22 23:09:36.826299
56,295,3.5,2026-09-22 23:09:36.826314
56,309,3.5,2026-09-22 23:09:36.826330
56,369,3.5,2026-09-22 23:09:36.826349
56,257,3.5,2026-09-22 23:09:36.826362
56,459,4.0,2026-09-22 23:09:36.826387
57,559,2.0,2026-09-22 23:09:36.826456
57,125,2.0,2026-09-22 23:09:36.826462
57,194,3.0,2026-09-22 23:09:36.826472
57,121,3.5,2026-09-22 23:09:36.826477
57,101,3.5,2026-09-22 23:09:36.826481
57,127,3.5,2026-09-22 23:09:36.826487
57,439,3.5,2026-09-22 23:09:36.826511
57,482,3.0,2026-09-22 23:09:36.826536
57,265,5.0,2026-09-22 23:09:36.826550
57,209,3.5,2026-09-22 23:09:36.826560
57,247,3.0,2026-09-22 23:09:36.826572
57,342,4.0,2026-09-22 23:09:36.826590
57,244,2.0,2026-09-22 23:09:36.826602
57,566,2.0,2026-09-22 23:09:36.826633
57,411,3.0,2026-09-22 23:09:36.826655
57,152,2.0,2026-09-22 23:09:36.826662
57,321,2.0,2026-09-22 23:09:36.826678
57,195,3.0,2026-09-22 23:09:36.826688
57,230,3.0,2026-09-22 23:09:36.826700
57,586,4.0,2026-09-22 23:09:36.826731
57,352,2.0,2026-09-22 23:09:36.826750
57,287,4.0,2026-09-22 23:09:36.826765
57,272,5.0,2026-09-22 23:09:36.826779
57,256,5.0,2026-09-22 23:09:36.826792
57,158,3.5,2026-09-22 23:09:36.826799
58,490,4.0,2026-09-22 23:09:36.826880
58,204,4.0,2026-09-22 23:09:36.826890
58,374,2.0,2026-09-22 23:09:36.826911
58,470,3.0,2026-09-22 23:09:36.826937
58,179,3.5,2026-09-22 23:09:36.826946
58,123,3.0,2026-09-22 23:09:36.826951
58,166,3.5,2026-09-22 23:09:36.826959
58,199,2.0,2026-09-22 23:09:36.826968
58,315,5.0,2026-09-22 23:09:36.826985
58,382,2.0,2026-09-22 23:09:36.827005
58,465,3.0,2026-09-22 23:09:36.827030
58,230,4.0,2026-09-22 23:09:36.827041
58,557,4.0,2026-09-22 23:09:36.827072
58,550,2.0,2026-09-22 23:09:36.827102
58,489,3.0,2026-09-22 23:09:36.827128
58,537,4.0,2026-09-22 23:09:36.827157
58,534,4.0,2026-09-22 23:09:36.827186
58,565,4.0,2026-09-22 23:09:36.827216
58,387,4.0,2026-09-22 23:09:36.827236
58,600,3.5,2026-09-22 23:09:36.827268
58,278,3.0,2026-09-22 23:09:36.827283
58,559,3.0,2026-09-22 23:09:36.827314
58,288,2.0,2026-09-22 23:09:36.827328
58,330,4.0,2026-09-22 23:09:36.827345
58,423,3.0,2026-09-22 23:09:36.827367
58,468,2.0,2026-09-22 23:09:36.827393
58,161,4.0,2026-09-22 23:09:36.827401
58,567,3.5,2026-09-22 23:09:36.827432
58,324,4.5,2026-09-22 23:09:36.827448
58,135,3.0,2026-09-22 23:09:36.827454
59,383,3.0,2026-09-22 23:09:36.827517
59,161,2.0,2026-09-22 23:09:36.827525
59,188,2.0,2026-09-22 23:09:36.827534
59,215,3.5,2026-09-22 23:09:36.827545
59,124,3.5,2026-09-22 23:09:36.827558
59,374,3.5,2026-09-22 23:09:36.827580
59,222,2.0,2026-09-22 23:09:36.827591
59,250,3.5,2026-09-22 23:09:36.827604
59,121,3.0,2026-09-22 23:09:36.827610
59,428,4.0,2026-09-22 23:09:36.827632
59,176,3.5,2026-09-22 23:09:36.827641
59,583,3.5,2026-09-22 23:09:36.827673
59,553,2.0,2026-09-22 23:09:36.827704
59,243,2.0,2026-09-22 23:09:36.827716
59,575,3.5,2026-09-22 23:09:36.827748
59,169,3.0,2026-09-22 23:09:36.827755
59,239,3.5,2026-09-22 23:09:36.827767
59,548,3.0,2026-09-22 23:09:36.827797
59,505,3.5,2026-09-22 23:09:36.827825
59,127,2.0,2026-09-22 23:09:36.827830
59,429,2.0,2026-09-22 23:09:36.827854
59,228,4.0,2026-09-22 23:09:36.827866
59,522,3.5,2026-09-22 23:09:36.827894
60,206,4.0,2026-09-22 23:09:36.827947
60,519,3.0,2026-09-22 23:09:36.827976
60,327,3.5,2026-09-22 23:09:36.827993
60,213,2.0,2026-09-22 23:09:36.828003
60,267,3.5,2026-09-22 23:09:36.828017
60,238,3.0,2026-09-22 23:09:36.828029
60,205,3.0,2026-09-22 23:09:36.828039
60,398,4.0,2026-09-22 23:09:36.828061
60,423,3.0,2026-09-22 23:09:36.828083
60,514,2.0,2026-09-22 23:09:36.828112
60,540,3.0,2026-09-22 23:09:36.828145
60,486,2.0,2026-09-22 23:09:36.828171
60,303,4.0,2026-09-22 23:09:36.828187
60,180,3.0,2026-09-22 23:09:36.828196
60,329,4.0,2026-09-22 23:09:36.828213
60,219,4.0,2026-09-22 23:09:36.828225
60,474,2.0,2026-09-22 23:09:36.828250
60,472,3.0,2026-09-22 23:09:36.828276
60,323,2.0,2026-09-22 23:09:36.828293
60,289,2.0,2026-09-22 23:09:36.828308
60,176,4.0,2026-09-22 23:09:36.828317
60,562,4.5,2026-09-22 23:09:36.828348
60,346,2.0,2026-09-22 23:09:36.828366
60,148,2.0,2026-09-22 23:09:36.828375
60,354,2.0,2026-09-22 23:09:36.828394
60,193,2.0,2026-09-22 23:09:36.828403
60,336,3.0,2026-09-22 23:09:36.828421
60,195,3.0,2026-09-22 23:09:36.828430
60,518,2.0,2026-09-22 23:09:36.828458
60,542,3.5,2026-09-22 23:09:36.828487
60,191,3.0,2026-09-22 23:09:36.828496
60,197,2.0,2026-09-22 23:09:36.828506
61,378,4.0,2026-09-22 23:09:36.828561
61,477,3.0,2026-09-22 23:09:36.828588
61,519,3.0,2026-09-22 23:09:36.828616
61,274,2.0,2026-09-22 23:09:36.828630
61,537,3.5,2026-09-22 23:09:36.828660
61,463,2.0,2026-09-22 23:09:36.828686
61,144,4.0,2026-09-22 23:09:36.828693
61,204,2.0,2026-09-22 23:09:36.828702
61,172,2.0,2026-09-22 23:09:36.828710
61,346,3.5,2026-09-22 23:09:36.828729
61,489,2.0,2026-09-22 23:09:36.828757
61,389,4.0,2026-09-22 23:09:36.828779
61,557,3.0,2026-09-22 23:09:36.828810
61,328,2.0,2026-09-22 23:09:36.828827
61,518,3.0,2026-09-22 23:09:36.828855
61,184,2.0,2026-09-22 23:09:36.828863
61,258,3.0,2026-09-22 23:09:36.828877
61,270,4.0,2026-09-22 23:09:36.828890
62,281,3.5,2026-09-22 23:09:36.828943
62,436,4.5,2026-09-22 23:09:36.828967
62,247,2.0,2026-09-22 23:09:36.828981
62,216,3.5,2026-09-22 23:09:36.828992
62,572,2.0,2026-09-22 23:09:36.829023
62,551,3.5,2026-09-22 23:09:36.829053
62,451,2.0,2026-09-22 23:09:36.829077
62,297,2.0,2026-09-22 23:09:36.829093
62,452,3.0,2026-09-22 23:09:36.829117
62,553,3.0,2026-09-22 23:09:36.829147
62,467,4.0,2026-09-22 23:09:36.829172
62,522,3.5,2026-09-22 23:09:36.829223
62,562,3.0,2026-09-22 23:09:36.829255
62,158,4.0,2026-09-22 23:09:36.829263
62,352,3.0,2026-09-22 23:09:36.829282
62,187,3.5,2026-09-22 23:09:36.829291
62,157,3.5,2026-09-22 23:09:36.829299
62,215,3.5,2026-09-22 23:09:36.829309
62,153,2.0,2026-09-22 23:09:36.829316
63,439,3.5,2026-09-22 23:09:36.829381
63,289,3.0,2026-09-22 23:09:36.829396
63,578,2.0,2026-09-22 23:09:36.829428
63,236,3.5,2026-09-22 23:09:36.829439
63,516,3.0,2026-09-22 23:09:36.829467
63,565,3.0,2026-09-22 23:09:36.829504
63,465,4.0,2026-09-22 23:09:36.829529
63,509,3.5,2026-09-22 23:09:36.829567
63,140,3.5,2026-09-22 23:09:36.829575
63,504,4.0,2026-09-22 23:09:36.829603
63,102,4.0,2026-09-22 23:09:36.829608
63,542,4.0,2026-09-22 23:09:36.829640
63,177,4.0,2026-09-22 23:09:36.829649
63,499,3.5,2026-09-22 23:09:36.829678
63,436,3.0,2026-09-22 23:09:36.829701
63,176,3.0,2026-09-22 23:09:36.829710
63,264,4.0,2026-09-22 23:09:36.829723
63,300,4.0,2026-09-22 23:09:36.829739
63,329,5.0,2026-09-22 23:09:36.829756
63,470,4.0,2026-09-22 23:09:36.829782
63,508,4.0,2026-09-22 23:09:36.829809
63,503,3.0,2026-09-22 23:09:36.829838
63,600,4.0,2026-09-22 23:09:36.829871
63,345,4.0,2026-09-22 23:09:36.829889
63,518,4.0,2026-09-22 23:09:36.829918
63,135,3.0,2026-09-22 23:09:36.829925
63,158,2.0,2026-09-22 23:09:36.829932
63,396,3.0,2026-09-22 23:09:36.829953
63,319,4.5,2026-09-22 23:09:36.829969
63,592,2.0,2026-09-22 23:09:36.830002
64,286,4.0,2026-09-22 23:09:36.830054
64,386,3.5,2026-09-22 23:09:36.830074
64,343,4.0,2026-09-22 23:09:36.830092
64,591,3.0,2026-09-22 23:09:36.830124
64,169,4.0,2026-09-22 23:09:36.830133
64,572,3.0,2026-09-22 23:09:36.830166
64,157,3.0,2026-09-22 23:09:36.830173
64,131,3.0,2026-09-22 23:09:36.830179
64,567,2.0,2026-09-22 23:09:36.830210
64,279,5.0,2026-09-22 23:09:36.830227
64,285,4.0,2026-09-22 23:09:36.830241
64,535,2.0,2026-09-22 23:09:36.830270
64,544,3.0,2026-09-22 23:09:36.830300
64,499,4.0,2026-09-22 23:09:36.830327
64,520,2.0,2026-09-22 23:09:36.830355
65,128,4.0,2026-09-22 23:09:36.830400
65,460,3.0,2026-09-22 23:09:36.830425
65,155,3.5,2026-09-22 23:09:36.830433
65,440,4.5,2026-09-22 23:09:36.830457
65,398,4.0,2026-09-22 23:09:36.830478
65,138,3.5,2026-09-22 23:09:36.830484
65,345,4.0,2026-09-22 23:09:36.830502
65,529,2.0,2026-09-22 23:09:36.830531
65,405,4.5,2026-09-22 23:09:36.830552
65,546,2.0,2026-09-22 23:09:36.830582
65,181,3.0,2026-09-22 23:09:36.830590
65,116,2.0,2026-09-22 23:09:36.830595
65,176,2.0,2026-09-22 23:09:36.830604
65,288,3.0,2026-09-22 23:09:36.830619
65,173,3.0,2026-09-22 23:09:36.830627
65,141,2.0,2026-09-22 23:09:36.830636
65,226,4.0,2026-09-22 23:09:36.830647
65,140,4.0,2026-09-22 23:09:36.830654
65,107,4.0,2026-09-22 23:09:36.830658
65,392,3.5,2026-09-22 23:09:36.830680
65,526,3.5,2026-09-22 23:09:36.830710
65,517,3.0,2026-09-22 23:09:36.830740
65,314,4.0,2026-09-22 23:09:36.830758
65,177,3.0,2026-09-22 23:09:36.830769
65,492,3.5,2026-09-22 23:09:36.830796
65,194,2.0,2026-09-22 23:09:36.830806
66,587,3.0,2026-09-22 23:09:36.830878
66,165,2.0,2026-09-22 23:09:36.830886
66,481,3.5,2026-09-22 23:09:36.830912
66,209,4.0,2026-09-22 23:09:36.830922
66,306,3.0,2026-09-22 23:09:36.830937
66,417,3.5,2026-09-22 23:09:36.830960
66,129,2.0,2026-09-22 23:09:36.830965
66,213,2.0,2026-09-22 23:09:36.830975
66,301,2.0,2026-09-22 23:09:36.830991
66,195,3.5,2026-09-22 23:09:36.831000
66,522,5.0,2026-09-22 23:09:36.831028
66,482,3.5,2026-09-22 23:09:36.831054
66,600,2.0,2026-09-22 23:09:36.831086
66,387,3.0,2026-09-22 23:09:36.831107
66,410,3.5,2026-09-22 23:09:36.831128
66,531,4.0,2026-09-22 23:09:36.831157
66,140,2.0,2026-09-22 23:09:36.831163
66,519,4.0,2026-09-22 23:09:36.831190
66,455,3.0,2026-09-22 23:09:36.831215
66,340,2.0,2026-09-22 23:09:36.831233
66,345,3.5,2026-09-22 23:09:36.831251
66,261,3.0,2026-09-22 23:09:36.831264
66,435,3.0,2026-09-22 23:09:36.831287
66,429,2.0,2026-09-22 23:09:36.831310
66,308,3.0,2026-09-22 23:09:36.831326
66,524,4.5,2026-09-22 23:09:36.831356
66,295,2.0,2026-09-22 23:09:36.831372
67,123,3.0,2026-09-22 23:09:36.831420
67,389,2.0,2026-09-22 23:09:36.831441
67,505,4.0,2026-09-22 23:09:36.831471
67,348,4.0,2026-09-22 23:09:36.831489
67,124,2.0,2026-09-22 23:09:36.831495
67,125,3.5,2026-09-22 23:09:36.831501
67,262,3.0,2026-09-22 23:09:36.831514
67,148,3.0,2026-09-22 23:09:36.831520
67,584,5.0,2026-09-22 23:09:36.831551
67,259,4.0,2026-09-22 23:09:36.831572
67,105,2.0,2026-09-22 23:09:36.831578
67,283,2.0,2026-09-22 23:09:36.831593
67,485,3.0,2026-09-22 23:09:36.831619
67,245,3.0,2026-09-22 23:09:36.831631
67,591,5.0,2026-09-22 23:09:36.831663
67,304,3.0,2026-09-22 23:09:36.831679
67,357,3.0,2026-09-22 23:09:36.831698
67,200,3.5,2026-09-22 23:09:36.831708
67,301,4.0,2026-09-22 23:09:36.831723
67,472,3.0,2026-09-22 23:09:36.831749
67,599,4.5,2026-09-22 23:09:36.831780
67,167,3.5,2026-09-22 23:09:36.831788
67,460,3.5,2026-09-22 23:09:36.831813
67,446,4.0,2026-09-22 23:09:36.831837
67,150,2.0,2026-09-22 23:09:36.831844
67,270,4.0,2026-09-22 23:09:36.831860
67,309,3.0,2026-09-22 23:09:36.831878
67,560,4.0,2026-09-22 23:09:36.831909
67,480,2.0,2026-09-22 23:09:36.831935
67,358,3.0,2026-09-22 23:09:36.831954
67,152,4.0,2026-09-22 23:09:36.831961
67,514,2.0,2026-09-22 23:09:36.831990
67,497,2.0,2026-09-22 23:09:36.832016
68,381,4.0,2026-09-22 23:09:36.832080
68,545,3.5,2026-09-22 23:09:36.832110
68,597,4.0,2026-09-22 23:09:36.832143
68,509,3.5,2026-09-22 23:09:36.832171
68,501,4.0,2026-09-22 23:09:36.832198
68,559,3.0,2026-09-22 23:09:36.832227
68,145,2.0,2026-09-22 23:09:36.832234
68,356,4.0,2026-09-22 23:09:36.832253
68,149,2.0,2026-09-22 23:09:36.832260
68,333,3.5,2026-09-22 23:09:36.832277
68,261,3.5,2026-09-22 23:09:36.832290
68,187,4.0,2026-09-22 23:09:36.832299
68,579,4.0,2026-09-22 23:09:36.832330
68,252,3.0,2026-09-22 23:09:36.832342
68,183,4.0,2026-09-22 23:09:36.832351
68,135,3.5,2026-09-22 23:09:36.832357
68,244,5.0,2026-09-22 23:09:36.832369
68,396,3.5,2026-09-22 23:09:36.832391
68,287,3.5,2026-09-22 23:09:36.832406
68,281,2.0,2026-09-22 23:09:36.832420
68,146,4.0,2026-09-22 23:09:36.832427
68,137,4.0,2026-09-22 23:09:36.832435
68,192,3.5,2026-09-22 23:09:36.832444
68,464,2.0,2026-09-22 23:09:36.832471
69,130,2.0,2026-09-22 23:09:36.832518
69,480,4.0,2026-09-22 23:09:36.832545
69,505,4.0,2026-09-22 23:09:36.832572
69,226,3.0,2026-09-22 23:09:36.832583
69,459,4.0,2026-09-22 23:09:36.832608
69,521,3.5,2026-09-22 23:09:36.832636
69,388,2.0,2026-09-22 23:09:36.832656
69,105,3.5,2026-09-22 23:09:36.832660
69,180,3.5,2026-09-22 23:09:36.832671
69,537,4.0,2026-09-22 23:09:36.832702
69,154,3.0,2026-09-22 23:09:36.832709
69,249,4.0,2026-09-22 23:09:36.832722
69,293,2.0,2026-09-22 23:09:36.832737
69,182,3.5,2026-09-22 23:09:36.832745
69,392,4.0,2026-09-22 23:09:36.832766
69,305,2.0,2026-09-22 23:09:36.832782
69,538,3.0,2026-09-22 23:09:36.832811
69,138,4.0,2026-09-22 23:09:36.832817
69,215,3.0,2026-09-22 23:09:36.833026
69,299,3.0,2026-09-22 23:09:36.833081
69,548,3.5,2026-09-22 23:09:36.833191
69,337,2.0,2026-09-22 23:09:36.833215
69,443,4.0,2026-09-22 23:09:36.833266
69,148,2.0,2026-09-22 23:09:36.833278
69,279,3.5,2026-09-22 23:09:36.833293
69,339,4.0,2026-09-22 23:09:36.833319
69,340,4.0,2026-09-22 23:09:36.833404
69,429,3.0,2026-09-22 23:09:36.833429
69,374,2.0,2026-09-22 23:09:36.833449
69,561,4.0,2026-09-22 23:09:36.833543
69,519,2.0,2026-09-22 23:09:36.833625
69,156,4.0,2026-09-22 23:09:36.833635
69,144,3.5,2026-09-22 23:09:36.833646
69,193,3.5,2026-09-22 23:09:36.833656
69,475,3.0,2026-09-22 23:09:36.833684
70,136,4.0,2026-09-22 23:09:36.833801
70,241,3.5,2026-09-22 23:09:36.833918
70,308,3.5,2026-09-22 23:09:36.833942
70,142,3.0,2026-09-22 23:09:36.833949
70,253,3.0,2026-09-22 23:09:36.833962
70,548,3.5,2026-09-22 23:09:36.833996
70,465,4.0,2026-09-22 23:09:36.834026
70,332,4.0,2026-09-22 23:09:36.834045
70,547,4.0,2026-09-22 23:09:36.834075
70,315,3.0,2026-09-22 23:09:36.834093
70,369,4.0,2026-09-22 23:09:36.834113
70,210,3.5,2026-09-22 23:09:36.834124
70,443,4.0,2026-09-22 23:09:36.834148
70,558,2.0,2026-09-22 23:09:36.834179
70,233,3.0,2026-09-22 23:09:36.834193
70,195,4.0,2026-09-22 23:09:36.834203
70,526,3.0,2026-09-22 23:09:36.834232
70,128,3.5,2026-09-22 23:09:36.834238
70,148,3.5,2026-09-22 23:09:36.834246
71,560,3.0,2026-09-22 23:09:36.834330
71,335,4.0,2026-09-22 23:09:36.834351
71,579,2.0,2026-09-22 23:09:36.834383
71,176,2.0,2026-09-22 23:09:36.834391
71,356,3.0,2026-09-22 23:09:36.834410
71,543,3.0,2026-09-22 23:09:36.834441
71,263,4.0,2026-09-22 23:09:36.834454
71,159,3.0,2026-09-22 23:09:36.834463
71,506,4.0,2026-09-22 23:09:36.834490
71,597,3.0,2026-09-22 23:09:36.834524
71,446,3.5,2026-09-22 23:09:36.834548
71,309,3.0,2026-09-22 23:09:36.834564
71,235,3.0,2026-09-22 23:09:36.834576
71,367,2.0,2026-09-22 23:09:36.834596
71,470,3.5,2026-09-22 23:09:36.834622
71,102,4.5,2026-09-22 23:09:36.834626
71,331,2.0,2026-09-22 23:09:36.834644
71,583,3.5,2026-09-22 23:09:36.834676
71,527,3.5,2026-09-22 23:09:36.834708
72,459,4.0,2026-09-22 23:09:36.834774
72,356,3.5,2026-09-22 23:09:36.834793
72,433,3.0,2026-09-22 23:09:36.834816
72,334,3.0,2026-09-22 23:09:36.834834
72,312,4.0,2026-09-22 23:09:36.834850
72,311,4.0,2026-09-22 23:09:36.834867
72,281,3.5,2026-09-22 23:09:36.834881
72,525,5.0,2026-09-22 23:09:36.834910
72,378,4.0,2026-09-22 23:09:36.834933
72,319,3.5,2026-09-22 23:09:36.834950
72,368,2.0,2026-09-22 23:09:36.834970
72,599,2.0,2026-09-22 23:09:36.835005
72,492,2.0,2026-09-22 23:09:36.835032
72,272,2.0,2026-09-22 23:09:36.835046
72,159,2.0,2026-09-22 23:09:36.835054
72,575,4.0,2026-09-22 23:09:36.835087
72,191,2.0,2026-09-22 23:09:36.835097
72,335,4.0,2026-09-22 23:09:36.835114
73,152,4.0,2026-09-22 23:09:36.835165
73,425,2.0,2026-09-22 23:09:36.835189
73,328,3.5,2026-09-22 23:09:36.835206
73,358,3.0,2026-09-22 23:09:36.835226
73,398,3.5,2026-09-22 23:09:36.835247
73,513,3.5,2026-09-22 23:09:36.835278
73,117,3.5,2026-09-22 23:09:36.835283
73,442,3.5,2026-09-22 23:09:36.835307
73,249,4.0,2026-09-22 23:09:36.835320
73,537,3.0,2026-09-22 23:09:36.835349
73,316,2.0,2026-09-22 23:09:36.835365
73,209,4.0,2026-09-22 23:09:36.835375
73,215,2.0,2026-09-22 23:09:36.835386
73,498,2.0,2026-09-22 23:09:36.835416
73,333,2.0,2026-09-22 23:09:36.835434
73,383,3.0,2026-09-22 23:09:36.835454
73,296,3.5,2026-09-22 23:09:36.835469
73,159,3.5,2026-09-22 23:09:36.835478
73,201,3.5,2026-09-22 23:09:36.835487
73,539,3.0,2026-09-22 23:09:36.835527
73,341,4.0,2026-09-22 23:09:36.835545
73,587,4.0,2026-09-22 23:09:36.835579
73,164,4.0,2026-09-22 23:09:36.835587
73,280,3.0,2026-09-22 23:09:36.835602
73,596,5.0,2026-09-22 23:09:36.835635
73,507,4.0,2026-09-22 23:09:36.835678
73,568,4.0,2026-09-22 23:09:36.835712
73,338,4.0,2026-09-22 23:09:36.835731
73,312,3.0,2026-09-22 23:09:36.835748
73,565,5.0,2026-09-22 23:09:36.835780
73,521,4.0,2026-09-22 23:09:36.835810
73,431,3.0,2026-09-22 23:09:36.835834
74,365,2.0,2026-09-22 23:09:36.835894
74,182,2.0,2026-09-22 23:09:36.835904
74,324,4.0,2026-09-22 23:09:36.835920
74,219,2.0,2026-09-22 23:09:36.835931
74,151,3.0,2026-09-22 23:09:36.835939
74,464,2.0,2026-09-22 23:09:36.835964
74,511,2.0,2026-09-22 23:09:36.835992
74,165,4.0,2026-09-22 23:09:36.836000
74,359,2.0,2026-09-22 23:09:36.836020
74,161,3.0,2026-09-22 23:09:36.836027
74,424,4.5,2026-09-22 23:09:36.836051
74,396,3.5,2026-09-22 23:09:36.836073
74,502,3.0,2026-09-22 23:09:36.836104
74,301,3.0,2026-09-22 23:09:36.836120
74,532,3.0,2026-09-22 23:09:36.836150
74,491,3.5,2026-09-22 23:09:36.836180
74,422,4.0,2026-09-22 23:09:36.836203
74,570,3.0,2026-09-22 23:09:36.836235
74,234,4.0,2026-09-22 23:09:36.836247
74,529,3.5,2026-09-22 23:09:36.836277
74,384,2.0,2026-09-22 23:09:36.836298
74,586,3.5,2026-09-22 23:09:36.836332
74,266,2.0,2026-09-22 23:09:36.836346
74,205,3.0,2026-09-22 23:09:36.836356
74,148,2.0,2026-09-22 23:09:36.836363
75,157,3.0,2026-09-22 23:09:36.836407
75,336,4.0,2026-09-22 23:09:36.836425
75,575,4.0,2026-09-22 23:09:36.836457
75,406,4.0,2026-09-22 23:09:36.836480
75,163,2.0,2026-09-22 23:09:36.836487
75,155,4.0,2026-09-22 23:09:36.836495
75,173,2.0,2026-09-22 23:09:36.836503
75,245,4.0,2026-09-22 23:09:36.836515
75,235,2.0,2026-09-22 23:09:36.836528
75,559,4.0,2026-09-22 23:09:36.836559
75,193,4.0,2026-09-22 23:09:36.836569
75,148,4.0,2026-09-22 23:09:36.836576
75,140,3.5,2026-09-22 23:09:36.836585
75,354,4.0,2026-09-22 23:09:36.836604
75,533,3.0,2026-09-22 23:09:36.836634
75,286,3.0,2026-09-22 23:09:36.836649
75,568,4.5,2026-09-22 23:09:36.836681
75,530,2.0,2026-09-22 23:09:36.836710
76,424,2.0,2026-09-22 23:09:36.836786
76,411,3.5,2026-09-22 23:09:36.836808
76,538,3.0,2026-09-22 23:09:36.836839
76,117,3.0,2026-09-22 23:09:36.836844
76,161,2.0,2026-09-22 23:09:36.836852
76,600,3.0,2026-09-22 23:09:36.836885
76,276,3.5,2026-09-22 23:09:36.836900
76,278,3.5,2026-09-22 23:09:36.836914
76,348,4.0,2026-09-22 23:09:36.836933
76,415,3.0,2026-09-22 23:09:36.836956
76,408,2.0,2026-09-22 23:09:36.836979
76,380,3.5,2026-09-22 23:09:36.836999
76,103,3.5,2026-09-22 23:09:36.837004
76,182,4.0,2026-09-22 23:09:36.837012
76,368,4.0,2026-09-22 23:09:36.837032
76,480,4.0,2026-09-22 23:09:36.837058
76,231,5.0,2026-09-22 23:09:36.837069
76,575,4.0,2026-09-22 23:09:36.837101
76,163,3.0,2026-09-22 23:09:36.837109
76,199,3.5,2026-09-22 23:09:36.837118
76,116,3.0,2026-09-22 23:09:36.837123
76,375,3.0,2026-09-22 23:09:36.837143
76,112,3.5,2026-09-22 23:09:36.837148
76,366,4.0,2026-09-22 23:09:36.837167
76,363,2.0,2026-09-22 23:09:36.837186
76,490,3.5,2026-09-22 23:09:36.837213
76,179,3.0,2026-09-22 23:09:36.837221
76,211,4.0,2026-09-22 23:09:36.837231
76,544,4.0,2026-09-22 23:09:36.837261
76,287,4.0,2026-09-22 23:09:36.837281
76,159,4.0,2026-09-22 23:09:36.837289
76,561,4.0,2026-09-22 23:09:36.837320
76,212,5.0,2026-09-22 23:09:36.837330
77,419,3.5,2026-09-22 23:09:36.837395
77,156,4.0,2026-09-22 23:09:36.837403
77,411,2.0,2026-09-22 23:09:36.837426
77,297,2.0,2026-09-22 23:09:36.837441
77,320,4.0,2026-09-22 23:09:36.837459
77,203,3.5,2026-09-22 23:09:36.837468
77,391,4.0,2026-09-22 23:09:36.837489
77,281,3.0,2026-09-22 23:09:36.837504
77,292,3.5,2026-09-22 23:09:36.837520
77,560,3.0,2026-09-22 23:09:36.837550
77,424,2.0,2026-09-22 23:09:36.837573
77,520,3.0,2026-09-22 23:09:36.837601
77,133,3.5,2026-09-22 23:09:36.837608
77,331,4.5,2026-09-22 23:09:36.837625
77,186,3.0,2026-09-22 23:09:36.837634
77,556,3.5,2026-09-22 23:09:36.837673
77,118,2.0,2026-09-22 23:09:36.837680
77,591,2.0,2026-09-22 23:09:36.837713
77,362,3.5,2026-09-22 23:09:36.837733
77,230,2.0,2026-09-22 23:09:36.837744
77,401,3.5,2026-09-22 23:09:36.837766
77,310,4.0,2026-09-22 23:09:36.837782
77,251,4.0,2026-09-22 23:09:36.837795
77,410,3.5,2026-09-22 23:09:36.837817
77,524,3.0,2026-09-22 23:09:36.837855
78,298,4.0,2026-09-22 23:09:36.837908
78,246,4.0,2026-09-22 23:09:36.837921
78,409,3.5,2026-09-22 23:09:36.837943
78,209,3.5,2026-09-22 23:09:36.837953
78,370,3.0,2026-09-22 23:09:36.837973
78,212,3.0,2026-09-22 23:09:36.837983
78,153,2.0,2026-09-22 23:09:36.837990
78,388,4.0,2026-09-22 23:09:36.838014
78,243,4.0,2026-09-22 23:09:36.838026
78,467,2.0,2026-09-22 23:09:36.838053
78,412,3.5,2026-09-22 23:09:36.838075
78,585,4.0,2026-09-22 23:09:36.838108
78,553,2.0,2026-09-22 23:09:36.838139
78,514,4.0,2026-09-22 23:09:36.838168
78,541,4.5,2026-09-22 23:09:36.838200
78,444,3.0,2026-09-22 23:09:36.838224
78,139,3.5,2026-09-22 23:09:36.838231
79,222,2.0,2026-09-22 23:09:36.838283
79,396,4.0,2026-09-22 23:09:36.838306
79,111,3.5,2026-09-22 23:09:36.838311
79,246,3.5,2026-09-22 23:09:36.838323
79,110,3.5,2026-09-22 23:09:36.838328
79,430,3.5,2026-09-22 23:09:36.838351
79,502,4.0,2026-09-22 23:09:36.838379
79,539,2.0,2026-09-22 23:09:36.838409
79,395,3.5,2026-09-22 23:09:36.838430
79,103,4.0,2026-09-22 23:09:36.838435
79,567,5.0,2026-09-22 23:09:36.838469
79,337,2.0,2026-09-22 23:09:36.838488
79,168,4.0,2026-09-22 23:09:36.838496
79,531,3.5,2026-09-22 23:09:36.838526
79,596,5.0,2026-09-22 23:09:36.838559
79,307,4.0,2026-09-22 23:09:36.838575
79,119,4.0,2026-09-22 23:09:36.838580
79,559,5.0,2026-09-22 23:09:36.838611
79,374,2.0,2026-09-22 23:09:36.838632
79,571,4.5,2026-09-22 23:09:36.838664
79,371,2.0,2026-09-22 23:09:36.838685
79,121,2.0,2026-09-22 23:09:36.838692
79,273,3.0,2026-09-22 23:09:36.838706
79,431,2.0,2026-09-22 23:09:36.838730
79,109,2.0,2026-09-22 23:09:36.838734
79,136,3.0,2026-09-22 23:09:36.838740
79,341,2.0,2026-09-22 23:09:36.838758
80,216,4.0,2026-09-22 23:09:36.838811
80,188,3.5,2026-09-22 23:09:36.838841
80,146,3.0,2026-09-22 23:09:36.838849
80,198,3.0,2026-09-22 23:09:36.838859
80,471,4.0,2026-09-22 23:09:36.838886
80,562,2.0,2026-09-22 23:09:36.838917
80,516,3.0,2026-09-22 23:09:36.838946
80,289,3.5,2026-09-22 23:09:36.838961
80,518,3.0,2026-09-22 23:09:36.838989
80,563,4.0,2026-09-22 23:09:36.839021
80,376,5.0,2026-09-22 23:09:36.839041
80,103,4.0,2026-09-22 23:09:36.839045
80,579,2.0,2026-09-22 23:09:36.839080
80,453,3.0,2026-09-22 23:09:36.839105
80,545,4.0,2026-09-22 23:09:36.839136
80,127,4.0,2026-09-22 23:09:36.839142
80,233,3.5,2026-09-22 23:09:36.839153
80,553,3.5,2026-09-22 23:09:36.839184
80,502,4.0,2026-09-22 23:09:36.839211
80,123,3.0,2026-09-22 23:09:36.839221
80,157,2.0,2026-09-22 23:09:36.839231
80,125,3.5,2026-09-22 23:09:36.839236
80,585,3.5,2026-09-22 23:09:36.839270
80,256,2.0,2026-09-22 23:09:36.839283
80,139,3.5,2026-09-22 23:09:36.839289
80,236,3.0,2026-09-22 23:09:36.839301
80,269,3.0,2026-09-22 23:09:36.839317
80,414,2.0,2026-09-22 23:09:36.839340
81,131,3.0,2026-09-22 23:09:36.839388
81,209,3.0,2026-09-22 23:09:36.839399
81,107,3.5,2026-09-22 23:09:36.839403
81,444,4.0,2026-09-22 23:09:36.839427
81,211,4.0,2026-09-22 23:09:36.839437
81,340,3.0,2026-09-22 23:09:36.839455
81,520,4.0,2026-09-22 23:09:36.839482
81,298,3.0,2026-09-22 23:09:36.839498
81,197,4.0,2026-09-22 23:09:36.839507
81,350,3.5,2026-09-22 23:09:36.839525
81,154,4.5,2026-09-22 23:09:36.839533
81,275,3.0,2026-09-22 23:09:36.839547
81,207,3.5,2026-09-22 23:09:36.839563
81,517,2.0,2026-09-22 23:09:36.839594
81,403,3.0,2026-09-22 23:09:36.839616
81,490,4.0,2026-09-22 23:09:36.839642
81,371,2.0,2026-09-22 23:09:36.839670
81,364,2.0,2026-09-22 23:09:36.839692
81,540,3.0,2026-09-22 23:09:36.839721
81,261,2.0,2026-09-22 23:09:36.839735
81,584,4.0,2026-09-22 23:09:36.839767
81,260,3.0,2026-09-22 23:09:36.839780
81,463,3.5,2026-09-22 23:09:36.839805
81,333,2.0,2026-09-22 23:09:36.839822
81,436,4.0,2026-09-22 23:09:36.839845
81,179,5.0,2026-09-22 23:09:36.839853
81,535,4.0,2026-09-22 23:09:36.839883
81,359,3.5,2026-09-22 23:09:36.839901
81,155,4.5,2026-09-22 23:09:36.839908
81,569,2.0,2026-09-22 23:09:36.839941
82,282,4.0,2026-09-22 23:09:36.839997
82,321,3.0,2026-09-22 23:09:36.840014
82,209,3.5,2026-09-22 23:09:36.840025
82,178,3.0,2026-09-22 23:09:36.840034
82,304,4.0,2026-09-22 23:09:36.840050
82,358,3.0,2026-09-22 23:09:36.840070
82,361,3.5,2026-09-22 23:09:36.840089
82,271,4.0,2026-09-22 23:09:36.840104
82,128,4.0,2026-09-22 23:09:36.840109
82,326,2.0,2026-09-22 23:09:36.840129
82,240,2.0,2026-09-22 23:09:36.840141
82,290,3.0,2026-09-22 23:09:36.840157
82,151,2.0,2026-09-22 23:09:36.840164
82,126,3.0,2026-09-22 23:09:36.840170
82,433,2.0,2026-09-22 23:09:36.840193
82,296,2.0,2026-09-22 23:09:36.840209
82,475,2.0,2026-09-22 23:09:36.840234
83,223,3.0,2026-09-22 23:09:36.840285
83,134,3.5,2026-09-22 23:09:36.840292
83,373,3.5,2026-09-22 23:09:36.840312
83,152,3.5,2026-09-22 23:09:36.840320
83,242,2.0,2026-09-22 23:09:36.840332
83,216,2.0,2026-09-22 23:09:36.840343
83,552,4.0,2026-09-22 23:09:36.840374
83,418,4.0,2026-09-22 23:09:36.840397
83,459,3.5,2026-09-22 23:09:36.840425
83,467,3.0,2026-09-22 23:09:36.840452
83,308,3.0,2026-09-22 23:09:36.840468
83,301,3.5,2026-09-22 23:09:36.840484
83,302,2.0,2026-09-22 23:09:36.840500
83,213,3.0,2026-09-22 23:09:36.840510
83,476,3.0,2026-09-22 23:09:36.840536
83,522,3.5,2026-09-22 23:09:36.840569
83,551,4.5,2026-09-22 23:09:36.840600
83,455,3.0,2026-09-22 23:09:36.840625
83,238,2.0,2026-09-22 23:09:36.840638
83,354,4.0,2026-09-22 23:09:36.840657
83,206,4.0,2026-09-22 23:09:36.840667
83,188,3.5,2026-09-22 23:09:36.840678
83,503,2.0,2026-09-22 23:09:36.840705
84,552,3.5,2026-09-22 23:09:36.840775
84,140,3.0,2026-09-22 23:09:36.840782
84,188,3.0,2026-09-22 23:09:36.840791
84,448,3.0,2026-09-22 23:09:36.840815
84,490,2.0,2026-09-22 23:09:36.840841
84,537,2.0,2026-09-22 23:09:36.840870
84,105,3.5,2026-09-22 23:09:36.840874
84,405,3.5,2026-09-22 23:09:36.840896
84,281,4.0,2026-09-22 23:09:36.840910
84,597,4.0,2026-09-22 23:09:36.840943
84,343,3.5,2026-09-22 23:09:36.840961
84,399,3.5,2026-09-22 23:09:36.840982
84,101,4.0,2026-09-22 23:09:36.840986
84,351,3.5,2026-09-22 23:09:36.841004
84,548,3.5,2026-09-22 23:09:36.841035
84,227,4.5,2026-09-22 23:09:36.841046
84,342,2.0,2026-09-22 23:09:36.841064
84,157,3.5,2026-09-22 23:09:36.841072
84,124,3.5,2026-09-22 23:09:36.841077
84,520,3.5,2026-09-22 23:09:36.841105
84,109,4.0,2026-09-22 23:09:36.841111
84,391,2.0,2026-09-22 23:09:36.841132
84,449,3.5,2026-09-22 23:09:36.841157
85,111,3.0,2026-09-22 23:09:36.841213
85,176,3.5,2026-09-22 23:09:36.841223
85,311,3.5,2026-09-22 23:09:36.841240
85,539,4.5,2026-09-22 23:09:36.841269
85,213,4.0,2026-09-22 23:09:36.841283
85,438,4.0,2026-09-22 23:09:36.841307
85,173,3.5,2026-09-22 23:09:36.841315
85,283,3.5,2026-09-22 23:09:36.841331
85,355,3.0,2026-09-22 23:09:36.841350
85,116,2.0,2026-09-22 23:09:36.841356
85,226,3.5,2026-09-22 23:09:36.841367
85,396,2.0,2026-09-22 23:09:36.841390
85,480,4.0,2026-09-22 23:09:36.841417
85,457,4.0,2026-09-22 23:09:36.841443
85,599,3.5,2026-09-22 23:09:36.841479
85,321,3.5,2026-09-22 23:09:36.841497
85,285,2.0,2026-09-22 23:09:36.841512
85,206,2.0,2026-09-22 23:09:36.841522
85,482,4.0,2026-09-22 23:09:36.841549
85,146,3.0,2026-09-22 23:09:36.841556
85,200,4.0,2026-09-22 23:09:36.841566
85,572,3.0,2026-09-22 23:09:36.841602
85,589,3.5,2026-09-22 23:09:36.841638
85,294,3.0,2026-09-22 23:09:36.841656
85,428,3.5,2026-09-22 23:09:36.841690
85,156,4.0,2026-09-22 23:09:36.841701
85,595,3.5,2026-09-22 23:09:36.841742
85,241,2.0,2026-09-22 23:09:36.841756
85,550,4.5,2026-09-22 23:09:36.841789
85,421,2.0,2026-09-22 23:09:36.841813
85,448,4.0,2026-09-22 23:09:36.841839
85,379,2.0,2026-09-22 23:09:36.841861
85,561,3.0,2026-09-22 23:09:36.841900
85,568,3.5,2026-09-22 23:09:36.841935
85,331,2.0,2026-09-22 23:09:36.841954
86,257,2.0,2026-09-22 23:09:36.842017
86,103,4.5,2026-09-22 23:09:36.842023
86,321,3.0,2026-09-22 23:09:36.842041
86,281,2.0,2026-09-22 23:09:36.842056
86,439,4.0,2026-09-22 23:09:36.842080
86,528,3.5,2026-09-22 23:09:36.842111
86,101,4.0,2026-09-22 23:09:36.842116
86,126,5.0,2026-09-22 23:09:36.842122
86,229,4.0,2026-09-22 23:09:36.842133
86,171,4.0,2026-09-22 23:09:36.842141
86,280,4.0,2026-09-22 23:09:36.842155
86,550,2.0,2026-09-22 23:09:36.842185
86,246,3.5,2026-09-22 23:09:36.842198
86,503,3.5,2026-09-22 23:09:36.842226
86,540,3.5,2026-09-22 23:09:36.842257
86,358,3.0,2026-09-22 23:09:36.842277
86,441,4.0,2026-09-22 23:09:36.842301
86,591,3.5,2026-09-22 23:09:36.842335
86,494,3.0,2026-09-22 23:09:36.842363
86,388,3.0,2026-09-22 23:09:36.842384
86,180,3.5,2026-09-22 23:09:36.842393
86,589,3.0,2026-09-22 23:09:36.842426
86,145,4.5,2026-09-22 23:09:36.842433
86,466,3.0,2026-09-22 23:09:36.842460
86,239,3.5,2026-09-22 23:09:36.842471
86,174,3.5,2026-09-22 23:09:36.842482
86,476,2.0,2026-09-22 23:09:36.842508
86,201,3.5,2026-09-22 23:09:36.842518
86,322,4.0,2026-09-22 23:09:36.842535
86,400,3.0,2026-09-22 23:09:36.842562
87,150,3.5,2026-09-22 23:09:36.842614
87,171,3.0,2026-09-22 23:09:36.842622
87,370,3.5,2026-09-22 23:09:36.842643
87,327,3.0,2026-09-22 23:09:36.842660
87,456,3.5,2026-09-22 23:09:36.842685
87,261,2.0,2026-09-22 23:09:36.842699
87,358,4.0,2026-09-22 23:09:36.842719
87,579,3.0,2026-09-22 23:09:36.842751
87,451,4.0,2026-09-22 23:09:36.842776
87,465,2.0,2026-09-22 23:09:36.842801
87,284,4.0,2026-09-22 23:09:36.842816
87,340,4.0,2026-09-22 23:09:36.842834
87,282,2.0,2026-09-22 23:09:36.842849
87,319,2.0,2026-09-22 23:09:36.842866
87,339,2.0,2026-09-22 23:09:36.842884
87,316,3.5,2026-09-22 23:09:36.842900
87,593,2.0,2026-09-22 23:09:36.842932
87,311,3.5,2026-09-22 23:09:36.842948
87,337,2.0,2026-09-22 23:09:36.842966
87,115,3.5,2026-09-22 23:09:36.842971
87,568,4.0,2026-09-22 23:09:36.843003
87,387,3.5,2026-09-22 23:09:36.843024
87,114,2.0,2026-09-22 23:09:36.843029
87,591,2.0,2026-09-22 23:09:36.843065
87,493,2.0,2026-09-22 23:09:36.843095
87,146,3.0,2026-09-22 23:09:36.843102
87,487,3.0,2026-09-22 23:09:36.843128
87,172,4.0,2026-09-22 23:09:36.843136
88,559,2.0,2026-09-22 23:09:36.843210
88,446,2.0,2026-09-22 23:09:36.843236
88,428,3.0,2026-09-22 23:09:36.843260
88,537,3.0,2026-09-22 23:09:36.843293
88,180,2.0,2026-09-22 23:09:36.843302
88,255,4.0,2026-09-22 23:09:36.843314
88,422,2.0,2026-09-22 23:09:36.843336
88,260,4.0,2026-09-22 23:09:36.843350
88,469,4.0,2026-09-22 23:09:36.843376
88,580,2.0,2026-09-22 23:09:36.843408
88,104,2.0,2026-09-22 23:09:36.843413
88,513,3.5,2026-09-22 23:09:36.843441
88,349,4.0,2026-09-22 23:09:36.843460
88,420,4.0,2026-09-22 23:09:36.843483
88,453,3.0,2026-09-22 23:09:36.843508
88,203,4.0,2026-09-22 23:09:36.843518
88,159,3.5,2026-09-22 23:09:36.843526
88,135,4.0,2026-09-22 23:09:36.843533
88,101,2.0,2026-09-22 23:09:36.843537
88,179,4.0,2026-09-22 23:09:36.843546
88,410,3.0,2026-09-22 23:09:36.843568
88,551,2.0,2026-09-22 23:09:36.843599
89,520,3.5,2026-09-22 23:09:36.843678
89,482,4.0,2026-09-22 23:09:36.843708
89,437,4.0,2026-09-22 23:09:36.843735
89,224,5.0,2026-09-22 23:09:36.843746
89,188,2.0,2026-09-22 23:09:36.843756
89,362,4.0,2026-09-22 23:09:36.843775
89,480,4.0,2026-09-22 23:09:36.843805
89,459,4.0,2026-09-22 23:09:36.843833
89,380,3.0,2026-09-22 23:09:36.843854
89,203,4.0,2026-09-22 23:09:36.843864
89,344,3.5,2026-09-22 23:09:36.843882
89,346,4.0,2026-09-22 23:09:36.843901
89,249,4.0,2026-09-22 23:09:36.843915
89,442,4.0,2026-09-22 23:09:36.843940
89,152,2.0,2026-09-22 23:09:36.843948
89,592,3.5,2026-09-22 23:09:36.843982
89,402,2.0,2026-09-22 23:09:36.844004
89,353,4.0,2026-09-22 23:09:36.844023
89,289,2.0,2026-09-22 23:09:36.844038
90,340,2.0,2026-09-22 23:09:36.844097
90,552,3.0,2026-09-22 23:09:36.844129
90,471,3.0,2026-09-22 23:09:36.844165
90,335,3.5,2026-09-22 23:09:36.844183
90,242,3.5,2026-09-22 23:09:36.844196
90,105,4.0,2026-09-22 23:09:36.844200
90,182,3.0,2026-09-22 23:09:36.844209
90,284,3.5,2026-09-22 23:09:36.844224
90,357,5.0,2026-09-22 23:09:36.844243
90,539,3.5,2026-09-22 23:09:36.844272
90,541,4.0,2026-09-22 23:09:36.844301
90,358,4.0,2026-09-22 23:09:36.844323
90,208,4.0,2026-09-22 23:09:36.844333
90,279,4.0,2026-09-22 23:09:36.844348
90,563,4.0,2026-09-22 23:09:36.844379
90,462,3.0,2026-09-22 23:09:36.844404
90,369,5.0,2026-09-22 23:09:36.844423
90,300,3.5,2026-09-22 23:09:36.844439
90,363,4.0,2026-09-22 23:09:36.844459
91,590,4.0,2026-09-22 23:09:36.844540
91,398,4.5,2026-09-22 23:09:36.844562
91,279,2.0,2026-09-22 23:09:36.844578
91,400,4.0,2026-09-22 23:09:36.844599
91,417,3.5,2026-09-22 23:09:36.844622
91,525,2.0,2026-09-22 23:09:36.844652
91,307,2.0,2026-09-22 23:09:36.844670
91,135,2.0,2026-09-22 23:09:36.844676
91,124,4.0,2026-09-22 23:09:36.844682
91,116,3.5,2026-09-22 23:09:36.844687
91,537,2.0,2026-09-22 23:09:36.844718
91,476,3.0,2026-09-22 23:09:36.844744
91,182,3.5,2026-09-22 23:09:36.844753
91,219,2.0,2026-09-22 23:09:36.844763
91,150,4.0,2026-09-22 23:09:36.844770
91,441,4.0,2026-09-22 23:09:36.844794
91,155,3.0,2026-09-22 23:09:36.844802
91,356,5.0,2026-09-22 23:09:36.844821
91,579,3.0,2026-09-22 23:09:36.844853
91,448,3.0,2026-09-22 23:09:36.844878
91,344,3.5,2026-09-22 23:09:36.844899
91,266,4.0,2026-09-22 23:09:36.844914
91,490,4.0,2026-09-22 23:09:36.844956
91,496,3.5,2026-09-22 23:09:36.844988
91,514,3.0,2026-09-22 23:09:36.845017
91,570,3.0,2026-09-22 23:09:36.845048
91,508,3.0,2026-09-22 23:09:36.845075
91,222,4.0,2026-09-22 23:09:36.845087
91,154,3.0,2026-09-22 23:09:36.845094
91,561,2.0,2026-09-22 23:09:36.845125
91,551,2.0,2026-09-22 23:09:36.845155
91,190,2.0,2026-09-22 23:09:36.845164
91,473,3.0,2026-09-22 23:09:36.845191
92,558,3.0,2026-09-22 23:09:36.845265
92,103,4.0,2026-09-22 23:09:36.845270
92,285,4.0,2026-09-22 23:09:36.845286
92,497,3.5,2026-09-22 23:09:36.845313
92,309,3.5,2026-09-22 23:09:36.845329
92,391,3.0,2026-09-22 23:09:36.845353
92,380,2.0,2026-09-22 23:09:36.845374
92,543,4.0,2026-09-22 23:09:36.845403
92,137,4.5,2026-09-22 23:09:36.845410
92,275,4.0,2026-09-22 23:09:36.845424
92,195,2.0,2026-09-22 23:09:36.845434
92,450,2.0,2026-09-22 23:09:36.845460
92,474,3.0,2026-09-22 23:09:36.845486
92,591,3.5,2026-09-22 23:09:36.845519
92,567,2.0,2026-09-22 23:09:36.845551
92,473,2.0,2026-09-22 23:09:36.845579
92,429,4.0,2026-09-22 23:09:36.845602
92,371,3.0,2026-09-22 23:09:36.845622
92,355,2.0,2026-09-22 23:09:36.845641
93,270,2.0,2026-09-22 23:09:36.845707
93,112,4.0,2026-09-22 23:09:36.845715
93,215,3.5,2026-09-22 23:09:36.845726
93,521,2.0,2026-09-22 23:09:36.845756
93,582,4.0,2026-09-22 23:09:36.845789
93,249,3.5,2026-09-22 23:09:36.845802
93,573,4.5,2026-09-22 23:09:36.845834
93,525,3.5,2026-09-22 23:09:36.845864
93,229,3.0,2026-09-22 23:09:36.845876
93,300,3.5,2026-09-22 23:09:36.845892
93,461,2.0,2026-09-22 23:09:36.845917
93,284,3.0,2026-09-22 23:09:36.845932
93,135,3.0,2026-09-22 23:09:36.845940
93,547,3.5,2026-09-22 23:09:36.845971
93,181,2.0,2026-09-22 23:09:36.845980
93,596,4.0,2026-09-22 23:09:36.846013
93,248,4.0,2026-09-22 23:09:36.846025
93,139,2.0,2026-09-22 23:09:36.846033
93,374,2.0,2026-09-22 23:09:36.846057
93,395,3.5,2026-09-22 23:09:36.846078
93,224,2.0,2026-09-22 23:09:36.846090
93,537,4.0,2026-09-22 23:09:36.846119
93,366,2.0,2026-09-22 23:09:36.846140
93,578,5.0,2026-09-22 23:09:36.846172
93,413,4.0,2026-09-22 23:09:36.846194
93,357,3.0,2026-09-22 23:09:36.846216
93,260,3.5,2026-09-22 23:09:36.846229
93,305,2.0,2026-09-22 23:09:36.846246
93,417,2.0,2026-09-22 23:09:36.846269
93,130,2.0,2026-09-22 23:09:36.846275
93,380,4.0,2026-09-22 23:09:36.846295
93,458,3.0,2026-09-22 23:09:36.846321
94,345,3.0,2026-09-22 23:09:36.846385
94,256,4.0,2026-09-22 23:09:36.846398
94,501,4.0,2026-09-22 23:09:36.846427
94,536,3.0,2026-09-22 23:09:36.846457
94,549,2.0,2026-09-22 23:09:36.846488
94,598,4.0,2026-09-22 23:09:36.846522
94,217,2.0,2026-09-22 23:09:36.846532
94,111,3.5,2026-09-22 23:09:36.846537
94,577,3.5,2026-09-22 23:09:36.846569
94,129,3.0,2026-09-22 23:09:36.846576
94,114,3.5,2026-09-22 23:09:36.846581
94,497,4.0,2026-09-22 23:09:36.846608
94,516,2.0,2026-09-22 23:09:36.846636
94,201,3.0,2026-09-22 23:09:36.846646
94,374,4.0,2026-09-22 23:09:36.846666
94,412,2.0,2026-09-22 23:09:36.846689
94,541,2.0,2026-09-22 23:09:36.846718
94,295,3.0,2026-09-22 23:09:36.846736
94,450,4.0,2026-09-22 23:09:36.846760
94,451,2.0,2026-09-22 23:09:36.846785
94,478,2.0,2026-09-22 23:09:36.846812
94,110,3.0,2026-09-22 23:09:36.846819
94,383,4.0,2026-09-22 23:09:36.846839
94,347,2.0,2026-09-22 23:09:36.846858
94,127,2.0,2026-09-22 23:09:36.846864
94,299,3.0,2026-09-22 23:09:36.846880
94,493,4.0,2026-09-22 23:09:36.846907
94,294,3.0,2026-09-22 23:09:36.846922
95,261,3.0,2026-09-22 23:09:36.846976
95,280,4.0,2026-09-22 23:09:36.846991
95,409,3.5,2026-09-22 23:09:36.847013
95,436,3.0,2026-09-22 23:09:36.847038
95,556,4.0,2026-09-22 23:09:36.847070
95,226,3.5,2026-09-22 23:09:36.847081
95,250,3.5,2026-09-22 23:09:36.847094
95,167,3.5,2026-09-22 23:09:36.847102
95,411,3.0,2026-09-22 23:09:36.847125
95,304,5.0,2026-09-22 23:09:36.847141
95,346,4.5,2026-09-22 23:09:36.847159
95,437,3.5,2026-09-22 23:09:36.847182
95,163,2.0,2026-09-22 23:09:36.847190
95,140,2.0,2026-09-22 23:09:36.847197
95,229,3.5,2026-09-22 23:09:36.847208
95,581,4.0,2026-09-22 23:09:36.847240
96,244,2.0,2026-09-22 23:09:36.847297
96,141,3.5,2026-09-22 23:09:36.847304
96,205,3.5,2026-09-22 23:09:36.847314
96,567,5.0,2026-09-22 23:09:36.847344
96,171,4.0,2026-09-22 23:09:36.847352
96,531,3.5,2026-09-22 23:09:36.847385
96,600,4.0,2026-09-22 23:09:36.847418
96,367,2.0,2026-09-22 23:09:36.847438
96,219,3.5,2026-09-22 23:09:36.847449
96,257,4.0,2026-09-22 23:09:36.847462
96,480,4.0,2026-09-22 23:09:36.847488
96,384,2.0,2026-09-22 23:09:36.847508
96,208,4.0,2026-09-22 23:09:36.847518
96,163,4.0,2026-09-22 23:09:36.847526
96,291,4.0,2026-09-22 23:09:36.847541
96,472,2.0,2026-09-22 23:09:36.847566
96,518,3.0,2026-09-22 23:09:36.847595
96,504,3.0,2026-09-22 23:09:36.847622
96,173,4.0,2026-09-22 23:09:36.847631
96,119,3.0,2026-09-22 23:09:36.847636
96,221,4.0,2026-09-22 23:09:36.847647
96,458,2.0,2026-09-22 23:09:36.847671
96,326,3.5,2026-09-22 23:09:36.847698
96,433,2.0,2026-09-22 23:09:36.847724
96,492,3.5,2026-09-22 23:09:36.847751
96,333,2.0,2026-09-22 23:09:36.847769
96,588,5.0,2026-09-22 23:09:36.847802
96,159,3.5,2026-09-22 23:09:36.847810
96,111,3.5,2026-09-22 23:09:36.847815
96,356,3.0,2026-09-22 23:09:36.847835
97,472,4.0,2026-09-22 23:09:36.847903
97,525,3.5,2026-09-22 23:09:36.847933
97,419,3.0,2026-09-22 23:09:36.847955
97,323,4.0,2026-09-22 23:09:36.847975
97,544,4.0,2026-09-22 23:09:36.848004
97,319,3.0,2026-09-22 23:09:36.848021
97,501,3.0,2026-09-22 23:09:36.848049
97,474,2.0,2026-09-22 23:09:36.848077
97,576,3.5,2026-09-22 23:09:36.848111
97,477,3.5,2026-09-22 23:09:36.848137
97,486,2.0,2026-09-22 23:09:36.848164
97,130,4.0,2026-09-22 23:09:36.848170
97,514,3.5,2026-09-22 23:09:36.848200
97,156,3.5,2026-09-22 23:09:36.848207
97,384,4.0,2026-09-22 23:09:36.848228
97,299,2.0,2026-09-22 23:09:36.848245
97,588,3.5,2026-09-22 23:09:36.848277
97,470,3.5,2026-09-22 23:09:36.848303
97,578,3.5,2026-09-22 23:09:36.848335
97,448,3.5,2026-09-22 23:09:36.848360
97,248,2.0,2026-09-22 23:09:36.848372
97,540,2.0,2026-09-22 23:09:36.848402
97,581,3.5,2026-09-22 23:09:36.848434
97,374,3.5,2026-09-22 23:09:36.848454
97,338,3.5,2026-09-22 23:09:36.848482
98,337,3.5,2026-09-22 23:09:36.848576
98,109,3.5,2026-09-22 23:09:36.848584
98,326,4.0,2026-09-22 23:09:36.848669
98,105,3.0,2026-09-22 23:09:36.848692
98,339,3.0,2026-09-22 23:09:36.848717
98,119,3.0,2026-09-22 23:09:36.848723
98,595,3.0,2026-09-22 23:09:36.848758
98,284,2.0,2026-09-22 23:09:36.848844
98,346,3.0,2026-09-22 23:09:36.848920
98,427,2.0,2026-09-22 23:09:36.848948
98,533,2.0,2026-09-22 23:09:36.848979
98,385,3.0,2026-09-22 23:09:36.849001
98,212,5.0,2026-09-22 23:09:36.849012
98,310,4.0,2026-09-22 23:09:36.849029
98,130,3.5,2026-09-22 23:09:36.849065
98,397,2.0,2026-09-22 23:09:36.849121
98,581,3.0,2026-09-22 23:09:36.849157
98,141,2.0,2026-09-22 23:09:36.849165
98,242,5.0,2026-09-22 23:09:36.849177
98,560,3.5,2026-09-22 23:09:36.849357
98,413,3.5,2026-09-22 23:09:36.849423
98,383,2.0,2026-09-22 23:09:36.849457
98,261,3.5,2026-09-22 23:09:36.849521
98,589,2.0,2026-09-22 23:09:36.849670
98,133,3.0,2026-09-22 23:09:36.849695
98,193,3.5,2026-09-22 23:09:36.849706
98,233,4.0,2026-09-22 23:09:36.849719
98,493,2.0,2026-09-22 23:09:36.849750
98,503,4.0,2026-09-22 23:09:36.849780
99,140,2.0,2026-09-22 23:09:36.850007
99,222,3.0,2026-09-22 23:09:36.850027
99,205,3.5,2026-09-22 23:09:36.850038
99,267,2.0,2026-09-22 23:09:36.850053
99,393,3.5,2026-09-22 23:09:36.850115
99,291,3.0,2026-09-22 23:09:36.850141
99,525,2.0,2026-09-22 23:09:36.850205
99,522,2.0,2026-09-22 23:09:36.850413
99,449,3.0,2026-09-22 23:09:36.850473
99,313,3.5,2026-09-22 23:09:36.850493
99,137,3.5,2026-09-22 23:09:36.850501
99,429,3.0,2026-09-22 23:09:36.850528
99,319,4.0,2026-09-22 23:09:36.850546
99,549,2.0,2026-09-22 23:09:36.850579
99,245,3.0,2026-09-22 23:09:36.850593
99,174,4.5,2026-09-22 23:09:36.850602
99,113,2.0,2026-09-22 23:09:36.850616
99,268,2.0,2026-09-22 23:09:36.850631
99,411,3.0,2026-09-22 23:09:36.850655
99,504,4.0,2026-09-22 23:09:36.850685
99,285,2.0,2026-09-22 23:09:36.850702
99,272,2.0,2026-09-22 23:09:36.850717
99,600,4.0,2026-09-22 23:09:36.850751
99,309,4.0,2026-09-22 23:09:36.850770
99,560,3.5,2026-09-22 23:09:36.850803
99,434,3.5,2026-09-22 23:09:36.850828
99,292,3.0,2026-09-22 23:09:36.850845
99,341,3.5,2026-09-22 23:09:36.850864
99,583,3.0,2026-09-22 23:09:36.850898
99,599,3.5,2026-09-22 23:09:36.850934
99,251,3.0,2026-09-22 23:09:36.850948
100,334,3.0,2026-09-22 23:09:36.851074
100,262,4.0,2026-09-22 23:09:36.851094
100,484,4.0,2026-09-22 23:09:36.851127
100,598,3.0,2026-09-22 23:09:36.851175
100,160,3.0,2026-09-22 23:09:36.851186
100,455,3.0,2026-09-22 23:09:36.851219
100,224,4.0,2026-09-22 23:09:36.851231
100,328,3.0,2026-09-22 23:09:36.851250
100,476,3.5,2026-09-22 23:09:36.851279
100,591,3.5,2026-09-22 23:09:36.851318
100,551,3.5,2026-09-22 23:09:36.851355
100,310,3.5,2026-09-22 23:09:36.851376
100,286,2.0,2026-09-22 23:09:36.851423
100,141,2.0,2026-09-22 23:09:36.851444
100,281,4.0,2026-09-22 23:09:36.851465
100,387,4.5,2026-09-22 23:09:36.851514
100,359,5.0,2026-09-22 23:09:36.851544
100,140,3.0,2026-09-22 23:09:36.851558
100,569,4.0,2026-09-22 23:09:36.851600
100,435,3.0,2026-09-22 23:09:36.851638
100,348,3.0,2026-09-22 23:09:36.851661
100,410,4.0,2026-09-22 23:09:36.851686
101,162,4.0,2026-09-22 23:09:36.851757
101,315,4.0,2026-09-22 23:09:36.851777
101,235,3.5,2026-09-22 23:09:36.851791
101,492,3.0,2026-09-22 23:09:36.851825
101,384,4.0,2026-09-22 23:09:36.851861
101,465,3.0,2026-09-22 23:09:36.851897
101,577,3.5,2026-09-22 23:09:36.851935
101,341,2.0,2026-09-22 23:09:36.851955
101,481,3.5,2026-09-22 23:09:36.851982
101,152,3.5,2026-09-22 23:09:36.851994
101,165,2.0,2026-09-22 23:09:36.852005
101,546,2.0,2026-09-22 23:09:36.852036
101,118,4.0,2026-09-22 23:09:36.852042
101,527,3.5,2026-09-22 23:09:36.852073
101,321,4.0,2026-09-22 23:09:36.852171
101,113,4.5,2026-09-22 23:09:36.852182
101,454,4.0,2026-09-22 23:09:36.852210
101,186,4.0,2026-09-22 23:09:36.852221
101,138,4.5,2026-09-22 23:09:36.852227
101,168,4.0,2026-09-22 23:09:36.852235
102,471,3.5,2026-09-22 23:09:36.852317
102,493,2.0,2026-09-22 23:09:36.852348
102,402,3.0,2026-09-22 23:09:36.852370
102,570,3.5,2026-09-22 23:09:36.852404
102,520,4.0,2026-09-22 23:09:36.852434
102,580,3.5,2026-09-22 23:09:36.852468
102,361,2.0,2026-09-22 23:09:36.852488
102,143,4.0,2026-09-22 23:09:36.852500
102,178,3.5,2026-09-22 23:09:36.852509
102,559,3.5,2026-09-22 23:09:36.852541
102,104,4.0,2026-09-22 23:09:36.852546
102,404,3.5,2026-09-22 23:09:36.852568
102,290,3.0,2026-09-22 23:09:36.852584
102,446,3.0,2026-09-22 23:09:36.852608
102,433,2.0,2026-09-22 23:09:36.852632
102,333,3.0,2026-09-22 23:09:36.852650
102,295,4.0,2026-09-22 23:09:36.852666
102,265,3.5,2026-09-22 23:09:36.852680
102,325,3.5,2026-09-22 23:09:36.852701
102,191,2.0,2026-09-22 23:09:36.852712
103,185,3.0,2026-09-22 23:09:36.852770
103,161,2.0,2026-09-22 23:09:36.852778
103,248,2.0,2026-09-22 23:09:36.852791
103,241,3.0,2026-09-22 23:09:36.852804
103,350,2.0,2026-09-22 23:09:36.852823
103,325,4.0,2026-09-22 23:09:36.852840
103,215,2.0,2026-09-22 23:09:36.852851
103,554,3.5,2026-09-22 23:09:36.852882
103,187,3.0,2026-09-22 23:09:36.852892
103,581,3.5,2026-09-22 23:09:36.852924
103,570,4.0,2026-09-22 23:09:36.852955
103,233,4.0,2026-09-22 23:09:36.852966
103,411,3.0,2026-09-22 23:09:36.852989
103,486,4.0,2026-09-22 23:09:36.853015
103,155,3.5,2026-09-22 23:09:36.853025
103,574,2.0,2026-09-22 23:09:36.853057
103,219,2.0,2026-09-22 23:09:36.853068
103,442,4.0,2026-09-22 23:09:36.853093
103,243,4.0,2026-09-22 23:09:36.853105
103,173,4.0,2026-09-22 23:09:36.853115
103,150,3.5,2026-09-22 23:09:36.853122
103,206,2.0,2026-09-22 23:09:36.853132
103,383,4.0,2026-09-22 23:09:36.853153
103,530,3.5,2026-09-22 23:09:36.853183
104,512,2.0,2026-09-22 23:09:36.853262
104,141,3.5,2026-09-22 23:09:36.853272
104,482,3.0,2026-09-22 23:09:36.853303
104,507,2.0,2026-09-22 23:09:36.853333
104,214,2.0,2026-09-22 23:09:36.853343
104,473,3.0,2026-09-22 23:09:36.853370
104,139,3.0,2026-09-22 23:09:36.853376
104,268,4.0,2026-09-22 23:09:36.853390
104,181,4.0,2026-09-22 23:09:36.853398
104,360,3.0,2026-09-22 23:09:36.853418
104,272,3.5,2026-09-22 23:09:36.853431
104,242,4.0,2026-09-22 23:09:36.853444
104,333,3.0,2026-09-22 23:09:36.853462
104,423,4.0,2026-09-22 23:09:36.853485
104,477,3.0,2026-09-22 23:09:36.853526
104,363,4.0,2026-09-22 23:09:36.853550
104,445,3.5,2026-09-22 23:09:36.853574
104,498,3.0,2026-09-22 23:09:36.853603
104,138,3.0,2026-09-22 23:09:36.853609
104,462,2.0,2026-09-22 23:09:36.853634
104,453,3.0,2026-09-22 23:09:36.853660
104,262,2.0,2026-09-22 23:09:36.853673
104,557,4.0,2026-09-22 23:09:36.853703
104,574,2.0,2026-09-22 23:09:36.853735
104,120,4.0,2026-09-22 23:09:36.853741
104,322,3.0,2026-09-22 23:09:36.853758
105,315,3.5,2026-09-22 23:09:36.853865
105,453,3.0,2026-09-22 23:09:36.853899
105,235,4.5,2026-09-22 23:09:36.853911
105,415,4.0,2026-09-22 23:09:36.853934
105,295,4.0,2026-09-22 23:09:36.853953
105,424,4.0,2026-09-22 23:09:36.853976
105,399,3.5,2026-09-22 23:09:36.853998
105,221,5.0,2026-09-22 23:09:36.854009
105,427,4.0,2026-09-22 23:09:36.854032
105,279,3.5,2026-09-22 23:09:36.854046
105,348,2.0,2026-09-22 23:09:36.854065
105,372,3.0,2026-09-22 23:09:36.854086
105,437,2.0,2026-09-22 23:09:36.854110
105,589,3.5,2026-09-22 23:09:36.854144
105,193,4.0,2026-09-22 23:09:36.854153
105,550,4.0,2026-09-22 23:09:36.854184
106,440,4.0,2026-09-22 23:09:36.854254
106,318,3.0,2026-09-22 23:09:36.854272
106,160,2.0,2026-09-22 23:09:36.854280
106,191,3.5,2026-09-22 23:09:36.854289
106,338,3.5,2026-09-22 23:09:36.854307
106,590,3.0,2026-09-22 23:09:36.854341
106,264,4.0,2026-09-22 23:09:36.854355
106,439,2.0,2026-09-22 23:09:36.854380
106,159,3.5,2026-09-22 23:09:36.854388
106,278,3.5,2026-09-22 23:09:36.854402
106,457,3.5,2026-09-22 23:09:36.854428
106,304,4.0,2026-09-22 23:09:36.854444
106,461,4.0,2026-09-22 23:09:36.854472
106,166,4.0,2026-09-22 23:09:36.854480
106,497,4.0,2026-09-22 23:09:36.854506
106,552,4.0,2026-09-22 23:09:36.854536
106,348,3.5,2026-09-22 23:09:36.854569
106,531,2.0,2026-09-22 23:09:36.854598
106,513,3.5,2026-09-22 23:09:36.854625
106,543,4.0,2026-09-22 23:09:36.854655
106,351,5.0,2026-09-22 23:09:36.854674
106,408,3.0,2026-09-22 23:09:36.854695
107,520,2.0,2026-09-22 23:09:36.854770
107,124,3.0,2026-09-22 23:09:36.854776
107,258,3.5,2026-09-22 23:09:36.854789
107,330,3.0,2026-09-22 23:09:36.854806
107,310,3.0,2026-09-22 23:09:36.854823
107,214,4.0,2026-09-22 23:09:36.854834
107,394,5.0,2026-09-22 23:09:36.854855
107,549,3.0,2026-09-22 23:09:36.854885
107,186,3.5,2026-09-22 23:09:36.854894
107,375,4.0,2026-09-22 23:09:36.854914
107,206,3.5,2026-09-22 23:09:36.854925
107,500,3.5,2026-09-22 23:09:36.854951
107,421,4.0,2026-09-22 23:09:36.854975
107,157,3.0,2026-09-22 23:09:36.854982
107,586,3.0,2026-09-22 23:09:36.855015
107,596,2.0,2026-09-22 23:09:36.855049
107,415,2.0,2026-09-22 23:09:36.855072
107,413,2.0,2026-09-22 23:09:36.855095
107,269,2.0,2026-09-22 23:09:36.855109
107,167,4.0,2026-09-22 23:09:36.855118
107,410,4.0,2026-09-22 23:09:36.855141
107,377,4.0,2026-09-22 23:09:36.855161
107,111,3.0,2026-09-22 23:09:36.855166
107,587,3.5,2026-09-22 23:09:36.855203
107,470,3.5,2026-09-22 23:09:36.855229
107,511,2.0,2026-09-22 23:09:36.855257
107,295,3.0,2026-09-22 23:09:36.855276
107,147,3.0,2026-09-22 23:09:36.855283
107,461,2.0,2026-09-22 23:09:36.855308
107,271,3.5,2026-09-22 23:09:36.855374
107,568,2.0,2026-09-22 23:09:36.855484
107,281,4.0,2026-09-22 23:09:36.855553
107,493,4.0,2026-09-22 23:09:36.855586
107,384,4.0,2026-09-22 23:09:36.855609
107,133,3.5,2026-09-22 23:09:36.855616
108,138,4.0,2026-09-22 23:09:36.855684
108,359,3.0,2026-09-22 23:09:36.855703
108,470,3.5,2026-09-22 23:09:36.855730
108,461,3.5,2026-09-22 23:09:36.855760
108,491,4.0,2026-09-22 23:09:36.855789
108,476,2.0,2026-09-22 23:09:36.855814
108,313,3.5,2026-09-22 23:09:36.855831
108,111,3.5,2026-09-22 23:09:36.855836
108,108,4.0,2026-09-22 23:09:36.855840
108,481,3.0,2026-09-22 23:09:36.855866
108,526,2.0,2026-09-22 23:09:36.855894
108,378,3.5,2026-09-22 23:09:36.855914
108,410,4.0,2026-09-22 23:09:36.855936
108,571,4.0,2026-09-22 23:09:36.855966
108,178,4.5,2026-09-22 23:09:36.855975
108,149,4.0,2026-09-22 23:09:36.855986
108,477,2.0,2026-09-22 23:09:36.856013
109,388,4.0,2026-09-22 23:09:36.856083
109,243,3.5,2026-09-22 23:09:36.856099
109,348,4.0,2026-09-22 23:09:36.856117
109,246,2.0,2026-09-22 23:09:36.856130
109,565,3.5,2026-09-22 23:09:36.856161
109,460,3.5,2026-09-22 23:09:36.856186
109,374,3.0,2026-09-22 23:09:36.856209
109,360,2.0,2026-09-22 23:09:36.856229
109,226,2.0,2026-09-22 23:09:36.856240
109,296,5.0,2026-09-22 23:09:36.856256
109,109,3.0,2026-09-22 23:09:36.856261
109,355,3.0,2026-09-22 23:09:36.856280
109,473,4.0,2026-09-22 23:09:36.856306
109,302,3.0,2026-09-22 23:09:36.856324
109,588,2.0,2026-09-22 23:09:36.856356
109,291,4.0,2026-09-22 23:09:36.856373
109,491,4.0,2026-09-22 23:09:36.856400
109,380,4.0,2026-09-22 23:09:36.856421
109,466,3.0,2026-09-22 23:09:36.856449
109,156,2.0,2026-09-22 23:09:36.856458
109,332,4.0,2026-09-22 23:09:36.856477
109,215,3.5,2026-09-22 23:09:36.856487
109,396,4.0,2026-09-22 23:09:36.856509
109,600,3.5,2026-09-22 23:09:36.856542
109,113,3.5,2026-09-22 23:09:36.856548
109,304,3.0,2026-09-22 23:09:36.856564
109,495,2.0,2026-09-22 23:09:36.856591
109,219,3.5,2026-09-22 23:09:36.856606
110,309,2.0,2026-09-22 23:09:36.856672
110,547,3.0,2026-09-22 23:09:36.856709
110,103,2.0,2026-09-22 23:09:36.856715
110,238,3.0,2026-09-22 23:09:36.856729
110,454,3.0,2026-09-22 23:09:36.856756
110,208,4.0,2026-09-22 23:09:36.856768
110,487,2.0,2026-09-22 23:09:36.856796
110,388,2.0,2026-09-22 23:09:36.856819
110,507,4.0,2026-09-22 23:09:36.856850
110,351,4.0,2026-09-22 23:09:36.856874
110,380,3.0,2026-09-22 23:09:36.856897
110,356,4.0,2026-09-22 23:09:36.856919
110,261,3.0,2026-09-22 23:09:36.856934
110,592,5.0,2026-09-22 23:09:36.856970
110,434,4.0,2026-09-22 23:09:36.856997
110,221,4.0,2026-09-22 23:09:36.857010
110,265,2.0,2026-09-22 23:09:36.857024
110,337,3.5,2026-09-22 23:09:36.857043
110,463,2.0,2026-09-22 23:09:36.857069
110,348,4.0,2026-09-22 23:09:36.857090
110,364,3.5,2026-09-22 23:09:36.857110
110,385,3.5,2026-09-22 23:09:36.857133
110,540,3.5,2026-09-22 23:09:36.857164
110,479,3.5,2026-09-22 23:09:36.857208
110,476,3.0,2026-09-22 23:09:36.857238
110,142,3.0,2026-09-22 23:09:36.857245
110,572,4.5,2026-09-22 23:09:36.857279
110,154,3.0,2026-09-22 23:09:36.857296
110,318,3.5,2026-09-22 23:09:36.857315
110,459,3.5,2026-09-22 23:09:36.857342
110,140,4.0,2026-09-22 23:09:36.857349
110,293,4.0,2026-09-22 23:09:36.857365
110,166,3.0,2026-09-22 23:09:36.857373
110,488,3.5,2026-09-22 23:09:36.857399
111,369,3.5,2026-09-22 23:09:36.857466
111,467,2.0,2026-09-22 23:09:36.857493
111,525,2.0,2026-09-22 23:09:36.857524
111,343,4.0,2026-09-22 23:09:36.857546
111,106,3.0,2026-09-22 23:09:36.857551
111,263,2.0,2026-09-22 23:09:36.857566
111,314,3.5,2026-09-22 23:09:36.857583
111,192,3.0,2026-09-22 23:09:36.857595
111,177,3.5,2026-09-22 23:09:36.857604
111,341,2.0,2026-09-22 23:09:36.857622
111,135,3.0,2026-09-22 23:09:36.857629
111,103,3.5,2026-09-22 23:09:36.857633
111,260,3.5,2026-09-22 23:09:36.857647
111,460,4.0,2026-09-22 23:09:36.857673
111,197,3.5,2026-09-22 23:09:36.857683
111,203,4.5,2026-09-22 23:09:36.857694
111,456,4.0,2026-09-22 23:09:36.857719
111,149,3.5,2026-09-22 23:09:36.857726
111,376,3.0,2026-09-22 23:09:36.857747
111,335,2.0,2026-09-22 23:09:36.857766
112,153,3.5,2026-09-22 23:09:36.857815
112,475,4.0,2026-09-22 23:09:36.857843
112,211,3.0,2026-09-22 23:09:36.857857
112,244,3.0,2026-09-22 23:09:36.857870
112,192,2.0,2026-09-22 23:09:36.857879
112,235,3.0,2026-09-22 23:09:36.857891
112,389,3.0,2026-09-22 23:09:36.857913
112,165,2.0,2026-09-22 23:09:36.857921
112,509,3.0,2026-09-22 23:09:36.857950
112,368,3.0,2026-09-22 23:09:36.857971
112,401,3.0,2026-09-22 23:09:36.857992
112,431,4.0,2026-09-22 23:09:36.858016
112,493,2.0,2026-09-22 23:09:36.858044
112,297,3.5,2026-09-22 23:09:36.858059
112,270,2.0,2026-09-22 23:09:36.858073
112,395,2.0,2026-09-22 23:09:36.858095
112,496,3.0,2026-09-22 23:09:36.858208
112,537,4.0,2026-09-22 23:09:36.858246
112,404,4.0,2026-09-22 23:09:36.858271
113,255,3.5,2026-09-22 23:09:36.858342
113,357,3.0,2026-09-22 23:09:36.858363
113,490,4.5,2026-09-22 23:09:36.858392
113,161,4.0,2026-09-22 23:09:36.858400
113,224,4.0,2026-09-22 23:09:36.858412
113,387,3.5,2026-09-22 23:09:36.858438
113,302,2.0,2026-09-22 23:09:36.858456
113,294,4.0,2026-09-22 23:09:36.858474
113,497,5.0,2026-09-22 23:09:36.858505
113,298,3.5,2026-09-22 23:09:36.858523
113,462,4.0,2026-09-22 23:09:36.858550
113,343,2.0,2026-09-22 23:09:36.858573
113,282,3.5,2026-09-22 23:09:36.858591
113,260,4.0,2026-09-22 23:09:36.858606
113,530,3.5,2026-09-22 23:09:36.858638
113,368,4.0,2026-09-22 23:09:36.858659
113,263,3.0,2026-09-22 23:09:36.858674
113,372,3.0,2026-09-22 23:09:36.858697
113,141,4.0,2026-09-22 23:09:36.858704
113,553,3.5,2026-09-22 23:09:36.858736
113,410,3.0,2026-09-22 23:09:36.858761
113,532,2.0,2026-09-22 23:09:36.858793
113,210,3.0,2026-09-22 23:09:36.858803
113,590,4.0,2026-09-22 23:09:36.858838
113,186,3.5,2026-09-22 23:09:36.858847
114,103,3.5,2026-09-22 23:09:36.858898
114,401,3.5,2026-09-22 23:09:36.858922
114,259,2.0,2026-09-22 23:09:36.858936
114,269,2.0,2026-09-22 23:09:36.858955
114,149,4.0,2026-09-22 23:09:36.858963
114,567,4.0,2026-09-22 23:09:36.858997
114,289,4.0,2026-09-22 23:09:36.859014
114,569,3.0,2026-09-22 23:09:36.859051
114,230,4.0,2026-09-22 23:09:36.859064
114,358,2.0,2026-09-22 23:09:36.859085
114,572,2.0,2026-09-22 23:09:36.859119
114,107,3.5,2026-09-22 23:09:36.859125
114,411,2.0,2026-09-22 23:09:36.859148
114,240,3.0,2026-09-22 23:09:36.859162
114,118,3.0,2026-09-22 23:09:36.859170
114,432,3.0,2026-09-22 23:09:36.859208
114,241,2.0,2026-09-22 23:09:36.859225
114,429,4.0,2026-09-22 23:09:36.859252
114,346,2.0,2026-09-22 23:09:36.859273
114,304,2.0,2026-09-22 23:09:36.859292
114,123,4.0,2026-09-22 23:09:36.859298
115,150,4.0,2026-09-22 23:09:36.859356
115,540,4.0,2026-09-22 23:09:36.859391
115,379,4.0,2026-09-22 23:09:36.859414
115,243,2.0,2026-09-22 23:09:36.859432
115,537,2.0,2026-09-22 23:09:36.859465
115,200,3.0,2026-09-22 23:09:36.859477
115,436,3.0,2026-09-22 23:09:36.859505
115,415,3.5,2026-09-22 23:09:36.859531
115,478,2.0,2026-09-22 23:09:36.859561
115,109,4.0,2026-09-22 23:09:36.859567
115,271,4.0,2026-09-22 23:09:36.859582
115,529,2.0,2026-09-22 23:09:36.859614
115,445,3.5,2026-09-22 23:09:36.859640
115,535,3.0,2026-09-22 23:09:36.859673
115,561,4.0,2026-09-22 23:09:36.859708
115,263,3.0,2026-09-22 23:09:36.859723
115,560,2.0,2026-09-22 23:09:36.859757
115,464,3.5,2026-09-22 23:09:36.859788
115,187,3.5,2026-09-22 23:09:36.859798
115,564,3.5,2026-09-22 23:09:36.859833
115,401,2.0,2026-09-22 23:09:36.859858
115,470,3.5,2026-09-22 23:09:36.859890
115,584,4.0,2026-09-22 23:09:36.859926
115,288,2.0,2026-09-22 23:09:36.859943
115,365,4.0,2026-09-22 23:09:36.859965
116,571,4.0,2026-09-22 23:09:36.860044
116,147,2.0,2026-09-22 23:09:36.860052
116,194,5.0,2026-09-22 23:09:36.860063
116,474,3.0,2026-09-22 23:09:36.860092
116,145,3.5,2026-09-22 23:09:36.860100
116,196,5.0,2026-09-22 23:09:36.860111
116,263,3.0,2026-09-22 23:09:36.860126
116,403,3.0,2026-09-22 23:09:36.860151
116,421,3.5,2026-09-22 23:09:36.860176
116,595,2.0,2026-09-22 23:09:36.860212
116,111,4.0,2026-09-22 23:09:36.860218
116,493,3.5,2026-09-22 23:09:36.860248
116,187,4.0,2026-09-22 23:09:36.860258
116,504,3.5,2026-09-22 23:09:36.860289
116,106,3.0,2026-09-22 23:09:36.860294
116,212,3.5,2026-09-22 23:09:36.860306
116,427,4.0,2026-09-22 23:09:36.860332
116,292,3.0,2026-09-22 23:09:36.860349
117,553,2.0,2026-09-22 23:09:36.860438
117,203,4.0,2026-09-22 23:09:36.860454
117,191,3.0,2026-09-22 23:09:36.860465
117,252,5.0,2026-09-22 23:09:36.860484
117,233,3.0,2026-09-22 23:09:36.860499
117,458,4.0,2026-09-22 23:09:36.860530
117,326,3.5,2026-09-22 23:09:36.860554
117,236,3.5,2026-09-22 23:09:36.860571
117,148,3.0,2026-09-22 23:09:36.860579
117,351,3.5,2026-09-22 23:09:36.860602
117,282,5.0,2026-09-22 23:09:36.860619
117,397,3.5,2026-09-22 23:09:36.860646
117,287,4.0,2026-09-22 23:09:36.860664
117,279,5.0,2026-09-22 23:09:36.860680
117,496,3.0,2026-09-22 23:09:36.860713
117,429,3.5,2026-09-22 23:09:36.860741
117,368,3.0,2026-09-22 23:09:36.860764
117,331,4.0,2026-09-22 23:09:36.860785
117,525,3.5,2026-09-22 23:09:36.860818
117,424,2.0,2026-09-22 23:09:36.860844
117,452,2.0,2026-09-22 23:09:36.860874
117,526,3.0,2026-09-22 23:09:36.860909
117,188,4.0,2026-09-22 23:09:36.860920
118,401,3.0,2026-09-22 23:09:36.861003
118,266,2.0,2026-09-22 23:09:36.861021
118,291,4.0,2026-09-22 23:09:36.861039
118,389,4.0,2026-09-22 23:09:36.861064
118,294,4.0,2026-09-22 23:09:36.861084
118,438,4.0,2026-09-22 23:09:36.861113
118,402,4.0,2026-09-22 23:09:36.861140
118,562,3.0,2026-09-22 23:09:36.861177
118,118,3.5,2026-09-22 23:09:36.861183
118,460,3.5,2026-09-22 23:09:36.861225
118,154,3.5,2026-09-22 23:09:36.861237
118,423,4.0,2026-09-22 23:09:36.861265
118,284,4.0,2026-09-22 23:09:36.861286
118,546,3.5,2026-09-22 23:09:36.861322
118,105,2.0,2026-09-22 23:09:36.861328
118,182,3.0,2026-09-22 23:09:36.861342
118,316,2.0,2026-09-22 23:09:36.861363
118,344,4.0,2026-09-22 23:09:36.861385
118,272,4.0,2026-09-22 23:09:36.861402
118,273,3.5,2026-09-22 23:09:36.861419
118,432,4.0,2026-09-22 23:09:36.861448
118,563,2.0,2026-09-22 23:09:36.861488
118,152,3.0,2026-09-22 23:09:36.861497
118,196,3.0,2026-09-22 23:09:36.861508
118,568,3.5,2026-09-22 23:09:36.861547
118,257,3.0,2026-09-22 23:09:36.861564
118,184,3.0,2026-09-22 23:09:36.861575
118,340,3.0,2026-09-22 23:09:36.861598
118,380,3.5,2026-09-22 23:09:36.861624
119,259,3.5,2026-09-22 23:09:36.861694
119,506,2.0,2026-09-22 23:09:36.861732
119,493,3.0,2026-09-22 23:09:36.861767
119,173,3.0,2026-09-22 23:09:36.861777
119,511,3.0,2026-09-22 23:09:36.861814
119,278,4.0,2026-09-22 23:09:36.861833
119,335,2.0,2026-09-22 23:09:36.861855
119,303,3.0,2026-09-22 23:09:36.861876
119,185,3.0,2026-09-22 23:09:36.861888
119,336,3.5,2026-09-22 23:09:36.861912
119,101,4.0,2026-09-22 23:09:36.861920
119,438,4.0,2026-09-22 23:09:36.861950
119,176,3.0,2026-09-22 23:09:36.861960
119,203,3.5,2026-09-22 23:09:36.861972
119,553,2.0,2026-09-22 23:09:36.862012
119,189,4.0,2026-09-22 23:09:36.862023
119,255,4.0,2026-09-22 23:09:36.862040
120,443,2.0,2026-09-22 23:09:36.862126
120,293,4.0,2026-09-22 23:09:36.862146
120,526,3.0,2026-09-22 23:09:36.862183
120,338,3.0,2026-09-22 23:09:36.862206
120,462,3.5,2026-09-22 23:09:36.862237
120,225,3.5,2026-09-22 23:09:36.862251
120,491,3.5,2026-09-22 23:09:36.862285
120,570,2.0,2026-09-22 23:09:36.862324
120,150,4.0,2026-09-22 23:09:36.862333
120,299,4.0,2026-09-22 23:09:36.862353
120,166,3.0,2026-09-22 23:09:36.862362
120,263,4.0,2026-09-22 23:09:36.862379
120,579,4.0,2026-09-22 23:09:36.862420
120,169,3.0,2026-09-22 23:09:36.862429
120,305,2.0,2026-09-22 23:09:36.862449
120,496,3.0,2026-09-22 23:09:36.862483
120,268,4.5,2026-09-22 23:09:36.862499
120,560,4.0,2026-09-22 23:09:36.862537
120,245,2.0,2026-09-22 23:09:36.862552
120,520,3.5,2026-09-22 23:09:36.862587
120,446,4.0,2026-09-22 23:09:36.862617
120,474,3.0,2026-09-22 23:09:36.862649
120,547,4.0,2026-09-22 23:09:36.862692
120,318,3.0,2026-09-22 23:09:36.862713
120,406,3.5,2026-09-22 23:09:36.862740
120,302,3.5,2026-09-22 23:09:36.862759
120,374,4.0,2026-09-22 23:09:36.862784
120,137,4.0,2026-09-22 23:09:36.862793
120,278,4.0,2026-09-22 23:09:36.862810
120,351,3.5,2026-09-22 23:09:36.862834
121,184,3.5,2026-09-22 23:09:36.862897
121,304,3.0,2026-09-22 23:09:36.862917
121,450,5.0,2026-09-22 23:09:36.862953
121,365,4.0,2026-09-22 23:09:36.862978
121,528,4.0,2026-09-22 23:09:36.863014
121,155,2.0,2026-09-22 23:09:36.863023
121,339,4.0,2026-09-22 23:09:36.863045
121,513,4.0,2026-09-22 23:09:36.863081
121,143,4.0,2026-09-22 23:09:36.863089
121,278,2.0,2026-09-22 23:09:36.863108
121,452,3.5,2026-09-22 23:09:36.863140
121,476,4.0,2026-09-22 23:09:36.863172
121,152,3.5,2026-09-22 23:09:36.863181
121,436,5.0,2026-09-22 23:09:36.863227
121,542,2.0,2026-09-22 23:09:36.863269
121,308,4.0,2026-09-22 23:09:36.863290
121,512,3.5,2026-09-22 23:09:36.863323
121,514,4.0,2026-09-22 23:09:36.863351
121,107,3.5,2026-09-22 23:09:36.863356
121,183,3.5,2026-09-22 23:09:36.863365
122,318,4.0,2026-09-22 23:09:36.863422
122,373,4.0,2026-09-22 23:09:36.863445
122,489,2.0,2026-09-22 23:09:36.863473
122,297,4.0,2026-09-22 23:09:36.863488
122,546,3.5,2026-09-22 23:09:36.863518
122,446,2.0,2026-09-22 23:09:36.863542
122,141,2.0,2026-09-22 23:09:36.863549
122,177,4.5,2026-09-22 23:09:36.863557
122,104,4.0,2026-09-22 23:09:36.863562
122,273,3.5,2026-09-22 23:09:36.863575
122,586,2.0,2026-09-22 23:09:36.863607
122,579,3.5,2026-09-22 23:09:36.863642
122,463,3.5,2026-09-22 23:09:36.863667
122,403,4.0,2026-09-22 23:09:36.863688
122,233,3.5,2026-09-22 23:09:36.863701
122,202,3.5,2026-09-22 23:09:36.863711
122,364,2.0,2026-09-22 23:09:36.863732
122,517,3.5,2026-09-22 23:09:36.863760
122,415,3.0,2026-09-22 23:09:36.863783
122,473,3.5,2026-09-22 23:09:36.863808
123,109,4.0,2026-09-22 23:09:36.863854
123,329,3.0,2026-09-22 23:09:36.863872
123,267,4.0,2026-09-22 23:09:36.863886
123,253,2.0,2026-09-22 23:09:36.863899
123,426,2.0,2026-09-22 23:09:36.863922
123,119,3.5,2026-09-22 23:09:36.863927
123,406,3.5,2026-09-22 23:09:36.863949
123,158,2.0,2026-09-22 23:09:36.863956
123,283,3.0,2026-09-22 23:09:36.863970
123,475,2.0,2026-09-22 23:09:36.864000
123,373,4.5,2026-09-22 23:09:36.864020
123,479,2.0,2026-09-22 23:09:36.864046
123,303,3.5,2026-09-22 23:09:36.864062
123,228,3.5,2026-09-22 23:09:36.864073
123,190,4.0,2026-09-22 23:09:36.864082
123,144,4.0,2026-09-22 23:09:36.864089
123,374,4.0,2026-09-22 23:09:36.864109
123,149,3.0,2026-09-22 23:09:36.864116
123,165,3.5,2026-09-22 23:09:36.864124
123,473,2.0,2026-09-22 23:09:36.864149
123,175,4.0,2026-09-22 23:09:36.864157
123,425,2.0,2026-09-22 23:09:36.864180
123,353,4.0,2026-09-22 23:09:36.864198
123,321,3.5,2026-09-22 23:09:36.864215
123,558,3.5,2026-09-22 23:09:36.864245
123,241,3.0,2026-09-22 23:09:36.864259
123,277,2.0,2026-09-22 23:09:36.864275
123,598,3.5,2026-09-22 23:09:36.864308
124,211,3.5,2026-09-22 23:09:36.864361
124,490,2.0,2026-09-22 23:09:36.864388
124,579,4.0,2026-09-22 23:09:36.864420
124,324,3.0,2026-09-22 23:09:36.864437
124,241,2.0,2026-09-22 23:09:36.864449
124,483,3.5,2026-09-22 23:09:36.864475
124,453,3.0,2026-09-22 23:09:36.864499
124,499,2.0,2026-09-22 23:09:36.864527
124,196,3.5,2026-09-22 23:09:36.864536
124,242,4.0,2026-09-22 23:09:36.864550
124,357,4.0,2026-09-22 23:09:36.864569
124,444,3.5,2026-09-22 23:09:36.864593
124,124,4.0,2026-09-22 23:09:36.864599
124,410,4.0,2026-09-22 23:09:36.864621
124,305,2.0,2026-09-22 23:09:36.864637
124,566,4.5,2026-09-22 23:09:36.864668
124,193,3.5,2026-09-22 23:09:36.864677
124,448,3.5,2026-09-22 23:09:36.864701
124,246,3.5,2026-09-22 23:09:36.864714
124,240,4.0,2026-09-22 23:09:36.864726
124,103,3.0,2026-09-22 23:09:36.864730
124,309,4.0,2026-09-22 23:09:36.864746
124,207,4.0,2026-09-22 23:09:36.864755
124,110,3.0,2026-09-22 23:09:36.864760
124,501,3.0,2026-09-22 23:09:36.864788
124,313,4.0,2026-09-22 23:09:36.864804
124,437,3.5,2026-09-22 23:09:36.864828
124,167,4.0,2026-09-22 23:09:36.864837
124,237,2.0,2026-09-22 23:09:36.864849
124,337,2.0,2026-09-22 23:09:36.864867
125,277,3.0,2026-09-22 23:09:36.864928
125,143,4.0,2026-09-22 23:09:36.864935
125,207,2.0,2026-09-22 23:09:36.864946
125,483,4.0,2026-09-22 23:09:36.864972
125,372,4.0,2026-09-22 23:09:36.864991
125,290,3.0,2026-09-22 23:09:36.865006
125,256,3.0,2026-09-22 23:09:36.865019
125,250,2.0,2026-09-22 23:09:36.865033
125,485,5.0,2026-09-22 23:09:36.865060
125,262,3.5,2026-09-22 23:09:36.865073
125,332,3.0,2026-09-22 23:09:36.865090
125,446,3.0,2026-09-22 23:09:36.865113
125,340,4.0,2026-09-22 23:09:36.865131
125,116,4.0,2026-09-22 23:09:36.865136
125,180,3.5,2026-09-22 23:09:36.865144
125,420,3.0,2026-09-22 23:09:36.865167
125,400,4.0,2026-09-22 23:09:36.865188
125,186,3.5,2026-09-22 23:09:36.865197
125,281,3.5,2026-09-22 23:09:36.865221
125,390,3.5,2026-09-22 23:09:36.865245
125,321,2.0,2026-09-22 23:09:36.865263
125,313,3.5,2026-09-22 23:09:36.865280
125,492,5.0,2026-09-22 23:09:36.865307
125,112,4.0,2026-09-22 23:09:36.865312
125,599,3.0,2026-09-22 23:09:36.865346
125,246,4.0,2026-09-22 23:09:36.865358
125,385,4.0,2026-09-22 23:09:36.865379
125,481,4.5,2026-09-22 23:09:36.865406
125,352,3.5,2026-09-22 23:09:36.865424
125,221,4.0,2026-09-22 23:09:36.865435
125,293,3.0,2026-09-22 23:09:36.865451
125,572,3.0,2026-09-22 23:09:36.865485
126,102,2.0,2026-09-22 23:09:36.865532
126,373,4.0,2026-09-22 23:09:36.865554
126,525,2.0,2026-09-22 23:09:36.865584
126,272,3.5,2026-09-22 23:09:36.865599
126,491,3.0,2026-09-22 23:09:36.865630
126,338,3.0,2026-09-22 23:09:36.865648
126,436,5.0,2026-09-22 23:09:36.865671
126,189,4.0,2026-09-22 23:09:36.865681
126,450,5.0,2026-09-22 23:09:36.865705
126,565,2.0,2026-09-22 23:09:36.865737
126,151,3.5,2026-09-22 23:09:36.865744
126,297,2.0,2026-09-22 23:09:36.865760
126,398,4.0,2026-09-22 23:09:36.865782
126,435,5.0,2026-09-22 23:09:36.865807
126,315,3.0,2026-09-22 23:09:36.865824
126,599,3.0,2026-09-22 23:09:36.865857
126,311,4.0,2026-09-22 23:09:36.865874
126,197,3.5,2026-09-22 23:09:36.865884
126,426,5.0,2026-09-22 23:09:36.865907
126,115,3.0,2026-09-22 23:09:36.865911
126,417,4.0,2026-09-22 23:09:36.865934
126,215,4.0,2026-09-22 23:09:36.865944
126,171,3.0,2026-09-22 23:09:36.865953
126,413,4.5,2026-09-22 23:09:36.865975
127,134,3.0,2026-09-22 23:09:36.866021
127,558,3.0,2026-09-22 23:09:36.866051
127,116,4.0,2026-09-22 23:09:36.866056
127,206,5.0,2026-09-22 23:09:36.866066
127,396,2.0,2026-09-22 23:09:36.866088
127,337,2.0,2026-09-22 23:09:36.866107
127,336,2.0,2026-09-22 23:09:36.866125
127,226,5.0,2026-09-22 23:09:36.866138
127,451,4.0,2026-09-22 23:09:36.866164
127,409,4.0,2026-09-22 23:09:36.866186
127,328,4.0,2026-09-22 23:09:36.866204
127,224,4.0,2026-09-22 23:09:36.866215
127,508,4.0,2026-09-22 23:09:36.866242
127,191,3.5,2026-09-22 23:09:36.866251
127,599,2.0,2026-09-22 23:09:36.866284
127,357,2.0,2026-09-22 23:09:36.866305
127,429,4.0,2026-09-22 23:09:36.866328
127,157,4.0,2026-09-22 23:09:36.866335
127,512,2.0,2026-09-22 23:09:36.866363
127,410,3.5,2026-09-22 23:09:36.866385
127,529,4.0,2026-09-22 23:09:36.866413
127,270,2.0,2026-09-22 23:09:36.866427
127,547,3.5,2026-09-22 23:09:36.866514
127,572,4.0,2026-09-22 23:09:36.866549
128,433,4.0,2026-09-22 23:09:36.866619
128,326,3.0,2026-09-22 23:09:36.866637
128,320,3.5,2026-09-22 23:09:36.866655
128,504,4.5,2026-09-22 23:09:36.866683
128,164,3.5,2026-09-22 23:09:36.866692
128,154,4.0,2026-09-22 23:09:36.866699
128,175,3.5,2026-09-22 23:09:36.866707
128,534,4.5,2026-09-22 23:09:36.866737
128,235,3.5,2026-09-22 23:09:36.866750
128,489,3.5,2026-09-22 23:09:36.866777
128,523,5.0,2026-09-22 23:09:36.866807
128,397,2.0,2026-09-22 23:09:36.866828
128,486,3.0,2026-09-22 23:09:36.866857
128,506,4.0,2026-09-22 23:09:36.866886
128,158,3.5,2026-09-22 23:09:36.866895
128,470,2.0,2026-09-22 23:09:36.866923
128,187,3.0,2026-09-22 23:09:36.866932
128,288,3.5,2026-09-22 23:09:36.866947
128,312,3.5,2026-09-22 23:09:36.866963
128,437,3.5,2026-09-22 23:09:36.866987
128,274,3.5,2026-09-22 23:09:36.867002
128,173,3.0,2026-09-22 23:09:36.867011
128,568,3.5,2026-09-22 23:09:36.867042
128,225,4.0,2026-09-22 23:09:36.867053
128,508,5.0,2026-09-22 23:09:36.867081
128,348,4.0,2026-09-22 23:09:36.867099
128,208,3.5,2026-09-22 23:09:36.867109
128,236,3.0,2026-09-22 23:09:36.867121
128,150,3.0,2026-09-22 23:09:36.867129
128,269,3.0,2026-09-22 23:09:36.867142
128,429,3.5,2026-09-22 23:09:36.867167
128,456,4.0,2026-09-22 23:09:36.867192
128,138,3.5,2026-09-22 23:09:36.867199
128,335,3.0,2026-09-22 23:09:36.867226
128,561,2.0,2026-09-22 23:09:36.867261
129,256,4.5,2026-09-22 23:09:36.867323
129,176,3.0,2026-09-22 23:09:36.867332
129,400,4.0,2026-09-22 23:09:36.867353
129,107,4.0,2026-09-22 23:09:36.867357
129,233,2.0,2026-09-22 23:09:36.867368
129,287,5.0,2026-09-22 23:09:36.867385
129,470,2.0,2026-09-22 23:09:36.867410
129,361,3.5,2026-09-22 23:09:36.867429
129,482,3.0,2026-09-22 23:09:36.867455
129,546,3.5,2026-09-22 23:09:36.867487
129,365,3.0,2026-09-22 23:09:36.867506
129,308,3.0,2026-09-22 23:09:36.867522
129,345,3.0,2026-09-22 23:09:36.867567
129,417,3.5,2026-09-22 23:09:36.867591
129,561,2.0,2026-09-22 23:09:36.867623
129,188,3.0,2026-09-22 23:09:36.867632
129,598,3.5,2026-09-22 23:09:36.867665
129,277,4.5,2026-09-22 23:09:36.867679
129,430,4.0,2026-09-22 23:09:36.867702
129,180,2.0,2026-09-22 23:09:36.867711
129,401,3.0,2026-09-22 23:09:36.867734
129,537,3.0,2026-09-22 23:09:36.867763
129,357,3.5,2026-09-22 23:09:36.867782
129,261,5.0,2026-09-22 23:09:36.867795
129,368,2.0,2026-09-22 23:09:36.867815
129,292,4.5,2026-09-22 23:09:36.867830
129,294,5.0,2026-09-22 23:09:36.867845
129,544,2.0,2026-09-22 23:09:36.867875
129,575,3.5,2026-09-22 23:09:36.867907
129,349,2.0,2026-09-22 23:09:36.867926
129,432,3.5,2026-09-22 23:09:36.867949
129,187,2.0,2026-09-22 23:09:36.867959
129,369,2.0,2026-09-22 23:09:36.867980
130,368,3.0,2026-09-22 23:09:36.868045
130,227,3.0,2026-09-22 23:09:36.868060
130,226,4.0,2026-09-22 23:09:36.868072
130,232,4.0,2026-09-22 23:09:36.868083
130,509,2.0,2026-09-22 23:09:36.868112
130,479,5.0,2026-09-22 23:09:36.868138
130,194,2.0,2026-09-22 23:09:36.868148
130,454,4.5,2026-09-22 23:09:36.868171
130,580,2.0,2026-09-22 23:09:36.868203
130,434,3.0,2026-09-22 23:09:36.868226
130,540,4.0,2026-09-22 23:09:36.868257
130,217,2.0,2026-09-22 23:09:36.868268
130,468,4.5,2026-09-22 23:09:36.868293
130,334,2.0,2026-09-22 23:09:36.868311
130,191,4.0,2026-09-22 23:09:36.868320
130,121,3.0,2026-09-22 23:09:36.868326
130,412,2.0,2026-09-22 23:09:36.868347
130,237,3.0,2026-09-22 23:09:36.868360
130,383,4.0,2026-09-22 23:09:36.868381
130,243,3.5,2026-09-22 23:09:36.868427
130,147,2.0,2026-09-22 23:09:36.868444
130,481,5.0,2026-09-22 23:09:36.868496
130,198,4.0,2026-09-22 23:09:36.868508
130,476,4.0,2026-09-22 23:09:36.868536
130,526,4.0,2026-09-22 23:09:36.868612
130,570,3.0,2026-09-22 23:09:36.868753
130,133,4.0,2026-09-22 23:09:36.868770
130,564,2.0,2026-09-22 23:09:36.868840
130,563,3.5,2026-09-22 23:09:36.868885
130,168,4.0,2026-09-22 23:09:36.868903
130,256,3.5,2026-09-22 23:09:36.868917
130,132,4.0,2026-09-22 23:09:36.868923
130,207,3.0,2026-09-22 23:09:36.868933
131,348,3.0,2026-09-22 23:09:36.869087
131,364,4.0,2026-09-22 23:09:36.869112
131,246,4.0,2026-09-22 23:09:36.869171
131,588,3.5,2026-09-22 23:09:36.869215
131,431,2.0,2026-09-22 23:09:36.869240
131,254,4.0,2026-09-22 23:09:36.869253
131,236,3.5,2026-09-22 23:09:36.869265
131,545,3.0,2026-09-22 23:09:36.869346
131,373,4.0,2026-09-22 23:09:36.869459
131,228,2.0,2026-09-22 23:09:36.869531
131,275,3.0,2026-09-22 23:09:36.869550
131,241,3.0,2026-09-22 23:09:36.869563
131,448,3.5,2026-09-22 23:09:36.869590
131,388,5.0,2026-09-22 23:09:36.869692
131,358,4.5,2026-09-22 23:09:36.869753
131,259,3.5,2026-09-22 23:09:36.869807
131,421,4.0,2026-09-22 23:09:36.869840
131,326,2.0,2026-09-22 23:09:36.869861
131,158,3.5,2026-09-22 23:09:36.869870
131,488,3.0,2026-09-22 23:09:36.869989
131,585,3.0,2026-09-22 23:09:36.870060
131,194,3.5,2026-09-22 23:09:36.870072
131,350,3.0,2026-09-22 23:09:36.870091
131,104,3.0,2026-09-22 23:09:36.870095
131,264,4.0,2026-09-22 23:09:36.870116
131,558,3.0,2026-09-22 23:09:36.870148
131,599,3.0,2026-09-22 23:09:36.870182
131,361,5.0,2026-09-22 23:09:36.870201
131,341,3.0,2026-09-22 23:09:36.870220
131,354,4.5,2026-09-22 23:09:36.870239
131,184,4.0,2026-09-22 23:09:36.870248
132,500,4.0,2026-09-22 23:09:36.870357
132,472,2.0,2026-09-22 23:09:36.870384
132,238,4.0,2026-09-22 23:09:36.870396
132,218,3.5,2026-09-22 23:09:36.870407
132,578,5.0,2026-09-22 23:09:36.870440
132,235,3.0,2026-09-22 23:09:36.870451
132,342,4.0,2026-09-22 23:09:36.870470
132,579,4.5,2026-09-22 23:09:36.870502
132,539,2.0,2026-09-22 23:09:36.870532
132,528,3.0,2026-09-22 23:09:36.870561
132,256,3.0,2026-09-22 23:09:36.870577
132,290,3.5,2026-09-22 23:09:36.870593
132,175,3.5,2026-09-22 23:09:36.870602
132,257,3.5,2026-09-22 23:09:36.870615
132,271,2.0,2026-09-22 23:09:36.870629
132,473,3.5,2026-09-22 23:09:36.870655
132,282,4.0,2026-09-22 23:09:36.870670
132,525,4.0,2026-09-22 23:09:36.870700
132,482,3.5,2026-09-22 23:09:36.870730
132,262,3.0,2026-09-22 23:09:36.870746
132,331,3.0,2026-09-22 23:09:36.870766
132,258,4.0,2026-09-22 23:09:36.870784
132,318,3.5,2026-09-22 23:09:36.870804
132,389,2.0,2026-09-22 23:09:36.870832
132,302,2.0,2026-09-22 23:09:36.870850
132,491,3.0,2026-09-22 23:09:36.870878
132,314,3.0,2026-09-22 23:09:36.870897
132,103,3.5,2026-09-22 23:09:36.870903
133,341,2.0,2026-09-22 23:09:36.871096
133,588,3.5,2026-09-22 23:09:36.871159
133,598,4.0,2026-09-22 23:09:36.871195
133,585,3.0,2026-09-22 23:09:36.871229
133,124,3.0,2026-09-22 23:09:36.871235
133,500,5.0,2026-09-22 23:09:36.871262
133,438,3.5,2026-09-22 23:09:36.871288
133,300,3.0,2026-09-22 23:09:36.871304
133,453,5.0,2026-09-22 23:09:36.871329
133,592,2.0,2026-09-22 23:09:36.871362
133,566,4.0,2026-09-22 23:09:36.871396
133,462,4.0,2026-09-22 23:09:36.871421
133,350,3.5,2026-09-22 23:09:36.871447
133,228,3.5,2026-09-22 23:09:36.871460
133,244,3.5,2026-09-22 23:09:36.871476
133,411,2.0,2026-09-22 23:09:36.871500
133,401,3.0,2026-09-22 23:09:36.871523
133,293,2.0,2026-09-22 23:09:36.871544
133,131,3.5,2026-09-22 23:09:36.871556
133,152,3.5,2026-09-22 23:09:36.871565
133,129,4.0,2026-09-22 23:09:36.871575
133,428,3.0,2026-09-22 23:09:36.871603
133,276,3.0,2026-09-22 23:09:36.871622
133,242,3.5,2026-09-22 23:09:36.871635
133,376,4.0,2026-09-22 23:09:36.871656
133,290,3.0,2026-09-22 23:09:36.871671
133,325,4.0,2026-09-22 23:09:36.871689
133,573,3.5,2026-09-22 23:09:36.871721
133,246,3.5,2026-09-22 23:09:36.871735
133,157,3.0,2026-09-22 23:09:36.871743
133,342,3.5,2026-09-22 23:09:36.871761
133,169,3.5,2026-09-22 23:09:36.871770
133,551,2.0,2026-09-22 23:09:36.871801
134,429,3.5,2026-09-22 23:09:36.871886
134,311,4.0,2026-09-22 23:09:36.871907
134,319,3.5,2026-09-22 23:09:36.871925
134,303,3.5,2026-09-22 23:09:36.871942
134,513,2.0,2026-09-22 23:09:36.871971
134,350,2.0,2026-09-22 23:09:36.871991
134,509,2.0,2026-09-22 23:09:36.872019
134,125,2.0,2026-09-22 23:09:36.872025
134,526,3.0,2026-09-22 23:09:36.872054
134,371,2.0,2026-09-22 23:09:36.872075
134,131,4.0,2026-09-22 23:09:36.872082
134,568,3.0,2026-09-22 23:09:36.872123
134,363,2.0,2026-09-22 23:09:36.872149
134,292,4.0,2026-09-22 23:09:36.872166
134,109,3.5,2026-09-22 23:09:36.872171
134,390,4.0,2026-09-22 23:09:36.872194
134,324,4.0,2026-09-22 23:09:36.872215
134,117,3.0,2026-09-22 23:09:36.872223
135,194,4.0,2026-09-22 23:09:36.872280
135,432,2.0,2026-09-22 23:09:36.872304
135,395,4.0,2026-09-22 23:09:36.872327
135,274,3.0,2026-09-22 23:09:36.872342
135,333,3.5,2026-09-22 23:09:36.872362
135,371,4.5,2026-09-22 23:09:36.872384
135,500,3.0,2026-09-22 23:09:36.872414
135,455,3.5,2026-09-22 23:09:36.872440
135,479,3.0,2026-09-22 23:09:36.872466
135,520,3.5,2026-09-22 23:09:36.872497
135,586,4.0,2026-09-22 23:09:36.872529
135,322,3.0,2026-09-22 23:09:36.872546
135,556,3.5,2026-09-22 23:09:36.872577
135,111,3.0,2026-09-22 23:09:36.872582
135,306,3.0,2026-09-22 23:09:36.872598
135,251,3.0,2026-09-22 23:09:36.872610
135,104,3.0,2026-09-22 23:09:36.872615
136,152,3.0,2026-09-22 23:09:36.872669
136,114,3.5,2026-09-22 23:09:36.872675
136,374,3.0,2026-09-22 23:09:36.872697
136,409,4.0,2026-09-22 23:09:36.872719
136,584,3.5,2026-09-22 23:09:36.872754
136,533,3.0,2026-09-22 23:09:36.872784
136,121,3.0,2026-09-22 23:09:36.872790
136,500,3.5,2026-09-22 23:09:36.872841
136,166,2.0,2026-09-22 23:09:36.872853
136,377,3.0,2026-09-22 23:09:36.872876
136,279,4.0,2026-09-22 23:09:36.872895
136,589,2.0,2026-09-22 23:09:36.872928
136,136,4.0,2026-09-22 23:09:36.872936
136,268,2.0,2026-09-22 23:09:36.872950
136,546,4.0,2026-09-22 23:09:36.872980
136,262,3.0,2026-09-22 23:09:36.872993
136,576,4.0,2026-09-22 23:09:36.873026
136,218,2.0,2026-09-22 23:09:36.873037
136,437,4.0,2026-09-22 23:09:36.873061
136,207,4.0,2026-09-22 23:09:36.873071
137,206,3.5,2026-09-22 23:09:36.873133
137,495,3.5,2026-09-22 23:09:36.873162
137,295,4.0,2026-09-22 23:09:36.873178
137,403,4.0,2026-09-22 23:09:36.873199
137,518,3.0,2026-09-22 23:09:36.873229
137,164,2.0,2026-09-22 23:09:36.873237
137,148,3.5,2026-09-22 23:09:36.873244
137,597,4.0,2026-09-22 23:09:36.873277
137,190,3.5,2026-09-22 23:09:36.873286
137,360,2.0,2026-09-22 23:09:36.873305
137,568,4.0,2026-09-22 23:09:36.873337
137,397,2.0,2026-09-22 23:09:36.873358
137,471,2.0,2026-09-22 23:09:36.873383
137,365,4.0,2026-09-22 23:09:36.873402
137,163,4.0,2026-09-22 23:09:36.873410
137,184,4.0,2026-09-22 23:09:36.873419
137,488,2.0,2026-09-22 23:09:36.873446
137,208,3.5,2026-09-22 23:09:36.873456
137,162,3.5,2026-09-22 23:09:36.873466
137,582,3.5,2026-09-22 23:09:36.873500
137,351,2.0,2026-09-22 23:09:36.873519
138,254,3.0,2026-09-22 23:09:36.873582
138,218,3.5,2026-09-22 23:09:36.873593
138,460,3.5,2026-09-22 23:09:36.873619
138,144,4.0,2026-09-22 23:09:36.873626
138,434,4.0,2026-09-22 23:09:36.873650
138,430,4.5,2026-09-22 23:09:36.873673
138,515,3.0,2026-09-22 23:09:36.873701
138,300,3.0,2026-09-22 23:09:36.873716
138,549,3.0,2026-09-22 23:09:36.873747
138,342,3.0,2026-09-22 23:09:36.873767
138,109,3.5,2026-09-22 23:09:36.873772
138,588,2.0,2026-09-22 23:09:36.873805
138,594,3.0,2026-09-22 23:09:36.873837
138,241,2.0,2026-09-22 23:09:36.873849
138,474,4.0,2026-09-22 23:09:36.873875
138,432,4.0,2026-09-22 23:09:36.873898
138,560,3.5,2026-09-22 23:09:36.873929
138,266,4.0,2026-09-22 23:09:36.873942
138,124,3.5,2026-09-22 23:09:36.873948
138,173,3.5,2026-09-22 23:09:36.873956
138,534,3.5,2026-09-22 23:09:36.873987
138,228,2.0,2026-09-22 23:09:36.873998
138,191,2.0,2026-09-22 23:09:36.874008
138,390,3.5,2026-09-22 23:09:36.874029
138,105,2.0,2026-09-22 23:09:36.874033
138,166,4.0,2026-09-22 23:09:36.874041
138,366,2.0,2026-09-22 23:09:36.874063
138,180,3.0,2026-09-22 23:09:36.874072
138,172,4.0,2026-09-22 23:09:36.874081
138,456,2.0,2026-09-22 23:09:36.874111
138,341,4.0,2026-09-22 23:09:36.874138
138,491,3.0,2026-09-22 23:09:36.874166
138,120,3.0,2026-09-22 23:09:36.874173
138,132,2.0,2026-09-22 23:09:36.874179
138,406,4.0,2026-09-22 23:09:36.874201
139,148,3.0,2026-09-22 23:09:36.874275
139,315,3.5,2026-09-22 23:09:36.874294
139,134,3.5,2026-09-22 23:09:36.874301
139,158,2.0,2026-09-22 23:09:36.874308
139,596,4.0,2026-09-22 23:09:36.874340
139,344,4.0,2026-09-22 23:09:36.874358
139,338,3.0,2026-09-22 23:09:36.874377
139,313,3.0,2026-09-22 23:09:36.874393
139,539,3.0,2026-09-22 23:09:36.874421
139,560,3.0,2026-09-22 23:09:36.874451
139,375,4.0,2026-09-22 23:09:36.874471
139,326,3.0,2026-09-22 23:09:36.874488
139,169,2.0,2026-09-22 23:09:36.874495
139,409,2.0,2026-09-22 23:09:36.874516
139,515,4.0,2026-09-22 23:09:36.874544
139,427,3.5,2026-09-22 23:09:36.874567
139,101,2.0,2026-09-22 23:09:36.874571
139,260,3.0,2026-09-22 23:09:36.874584
139,341,3.0,2026-09-22 23:09:36.874603
139,561,3.5,2026-09-22 23:09:36.874636
139,563,3.0,2026-09-22 23:09:36.874668
139,232,3.5,2026-09-22 23:09:36.874680
140,443,2.0,2026-09-22 23:09:36.874752
140,403,3.0,2026-09-22 23:09:36.874774
140,367,5.0,2026-09-22 23:09:36.874795
140,365,4.0,2026-09-22 23:09:36.874833
140,396,4.0,2026-09-22 23:09:36.874857
140,553,3.0,2026-09-22 23:09:36.874887
140,237,4.0,2026-09-22 23:09:36.874998
140,490,3.5,2026-09-22 23:09:36.875046
140,561,2.0,2026-09-22 23:09:36.875079
140,168,4.0,2026-09-22 23:09:36.875088
140,268,4.0,2026-09-22 23:09:36.875102
140,317,3.5,2026-09-22 23:09:36.875119
140,292,3.0,2026-09-22 23:09:36.875134
140,439,4.0,2026-09-22 23:09:36.875159
140,175,4.0,2026-09-22 23:09:36.875167
140,397,4.0,2026-09-22 23:09:36.875189
140,478,4.0,2026-09-22 23:09:36.875215
140,579,3.5,2026-09-22 23:09:36.875248
140,536,4.0,2026-09-22 23:09:36.875279
140,118,2.0,2026-09-22 23:09:36.875284
140,483,3.5,2026-09-22 23:09:36.875311
140,564,3.5,2026-09-22 23:09:36.875343
140,510,3.5,2026-09-22 23:09:36.875371
140,298,3.0,2026-09-22 23:09:36.875387
140,424,3.5,2026-09-22 23:09:36.875409
140,125,3.5,2026-09-22 23:09:36.875418
140,507,4.0,2026-09-22 23:09:36.875446
140,202,4.0,2026-09-22 23:09:36.875457
140,194,2.0,2026-09-22 23:09:36.875466
141,235,3.0,2026-09-22 23:09:36.875558
141,133,4.0,2026-09-22 23:09:36.875564
141,501,3.0,2026-09-22 23:09:36.875593
141,288,3.0,2026-09-22 23:09:36.875608
141,319,3.0,2026-09-22 23:09:36.875625
141,429,2.0,2026-09-22 23:09:36.875648
141,114,3.0,2026-09-22 23:09:36.875653
141,594,3.5,2026-09-22 23:09:36.875685
141,379,5.0,2026-09-22 23:09:36.875707
141,165,3.0,2026-09-22 23:09:36.875718
141,149,2.0,2026-09-22 23:09:36.875725
141,217,3.5,2026-09-22 23:09:36.875736
141,600,3.0,2026-09-22 23:09:36.875771
141,335,3.0,2026-09-22 23:09:36.875791
141,525,3.5,2026-09-22 23:09:36.875821
141,157,3.0,2026-09-22 23:09:36.875829
141,162,2.0,2026-09-22 23:09:36.875837
141,382,5.0,2026-09-22 23:09:36.875857
141,465,3.0,2026-09-22 23:09:36.875883
141,252,3.0,2026-09-22 23:09:36.875896
141,548,3.0,2026-09-22 23:09:36.875928
141,278,4.0,2026-09-22 23:09:36.875943
141,258,3.0,2026-09-22 23:09:36.875957
141,332,3.5,2026-09-22 23:09:36.875975
141,324,2.0,2026-09-22 23:09:36.875995
141,384,4.5,2026-09-22 23:09:36.876016
141,582,3.5,2026-09-22 23:09:36.876049
141,143,4.0,2026-09-22 23:09:36.876056
141,595,4.0,2026-09-22 23:09:36.876089
141,544,4.0,2026-09-22 23:09:36.876119
141,598,4.0,2026-09-22 23:09:36.876153
142,470,4.0,2026-09-22 23:09:36.876224
142,581,3.0,2026-09-22 23:09:36.876259
142,254,3.0,2026-09-22 23:09:36.876273
142,101,4.0,2026-09-22 23:09:36.876278
142,139,3.0,2026-09-22 23:09:36.876285
142,229,3.0,2026-09-22 23:09:36.876298
142,463,4.0,2026-09-22 23:09:36.876324
142,385,4.0,2026-09-22 23:09:36.876346
142,443,4.0,2026-09-22 23:09:36.876371
142,260,4.0,2026-09-22 23:09:36.876385
142,207,3.0,2026-09-22 23:09:36.876399
142,573,3.0,2026-09-22 23:09:36.876432
142,476,3.5,2026-09-22 23:09:36.876460
142,414,2.0,2026-09-22 23:09:36.876483
142,405,3.0,2026-09-22 23:09:36.876524
142,592,3.5,2026-09-22 23:09:36.876561
142,135,3.0,2026-09-22 23:09:36.876568
142,131,4.0,2026-09-22 23:09:36.876574
142,487,2.0,2026-09-22 23:09:36.876600
143,206,4.0,2026-09-22 23:09:36.876654
143,328,3.5,2026-09-22 23:09:36.876673
143,173,2.0,2026-09-22 23:09:36.876683
143,445,4.0,2026-09-22 23:09:36.876711
143,242,3.0,2026-09-22 23:09:36.876725
143,490,2.0,2026-09-22 23:09:36.876753
143,268,3.5,2026-09-22 23:09:36.876769
143,106,3.5,2026-09-22 23:09:36.876773
143,427,2.0,2026-09-22 23:09:36.876797
143,161,4.0,2026-09-22 23:09:36.876805
143,367,3.5,2026-09-22 23:09:36.876825
143,260,2.0,2026-09-22 23:09:36.876839
143,369,4.0,2026-09-22 23:09:36.876859
143,153,4.0,2026-09-22 23:09:36.876867
143,496,3.0,2026-09-22 23:09:36.876894
143,422,4.0,2026-09-22 23:09:36.876918
143,407,3.5,2026-09-22 23:09:36.876940
143,342,3.0,2026-09-22 23:09:36.876958
143,219,2.0,2026-09-22 23:09:36.876969
144,592,4.0,2026-09-22 23:09:36.877051
144,407,3.0,2026-09-22 23:09:36.877073
144,543,4.0,2026-09-22 23:09:36.877103
144,286,3.0,2026-09-22 23:09:36.877121
144,224,4.0,2026-09-22 23:09:36.877135
144,546,3.5,2026-09-22 23:09:36.877167
144,536,2.0,2026-09-22 23:09:36.877197
144,441,4.0,2026-09-22 23:09:36.877222
144,354,4.0,2026-09-22 23:09:36.877242
144,529,4.0,2026-09-22 23:09:36.877273
144,460,2.0,2026-09-22 23:09:36.877300
144,594,2.0,2026-09-22 23:09:36.877333
144,322,2.0,2026-09-22 23:09:36.877353
144,316,2.0,2026-09-22 23:09:36.877369
144,130,2.0,2026-09-22 23:09:36.877374
144,427,3.0,2026-09-22 23:09:36.877398
144,154,4.5,2026-09-22 23:09:36.877405
144,495,4.0,2026-09-22 23:09:36.877432
144,244,4.0,2026-09-22 23:09:36.877444
144,532,2.0,2026-09-22 23:09:36.877473
144,471,3.5,2026-09-22 23:09:36.877497
144,476,4.0,2026-09-22 23:09:36.877523
144,242,4.0,2026-09-22 23:09:36.877534
144,564,2.0,2026-09-22 23:09:36.877566
144,229,4.0,2026-09-22 23:09:36.877577
144,428,4.0,2026-09-22 23:09:36.877601
144,361,2.0,2026-09-22 23:09:36.877620
144,269,3.0,2026-09-22 23:09:36.877634
144,315,3.0,2026-09-22 23:09:36.877650
144,442,2.0,2026-09-22 23:09:36.877675
144,283,3.5,2026-09-22 23:09:36.877689
144,143,2.0,2026-09-22 23:09:36.877696
144,107,3.5,2026-09-22 23:09:36.877700
144,152,4.5,2026-09-22 23:09:36.877707
145,535,3.5,2026-09-22 23:09:36.877782
145,557,4.0,2026-09-22 23:09:36.877815
145,230,3.5,2026-09-22 23:09:36.877827
145,284,3.0,2026-09-22 23:09:36.877842
145,520,4.0,2026-09-22 23:09:36.877870
145,450,2.0,2026-09-22 23:09:36.877894
145,277,3.5,2026-09-22 23:09:36.877911
145,281,3.5,2026-09-22 23:09:36.877925
145,599,3.0,2026-09-22 23:09:36.877960
145,595,3.5,2026-09-22 23:09:36.877993
145,228,3.5,2026-09-22 23:09:36.878004
145,242,2.0,2026-09-22 23:09:36.878016
145,329,2.0,2026-09-22 23:09:36.878033
145,502,4.0,2026-09-22 23:09:36.878061
145,125,4.5,2026-09-22 23:09:36.878066
145,267,4.0,2026-09-22 23:09:36.878080
145,335,3.0,2026-09-22 23:09:36.878098
145,458,4.0,2026-09-22 23:09:36.878123
145,426,3.0,2026-09-22 23:09:36.878146
145,235,3.5,2026-09-22 23:09:36.878158
145,494,4.0,2026-09-22 23:09:36.878184
145,507,3.5,2026-09-22 23:09:36.878211
145,183,3.5,2026-09-22 23:09:36.878220
145,208,4.0,2026-09-22 23:09:36.878230
145,386,3.5,2026-09-22 23:09:36.878251
145,495,3.0,2026-09-22 23:09:36.878277
145,543,3.0,2026-09-22 23:09:36.878306
145,381,3.5,2026-09-22 23:09:36.878326
145,432,2.0,2026-09-22 23:09:36.878349
146,398,4.0,2026-09-22 23:09:36.878410
146,259,3.5,2026-09-22 23:09:36.878424
146,566,3.0,2026-09-22 23:09:36.878455
146,360,3.5,2026-09-22 23:09:36.878475
146,459,3.5,2026-09-22 23:09:36.878515
146,429,4.0,2026-09-22 23:09:36.878544
146,387,3.0,2026-09-22 23:09:36.878564
146,252,4.0,2026-09-22 23:09:36.878577
146,488,2.0,2026-09-22 23:09:36.878604
146,376,3.5,2026-09-22 23:09:36.878625
146,192,5.0,2026-09-22 23:09:36.878634
146,304,2.0,2026-09-22 23:09:36.878650
146,417,3.5,2026-09-22 23:09:36.878673
146,457,3.0,2026-09-22 23:09:36.878697
146,139,4.0,2026-09-22 23:09:36.878704
146,202,2.0,2026-09-22 23:09:36.878714
146,148,3.0,2026-09-22 23:09:36.878720
146,147,3.0,2026-09-22 23:09:36.878727
146,465,3.5,2026-09-22 23:09:36.878752
146,407,2.0,2026-09-22 23:09:36.878774
146,569,4.0,2026-09-22 23:09:36.878805
147,226,3.0,2026-09-22 23:09:36.878857
147,549,4.0,2026-09-22 23:09:36.878888
147,216,3.0,2026-09-22 23:09:36.878898
147,326,4.0,2026-09-22 23:09:36.878916
147,432,4.0,2026-09-22 23:09:36.878941
147,516,3.5,2026-09-22 23:09:36.878969
147,211,3.5,2026-09-22 23:09:36.878980
147,175,3.5,2026-09-22 23:09:36.878989
147,107,4.0,2026-09-22 23:09:36.878994
147,252,4.5,2026-09-22 23:09:36.879006
147,225,3.5,2026-09-22 23:09:36.879017
147,594,3.0,2026-09-22 23:09:36.879049
147,111,3.5,2026-09-22 23:09:36.879054
147,540,3.5,2026-09-22 23:09:36.879086
147,414,2.0,2026-09-22 23:09:36.879109
147,348,3.0,2026-09-22 23:09:36.879129
147,530,3.5,2026-09-22 23:09:36.879158
147,325,3.0,2026-09-22 23:09:36.879175
147,313,3.0,2026-09-22 23:09:36.879192
147,385,2.0,2026-09-22 23:09:36.879212
147,383,4.0,2026-09-22 23:09:36.879232
147,391,3.5,2026-09-22 23:09:36.879253
148,217,3.0,2026-09-22 23:09:36.879307
148,469,2.0,2026-09-22 23:09:36.879333
148,279,3.5,2026-09-22 23:09:36.879348
148,468,2.0,2026-09-22 23:09:36.879372
148,460,3.5,2026-09-22 23:09:36.879396
148,431,3.5,2026-09-22 23:09:36.879419
148,600,2.0,2026-09-22 23:09:36.879452
148,384,4.0,2026-09-22 23:09:36.879472
148,521,4.0,2026-09-22 23:09:36.879500
148,215,3.0,2026-09-22 23:09:36.879512
148,339,4.0,2026-09-22 23:09:36.879529
148,238,3.0,2026-09-22 23:09:36.879541
148,395,4.0,2026-09-22 23:09:36.879562
148,529,3.5,2026-09-22 23:09:36.879590
148,128,3.5,2026-09-22 23:09:36.879596
148,336,3.5,2026-09-22 23:09:36.879613
148,417,3.0,2026-09-22 23:09:36.879635
148,325,4.0,2026-09-22 23:09:36.879652
148,355,3.0,2026-09-22 23:09:36.879670
148,403,3.5,2026-09-22 23:09:36.879695
148,324,2.0,2026-09-22 23:09:36.879713
148,134,2.0,2026-09-22 23:09:36.879719
148,589,3.5,2026-09-22 23:09:36.879752
148,188,5.0,2026-09-22 23:09:36.879761
148,112,2.0,2026-09-22 23:09:36.879769
148,387,2.0,2026-09-22 23:09:36.879791
148,330,2.0,2026-09-22 23:09:36.879809
148,433,4.0,2026-09-22 23:09:36.879833
148,130,3.0,2026-09-22 23:09:36.879839
148,559,3.0,2026-09-22 23:09:36.879870
148,278,3.0,2026-09-22 23:09:36.879884
148,345,3.0,2026-09-22 23:09:36.879902
148,545,3.0,2026-09-22 23:09:36.879932
148,462,2.0,2026-09-22 23:09:36.879956
149,270,3.0,2026-09-22 23:09:36.880007
149,146,2.0,2026-09-22 23:09:36.880014
149,149,3.5,2026-09-22 23:09:36.880020
149,585,3.5,2026-09-22 23:09:36.880052
149,307,3.0,2026-09-22 23:09:36.880068
149,394,4.0,2026-09-22 23:09:36.880089
149,459,4.5,2026-09-22 23:09:36.880114
149,586,4.0,2026-09-22 23:09:36.880146
149,451,4.0,2026-09-22 23:09:36.880171
149,299,3.0,2026-09-22 23:09:36.880187
149,513,3.5,2026-09-22 23:09:36.880215
149,309,4.0,2026-09-22 23:09:36.880231
149,296,3.0,2026-09-22 23:09:36.880248
149,457,4.0,2026-09-22 23:09:36.880273
149,343,3.5,2026-09-22 23:09:36.880291
149,171,2.0,2026-09-22 23:09:36.880299
149,534,3.5,2026-09-22 23:09:36.880328
149,276,4.0,2026-09-22 23:09:36.880342
150,232,4.0,2026-09-22 23:09:36.880395
150,111,3.0,2026-09-22 23:09:36.880401
150,551,3.0,2026-09-22 23:09:36.880430
150,411,3.5,2026-09-22 23:09:36.880453
150,132,2.0,2026-09-22 23:09:36.880461
150,386,3.0,2026-09-22 23:09:36.880482
150,131,3.5,2026-09-22 23:09:36.880488
150,450,3.0,2026-09-22 23:09:36.880522
150,292,4.0,2026-09-22 23:09:36.880541
150,149,3.0,2026-09-22 23:09:36.880548
150,187,5.0,2026-09-22 23:09:36.880558
150,101,3.0,2026-09-22 23:09:36.880562
150,594,4.0,2026-09-22 23:09:36.880595
150,371,2.0,2026-09-22 23:09:36.880616
150,107,2.0,2026-09-22 23:09:36.880620
150,103,2.0,2026-09-22 23:09:36.880625
150,268,3.5,2026-09-22 23:09:36.880640
150,297,3.5,2026-09-22 23:09:36.880655
150,257,2.0,2026-09-22 23:09:36.880669
150,115,3.5,2026-09-22 23:09:36.880674
150,510,3.0,2026-09-22 23:09:36.880702
150,564,3.0,2026-09-22 23:09:36.880733
150,391,2.0,2026-09-22 23:09:36.880754
150,389,4.0,2026-09-22 23:09:36.880778
150,540,3.0,2026-09-22 23:09:36.880808
150,136,3.0,2026-09-22 23:09:36.880814
150,590,3.5,2026-09-22 23:09:36.880847
150,189,4.5,2026-09-22 23:09:36.880856
150,197,5.0,2026-09-22 23:09:36.880866
150,426,4.0,2026-09-22 23:09:36.880889
150,418,4.0,2026-09-22 23:09:36.880912
151,134,3.5,2026-09-22 23:09:36.880963
151,274,4.0,2026-09-22 23:09:36.880978
151,227,3.0,2026-09-22 23:09:36.880990
151,288,3.5,2026-09-22 23:09:36.881004
151,173,4.5,2026-09-22 23:09:36.881012
151,223,3.0,2026-09-22 23:09:36.881027
151,592,4.0,2026-09-22 23:09:36.881059
151,519,3.0,2026-09-22 23:09:36.881088
151,352,3.5,2026-09-22 23:09:36.881107
151,197,5.0,2026-09-22 23:09:36.881116
151,507,4.0,2026-09-22 23:09:36.881144
151,307,4.0,2026-09-22 23:09:36.881160
151,122,4.0,2026-09-22 23:09:36.881165
151,284,4.0,2026-09-22 23:09:36.881180
151,131,2.0,2026-09-22 23:09:36.881186
151,570,4.0,2026-09-22 23:09:36.881217
151,572,2.0,2026-09-22 23:09:36.881248
151,346,4.0,2026-09-22 23:09:36.881267
151,516,2.0,2026-09-22 23:09:36.881294
151,532,3.5,2026-09-22 23:09:36.881322
151,566,4.0,2026-09-22 23:09:36.881353
151,438,4.0,2026-09-22 23:09:36.881380
151,463,3.5,2026-09-22 23:09:36.881404
151,487,4.0,2026-09-22 23:09:36.881430
151,530,3.5,2026-09-22 23:09:36.881459
151,403,2.0,2026-09-22 23:09:36.881482
151,151,5.0,2026-09-22 23:09:36.881489
151,535,2.0,2026-09-22 23:09:36.881518
151,367,3.0,2026-09-22 23:09:36.881537
151,147,2.0,2026-09-22 23:09:36.881544
151,440,3.5,2026-09-22 23:09:36.881568
151,436,3.0,2026-09-22 23:09:36.881592
152,374,5.0,2026-09-22 23:09:36.881648
152,115,3.0,2026-09-22 23:09:36.881654
152,125,3.5,2026-09-22 23:09:36.881659
152,595,2.0,2026-09-22 23:09:36.881693
152,256,3.0,2026-09-22 23:09:36.881708
152,298,2.0,2026-09-22 23:09:36.881723
152,197,4.0,2026-09-22 23:09:36.881733
152,281,3.0,2026-09-22 23:09:36.881747
152,594,3.0,2026-09-22 23:09:36.881779
152,376,5.0,2026-09-22 23:09:36.881799
152,127,3.5,2026-09-22 23:09:36.881805
152,522,2.0,2026-09-22 23:09:36.881834
152,523,3.0,2026-09-22 23:09:36.881862
152,451,4.0,2026-09-22 23:09:36.881887
152,548,3.0,2026-09-22 23:09:36.881916
152,323,2.0,2026-09-22 23:09:36.881934
153,206,3.5,2026-09-22 23:09:36.881984
153,561,4.0,2026-09-22 23:09:36.882018
153,453,3.5,2026-09-22 23:09:36.882044
153,160,3.0,2026-09-22 23:09:36.882051
153,574,3.5,2026-09-22 23:09:36.882084
153,249,4.0,2026-09-22 23:09:36.882097
153,103,5.0,2026-09-22 23:09:36.882100
153,564,2.0,2026-09-22 23:09:36.882132
153,224,4.0,2026-09-22 23:09:36.882143
153,438,4.0,2026-09-22 23:09:36.882166
153,517,4.0,2026-09-22 23:09:36.882195
153,569,3.5,2026-09-22 23:09:36.882227
153,526,3.0,2026-09-22 23:09:36.882256
153,270,4.0,2026-09-22 23:09:36.882270
153,191,3.5,2026-09-22 23:09:36.882280
153,300,2.0,2026-09-22 23:09:36.882296
153,524,4.0,2026-09-22 23:09:36.882326
153,217,2.0,2026-09-22 23:09:36.882336
153,291,4.0,2026-09-22 23:09:36.882351
153,570,3.0,2026-09-22 23:09:36.882383
153,529,3.0,2026-09-22 23:09:36.882412
153,306,2.0,2026-09-22 23:09:36.882432
153,123,5.0,2026-09-22 23:09:36.882438
153,180,2.0,2026-09-22 23:09:36.882446
153,173,2.0,2026-09-22 23:09:36.882454
153,407,3.0,2026-09-22 23:09:36.882476
153,227,4.0,2026-09-22 23:09:36.882487
154,375,4.0,2026-09-22 23:09:36.882557
154,268,3.0,2026-09-22 23:09:36.882574
154,186,4.0,2026-09-22 23:09:36.882585
154,584,4.0,2026-09-22 23:09:36.882617
154,479,3.0,2026-09-22 23:09:36.882642
154,232,3.0,2026-09-22 23:09:36.882654
154,590,2.0,2026-09-22 23:09:36.882686
154,449,4.0,2026-09-22 23:09:36.882710
154,467,4.0,2026-09-22 23:09:36.882735
154,577,2.0,2026-09-22 23:09:36.882766
154,456,2.0,2026-09-22 23:09:36.882791
154,304,3.0,2026-09-22 23:09:36.882806
154,246,2.0,2026-09-22 23:09:36.882818
154,247,4.0,2026-09-22 23:09:36.882830
154,539,3.0,2026-09-22 23:09:36.882859
154,392,2.0,2026-09-22 23:09:36.882880
154,234,2.0,2026-09-22 23:09:36.882891
154,156,4.0,2026-09-22 23:09:36.882898
154,490,4.0,2026-09-22 23:09:36.882925
154,162,5.0,2026-09-22 23:09:36.882932
155,479,2.0,2026-09-22 23:09:36.883000
155,174,4.0,2026-09-22 23:09:36.883008
155,327,4.0,2026-09-22 23:09:36.883025
155,406,3.0,2026-09-22 23:09:36.883047
155,494,3.5,2026-09-22 23:09:36.883074
155,122,2.0,2026-09-22 23:09:36.883081
155,440,3.0,2026-09-22 23:09:36.883105
155,579,3.0,2026-09-22 23:09:36.883204
155,358,5.0,2026-09-22 23:09:36.883229
155,493,3.0,2026-09-22 23:09:36.883257
155,599,3.5,2026-09-22 23:09:36.883295
155,197,4.0,2026-09-22 23:09:36.883306
155,208,2.0,2026-09-22 23:09:36.883317
155,472,4.0,2026-09-22 23:09:36.883344
155,263,2.0,2026-09-22 23:09:36.883358
155,123,3.0,2026-09-22 23:09:36.883364
155,392,5.0,2026-09-22 23:09:36.883386
155,108,3.5,2026-09-22 23:09:36.883391
155,586,3.0,2026-09-22 23:09:36.883427
155,179,3.0,2026-09-22 23:09:36.883437
155,275,3.5,2026-09-22 23:09:36.883452
155,541,2.0,2026-09-22 23:09:36.883484
155,587,2.0,2026-09-22 23:09:36.883520
155,229,2.0,2026-09-22 23:09:36.883532
155,572,4.0,2026-09-22 23:09:36.883565
155,190,2.0,2026-09-22 23:09:36.883574
155,280,3.0,2026-09-22 23:09:36.883590
155,337,3.5,2026-09-22 23:09:36.883609
155,203,3.5,2026-09-22 23:09:36.883619
156,562,2.0,2026-09-22 23:09:36.883696
156,154,2.0,2026-09-22 23:09:36.883705
156,451,4.0,2026-09-22 23:09:36.883730
156,220,4.0,2026-09-22 23:09:36.883741
156,104,4.5,2026-09-22 23:09:36.883745
156,296,4.0,2026-09-22 23:09:36.883761
156,102,4.5,2026-09-22 23:09:36.883766
156,389,3.0,2026-09-22 23:09:36.883787
156,130,5.0,2026-09-22 23:09:36.883795
156,517,4.0,2026-09-22 23:09:36.883828
156,299,3.5,2026-09-22 23:09:36.883847
156,494,3.5,2026-09-22 23:09:36.883874
156,391,4.0,2026-09-22 23:09:36.883896
156,162,4.0,2026-09-22 23:09:36.883904
156,539,3.0,2026-09-22 23:09:36.883934
156,215,4.0,2026-09-22 23:09:36.883945
156,491,3.5,2026-09-22 23:09:36.883972
156,422,3.0,2026-09-22 23:09:36.883995
156,119,4.0,2026-09-22 23:09:36.884001
157,475,4.0,2026-09-22 23:09:36.884074
157,190,4.0,2026-09-22 23:09:36.884084
157,594,4.0,2026-09-22 23:09:36.884118
157,596,4.0,2026-09-22 23:09:36.884150
157,299,3.5,2026-09-22 23:09:36.884165
157,232,3.5,2026-09-22 23:09:36.884176
157,552,3.5,2026-09-22 23:09:36.884205
157,183,4.0,2026-09-22 23:09:36.884214
157,289,3.0,2026-09-22 23:09:36.884229
157,479,3.0,2026-09-22 23:09:36.884255
157,111,3.0,2026-09-22 23:09:36.884260
157,322,4.0,2026-09-22 23:09:36.884277
157,513,3.0,2026-09-22 23:09:36.884305
157,254,3.0,2026-09-22 23:09:36.884317
157,174,3.5,2026-09-22 23:09:36.884326
157,122,4.0,2026-09-22 23:09:36.884331
157,336,5.0,2026-09-22 23:09:36.884349
157,311,4.5,2026-09-22 23:09:36.884366
157,464,3.5,2026-09-22 23:09:36.884391
157,551,3.5,2026-09-22 23:09:36.884424
157,378,3.0,2026-09-22 23:09:36.884443
157,537,4.0,2026-09-22 23:09:36.884474
157,217,3.0,2026-09-22 23:09:36.884485
157,306,4.5,2026-09-22 23:09:36.884501
157,165,2.0,2026-09-22 23:09:36.884509
157,531,4.0,2026-09-22 23:09:36.884549
157,421,3.5,2026-09-22 23:09:36.884575
157,281,4.0,2026-09-22 23:09:36.884590
157,207,2.0,2026-09-22 23:09:36.884600
157,583,3.0,2026-09-22 23:09:36.884631
157,308,4.0,2026-09-22 23:09:36.884647
157,316,4.5,2026-09-22 23:09:36.884663
157,553,3.0,2026-09-22 23:09:36.884693
157,314,5.0,2026-09-22 23:09:36.884709
157,476,4.0,2026-09-22 23:09:36.884734
158,193,3.0,2026-09-22 23:09:36.884786
158,583,4.0,2026-09-22 23:09:36.884819
158,327,3.5,2026-09-22 23:09:36.884837
158,113,2.0,2026-09-22 23:09:36.884843
158,456,2.0,2026-09-22 23:09:36.884868
158,206,2.0,2026-09-22 23:09:36.884878
158,298,2.0,2026-09-22 23:09:36.884893
158,391,2.0,2026-09-22 23:09:36.884914
158,442,2.0,2026-09-22 23:09:36.884937
158,189,2.0,2026-09-22 23:09:36.884946
158,240,3.5,2026-09-22 23:09:36.884958
158,482,2.0,2026-09-22 23:09:36.884984
158,449,3.5,2026-09-22 23:09:36.885011
158,389,3.5,2026-09-22 23:09:36.885031
158,494,3.0,2026-09-22 23:09:36.885058
158,180,3.0,2026-09-22 23:09:36.885067
158,429,3.0,2026-09-22 23:09:36.885089
158,306,3.5,2026-09-22 23:09:36.885105
158,395,2.0,2026-09-22 23:09:36.885130
158,501,4.5,2026-09-22 23:09:36.885157
158,511,5.0,2026-09-22 23:09:36.885185
158,202,3.5,2026-09-22 23:09:36.885195
158,178,4.0,2026-09-22 23:09:36.885204
158,311,4.0,2026-09-22 23:09:36.885220
158,263,3.5,2026-09-22 23:09:36.885234
158,340,3.0,2026-09-22 23:09:36.885252
158,226,3.5,2026-09-22 23:09:36.885263
158,545,4.5,2026-09-22 23:09:36.885295
159,182,4.5,2026-09-22 23:09:36.885346
159,562,4.0,2026-09-22 23:09:36.885378
159,551,4.0,2026-09-22 23:09:36.885408
159,178,4.5,2026-09-22 23:09:36.885416
159,184,4.0,2026-09-22 23:09:36.885425
159,313,2.0,2026-09-22 23:09:36.885442
159,161,5.0,2026-09-22 23:09:36.885449
159,373,3.5,2026-09-22 23:09:36.885470
159,567,4.0,2026-09-22 23:09:36.885501
159,417,3.0,2026-09-22 23:09:36.885524
159,310,4.0,2026-09-22 23:09:36.885541
159,388,2.0,2026-09-22 23:09:36.885562
159,383,4.0,2026-09-22 23:09:36.885584
159,422,3.5,2026-09-22 23:09:36.885607
159,341,3.5,2026-09-22 23:09:36.885625
159,459,2.0,2026-09-22 23:09:36.885651
159,244,3.5,2026-09-22 23:09:36.885663
159,454,2.0,2026-09-22 23:09:36.885687
159,535,3.0,2026-09-22 23:09:36.885717
159,563,3.0,2026-09-22 23:09:36.885748
159,228,3.5,2026-09-22 23:09:36.885759
159,600,4.0,2026-09-22 23:09:36.885794
159,159,4.0,2026-09-22 23:09:36.885801
159,440,2.0,2026-09-22 23:09:36.885825
159,585,3.0,2026-09-22 23:09:36.885858
159,176,5.0,2026-09-22 23:09:36.885866
159,566,3.5,2026-09-22 23:09:36.885897
159,328,3.5,2026-09-22 23:09:36.885913
159,150,2.0,2026-09-22 23:09:36.885921
159,487,3.5,2026-09-22 23:09:36.885947
159,121,4.0,2026-09-22 23:09:36.885953
159,170,4.0,2026-09-22 23:09:36.885961
160,314,3.5,2026-09-22 23:09:36.886020
160,187,2.0,2026-09-22 23:09:36.886029
160,287,3.0,2026-09-22 23:09:36.886043
160,536,2.0,2026-09-22 23:09:36.886073
160,230,2.0,2026-09-22 23:09:36.886084
160,199,3.5,2026-09-22 23:09:36.886094
160,363,4.0,2026-09-22 23:09:36.886112
160,244,3.0,2026-09-22 23:09:36.886124
160,367,4.0,2026-09-22 23:09:36.886144
160,563,4.5,2026-09-22 23:09:36.886177
160,569,4.5,2026-09-22 23:09:36.886208
160,113,2.0,2026-09-22 23:09:36.886213
160,351,3.5,2026-09-22 23:09:36.886231
160,264,4.0,2026-09-22 23:09:36.886245
160,564,4.5,2026-09-22 23:09:36.886275
160,186,3.5,2026-09-22 23:09:36.886284
160,127,4.0,2026-09-22 23:09:36.886290
160,433,4.0,2026-09-22 23:09:36.886313
160,223,3.5,2026-09-22 23:09:36.886324
160,459,3.0,2026-09-22 23:09:36.886348
160,257,3.5,2026-09-22 23:09:36.886361
160,235,3.5,2026-09-22 23:09:36.886375
160,330,3.0,2026-09-22 23:09:36.886394
160,322,4.0,2026-09-22 23:09:36.886411
160,273,3.5,2026-09-22 23:09:36.886425
160,121,3.5,2026-09-22 23:09:36.886430
160,240,2.0,2026-09-22 23:09:36.886442
160,484,4.0,2026-09-22 23:09:36.886468
160,489,2.0,2026-09-22 23:09:36.886494
160,437,3.5,2026-09-22 23:09:36.886518
160,335,2.0,2026-09-22 23:09:36.886546
160,438,2.0,2026-09-22 23:09:36.886572
160,142,3.0,2026-09-22 23:09:36.886579
161,139,4.0,2026-09-22 23:09:36.886626
161,191,5.0,2026-09-22 23:09:36.886636
161,292,3.5,2026-09-22 23:09:36.886651
161,134,2.0,2026-09-22 23:09:36.886657
161,179,5.0,2026-09-22 23:09:36.886667
161,393,2.0,2026-09-22 23:09:36.886689
161,511,2.0,2026-09-22 23:09:36.886716
161,222,3.0,2026-09-22 23:09:36.886727
161,499,3.0,2026-09-22 23:09:36.886754
161,145,2.0,2026-09-22 23:09:36.886761
161,543,3.0,2026-09-22 23:09:36.886790
161,105,2.0,2026-09-22 23:09:36.886794
161,471,2.0,2026-09-22 23:09:36.886820
161,107,2.0,2026-09-22 23:09:36.886825
161,478,4.0,2026-09-22 23:09:36.886851
161,514,3.0,2026-09-22 23:09:36.886880
161,275,3.0,2026-09-22 23:09:36.886894
161,546,2.0,2026-09-22 23:09:36.886922
161,566,2.0,2026-09-22 23:09:36.886952
161,417,4.0,2026-09-22 23:09:36.886974
161,137,3.5,2026-09-22 23:09:36.886983
161,180,5.0,2026-09-22 23:09:36.886991
162,344,3.0,2026-09-22 23:09:36.887048
162,519,4.0,2026-09-22 23:09:36.887076
162,202,3.5,2026-09-22 23:09:36.887086
162,463,3.0,2026-09-22 23:09:36.887111
162,354,3.0,2026-09-22 23:09:36.887130
162,410,2.0,2026-09-22 23:09:36.887151
162,462,2.0,2026-09-22 23:09:36.887176
162,196,3.0,2026-09-22 23:09:36.887185
162,341,3.0,2026-09-22 23:09:36.887203
162,248,3.5,2026-09-22 23:09:36.887215
162,475,3.0,2026-09-22 23:09:36.887243
162,447,3.0,2026-09-22 23:09:36.887267
162,404,4.0,2026-09-22 23:09:36.887288
162,543,5.0,2026-09-22 23:09:36.887317
162,541,5.0,2026-09-22 23:09:36.887347
162,132,3.5,2026-09-22 23:09:36.887352
162,327,4.0,2026-09-22 23:09:36.887369
162,195,3.5,2026-09-22 23:09:36.887381
162,360,3.0,2026-09-22 23:09:36.887399
162,104,4.0,2026-09-22 23:09:36.887404
162,141,3.5,2026-09-22 23:09:36.887410
163,372,5.0,2026-09-22 23:09:36.887468
163,104,4.0,2026-09-22 23:09:36.887473
163,436,2.0,2026-09-22 23:09:36.887496
163,556,2.0,2026-09-22 23:09:36.887527
163,596,3.5,2026-09-22 23:09:36.887559
163,450,3.5,2026-09-22 23:09:36.887584
163,229,2.0,2026-09-22 23:09:36.887596
163,245,3.5,2026-09-22 23:09:36.887608
163,487,3.5,2026-09-22 23:09:36.887634
163,183,4.0,2026-09-22 23:09:36.887645
163,134,3.5,2026-09-22 23:09:36.887653
163,132,4.0,2026-09-22 23:09:36.887659
163,133,3.5,2026-09-22 23:09:36.887665
163,353,4.5,2026-09-22 23:09:36.887684
163,277,3.5,2026-09-22 23:09:36.887698
163,563,4.0,2026-09-22 23:09:36.887729
163,476,3.5,2026-09-22 23:09:36.887754
163,131,3.0,2026-09-22 23:09:36.887762
163,418,3.0,2026-09-22 23:09:36.887784
163,519,3.0,2026-09-22 23:09:36.887812
163,321,2.0,2026-09-22 23:09:36.887828
163,141,3.5,2026-09-22 23:09:36.887835
164,551,4.0,2026-09-22 23:09:36.887908
164,337,3.5,2026-09-22 23:09:36.887926
164,267,2.0,2026-09-22 23:09:36.887939
164,573,4.0,2026-09-22 23:09:36.887970
164,508,3.0,2026-09-22 23:09:36.887997
164,534,3.0,2026-09-22 23:09:36.888026
164,584,3.0,2026-09-22 23:09:36.888058
164,598,3.0,2026-09-22 23:09:36.888091
164,307,2.0,2026-09-22 23:09:36.888106
164,338,2.0,2026-09-22 23:09:36.888124
164,545,4.0,2026-09-22 23:09:36.888155
164,561,4.0,2026-09-22 23:09:36.888185
164,332,3.0,2026-09-22 23:09:36.888202
164,179,3.5,2026-09-22 23:09:36.888211
164,173,3.5,2026-09-22 23:09:36.888219
164,478,3.0,2026-09-22 23:09:36.888244
164,485,2.0,2026-09-22 23:09:36.888270
164,298,4.0,2026-09-22 23:09:36.888286
164,315,4.0,2026-09-22 23:09:36.888304
164,587,3.0,2026-09-22 23:09:36.888336
164,113,3.5,2026-09-22 23:09:36.888341
164,548,3.5,2026-09-22 23:09:36.888371
164,172,3.0,2026-09-22 23:09:36.888379
164,504,3.0,2026-09-22 23:09:36.888406
164,263,4.0,2026-09-22 23:09:36.888421
164,296,4.0,2026-09-22 23:09:36.888438
164,546,4.0,2026-09-22 23:09:36.888467
164,424,4.5,2026-09-22 23:09:36.888489
164,177,3.0,2026-09-22 23:09:36.888497
165,281,3.0,2026-09-22 23:09:36.888557
165,593,4.0,2026-09-22 23:09:36.888592
165,155,4.0,2026-09-22 23:09:36.888600
165,135,2.0,2026-09-22 23:09:36.888606
165,588,3.5,2026-09-22 23:09:36.888639
165,266,3.0,2026-09-22 23:09:36.888652
165,462,4.5,2026-09-22 23:09:36.888677
165,345,3.5,2026-09-22 23:09:36.888695
165,412,4.0,2026-09-22 23:09:36.888717
165,249,2.0,2026-09-22 23:09:36.888730
165,173,3.0,2026-09-22 23:09:36.888738
165,221,3.5,2026-09-22 23:09:36.888749
165,366,3.5,2026-09-22 23:09:36.888767
165,583,3.5,2026-09-22 23:09:36.888799
165,354,3.0,2026-09-22 23:09:36.888818
165,512,3.5,2026-09-22 23:09:36.888846
166,133,3.5,2026-09-22 23:09:36.888893
166,110,3.0,2026-09-22 23:09:36.888899
166,329,3.0,2026-09-22 23:09:36.888917
166,290,3.0,2026-09-22 23:09:36.888933
166,314,4.0,2026-09-22 23:09:36.888950
166,227,4.0,2026-09-22 23:09:36.888963
166,208,2.0,2026-09-22 23:09:36.888973
166,584,4.5,2026-09-22 23:09:36.889009
166,268,2.0,2026-09-22 23:09:36.889023
166,453,4.0,2026-09-22 23:09:36.889047
166,220,3.0,2026-09-22 23:09:36.889058
166,566,5.0,2026-09-22 23:09:36.889089
166,547,3.5,2026-09-22 23:09:36.889119
166,563,4.0,2026-09-22 23:09:36.889149
166,261,4.0,2026-09-22 23:09:36.889162
166,425,4.0,2026-09-22 23:09:36.889184
166,569,5.0,2026-09-22 23:09:36.889214
166,562,5.0,2026-09-22 23:09:36.889245
166,598,4.5,2026-09-22 23:09:36.889277
166,344,2.0,2026-09-22 23:09:36.889295
166,503,4.0,2026-09-22 23:09:36.889322
166,244,4.0,2026-09-22 23:09:36.889334
166,385,3.0,2026-09-22 23:09:36.889355
166,275,3.5,2026-09-22 23:09:36.889369
166,396,3.0,2026-09-22 23:09:36.889389
166,507,3.5,2026-09-22 23:09:36.889416
166,270,2.0,2026-09-22 23:09:36.889430
166,458,4.0,2026-09-22 23:09:36.889454
166,200,3.0,2026-09-22 23:09:36.889463
166,166,3.0,2026-09-22 23:09:36.889471
167,283,2.0,2026-09-22 23:09:36.889526
167,523,3.0,2026-09-22 23:09:36.889556
167,418,3.5,2026-09-22 23:09:36.889579
167,348,3.0,2026-09-22 23:09:36.889598
167,388,4.0,2026-09-22 23:09:36.889619
167,175,4.0,2026-09-22 23:09:36.889630
167,502,2.0,2026-09-22 23:09:36.889658
167,240,3.5,2026-09-22 23:09:36.889672
167,590,3.5,2026-09-22 23:09:36.889704
167,264,3.0,2026-09-22 23:09:36.889718
167,349,3.0,2026-09-22 23:09:36.889736
167,261,3.5,2026-09-22 23:09:36.889750
167,410,2.0,2026-09-22 23:09:36.889773
167,553,2.0,2026-09-22 23:09:36.889804
167,375,4.0,2026-09-22 23:09:36.889824
167,203,2.0,2026-09-22 23:09:36.889834
167,522,3.5,2026-09-22 23:09:36.889863
167,516,4.0,2026-09-22 23:09:36.889892
167,431,3.0,2026-09-22 23:09:36.889916
167,197,4.0,2026-09-22 23:09:36.889926
167,591,4.0,2026-09-22 23:09:36.889958
167,573,3.0,2026-09-22 23:09:36.889990
167,406,4.0,2026-09-22 23:09:36.890011
167,162,3.5,2026-09-22 23:09:36.890019
167,252,2.0,2026-09-22 23:09:36.890031
168,242,3.5,2026-09-22 23:09:36.890083
168,202,4.0,2026-09-22 23:09:36.890094
168,462,3.0,2026-09-22 23:09:36.890197
168,411,3.5,2026-09-22 23:09:36.890255
168,333,5.0,2026-09-22 23:09:36.890282
168,246,2.0,2026-09-22 23:09:36.890297
168,184,3.5,2026-09-22 23:09:36.890307
168,401,3.5,2026-09-22 23:09:36.890337
168,166,2.0,2026-09-22 23:09:36.890356
168,266,2.0,2026-09-22 23:09:36.890376
168,590,3.0,2026-09-22 23:09:36.890413
168,109,4.0,2026-09-22 23:09:36.890419
168,164,2.0,2026-09-22 23:09:36.890427
168,127,2.0,2026-09-22 23:09:36.890433
168,545,3.0,2026-09-22 23:09:36.890468
168,268,3.0,2026-09-22 23:09:36.890484
168,383,2.0,2026-09-22 23:09:36.890505
168,345,5.0,2026-09-22 23:09:36.890524
168,289,3.0,2026-09-22 23:09:36.890538
168,173,3.0,2026-09-22 23:09:36.890546
168,262,2.0,2026-09-22 23:09:36.890559
168,526,3.5,2026-09-22 23:09:36.890588
168,469,3.5,2026-09-22 23:09:36.890614
168,293,3.5,2026-09-22 23:09:36.890629
168,382,2.0,2026-09-22 23:09:36.890649
168,114,4.0,2026-09-22 23:09:36.890653
168,422,3.5,2026-09-22 23:09:36.890675
168,323,4.0,2026-09-22 23:09:36.890692
168,431,4.0,2026-09-22 23:09:36.890715
169,132,4.0,2026-09-22 23:09:36.890794
169,369,2.0,2026-09-22 23:09:36.890816
169,314,2.0,2026-09-22 23:09:36.890833
169,429,4.0,2026-09-22 23:09:36.890855
169,505,3.0,2026-09-22 23:09:36.890884
169,303,3.0,2026-09-22 23:09:36.890899
169,456,3.0,2026-09-22 23:09:36.890924
169,180,3.5,2026-09-22 23:09:36.890933
169,381,3.5,2026-09-22 23:09:36.890957
169,522,4.0,2026-09-22 23:09:36.890985
169,146,4.0,2026-09-22 23:09:36.890992
169,517,2.0,2026-09-22 23:09:36.891020
169,207,3.5,2026-09-22 23:09:36.891031
169,330,4.0,2026-09-22 23:09:36.891047
169,182,2.0,2026-09-22 23:09:36.891056
169,160,4.0,2026-09-22 23:09:36.891063
169,491,2.0,2026-09-22 23:09:36.891092
169,567,2.0,2026-09-22 23:09:36.891123
169,545,3.0,2026-09-22 23:09:36.891152
169,234,2.0,2026-09-22 23:09:36.891164
169,217,3.0,2026-09-22 23:09:36.891175
169,223,3.0,2026-09-22 23:09:36.891185
169,129,4.0,2026-09-22 23:09:36.891191
169,431,4.0,2026-09-22 23:09:36.891214
169,450,4.5,2026-09-22 23:09:36.891237
169,386,2.0,2026-09-22 23:09:36.891257
169,113,3.5,2026-09-22 23:09:36.891262
169,127,3.0,2026-09-22 23:09:36.891268
169,430,4.5,2026-09-22 23:09:36.891291
169,532,3.0,2026-09-22 23:09:36.891320
169,458,3.0,2026-09-22 23:09:36.891345
169,216,2.0,2026-09-22 23:09:36.891355
170,237,4.0,2026-09-22 23:09:36.891409
170,385,3.0,2026-09-22 23:09:36.891429
170,292,3.0,2026-09-22 23:09:36.891444
170,362,2.0,2026-09-22 23:09:36.891467
170,299,2.0,2026-09-22 23:09:36.891489
170,182,4.0,2026-09-22 23:09:36.891499
170,528,2.0,2026-09-22 23:09:36.891536
170,204,3.0,2026-09-22 23:09:36.891550
170,487,3.0,2026-09-22 23:09:36.891580
170,412,3.5,2026-09-22 23:09:36.891604
170,232,3.0,2026-09-22 23:09:36.891616
170,272,3.5,2026-09-22 23:09:36.891630
170,201,3.5,2026-09-22 23:09:36.891639
170,268,4.0,2026-09-22 23:09:36.891653
170,560,4.0,2026-09-22 23:09:36.891685
170,234,3.0,2026-09-22 23:09:36.891697
170,302,3.5,2026-09-22 23:09:36.891716
170,162,3.0,2026-09-22 23:09:36.891723
170,434,2.0,2026-09-22 23:09:36.891750
170,247,3.5,2026-09-22 23:09:36.891762
170,332,2.0,2026-09-22 23:09:36.891780
170,115,3.0,2026-09-22 23:09:36.891785
170,329,3.0,2026-09-22 23:09:36.891802
170,409,3.5,2026-09-22 23:09:36.891824
171,585,3.5,2026-09-22 23:09:36.891936
171,469,2.0,2026-09-22 23:09:36.891968
171,299,4.5,2026-09-22 23:09:36.891985
171,268,4.5,2026-09-22 23:09:36.891999
171,335,4.0,2026-09-22 23:09:36.892016
171,301,3.0,2026-09-22 23:09:36.892033
171,409,2.0,2026-09-22 23:09:36.892055
171,486,2.0,2026-09-22 23:09:36.892082
171,185,3.5,2026-09-22 23:09:36.892093
171,572,3.0,2026-09-22 23:09:36.892124
171,352,3.0,2026-09-22 23:09:36.892143
171,346,4.0,2026-09-22 23:09:36.892161
171,388,3.5,2026-09-22 23:09:36.892182
171,406,2.0,2026-09-22 23:09:36.892203
171,247,3.5,2026-09-22 23:09:36.892215
171,508,4.0,2026-09-22 23:09:36.892243
171,442,2.0,2026-09-22 23:09:36.892267
171,539,3.5,2026-09-22 23:09:36.892298
171,581,2.0,2026-09-22 23:09:36.892330
171,228,2.0,2026-09-22 23:09:36.892344
171,140,3.5,2026-09-22 23:09:36.892350
171,416,3.0,2026-09-22 23:09:36.892373
171,155,3.5,2026-09-22 23:09:36.892384
171,553,4.0,2026-09-22 23:09:36.892423
171,101,3.0,2026-09-22 23:09:36.892438
171,537,2.0,2026-09-22 23:09:36.892476
171,116,2.0,2026-09-22 23:09:36.892485
171,418,4.0,2026-09-22 23:09:36.892514
171,126,3.0,2026-09-22 23:09:36.892524
171,106,2.0,2026-09-22 23:09:36.892530
172,472,3.0,2026-09-22 23:09:36.892621
172,221,3.0,2026-09-22 23:09:36.892634
172,334,2.0,2026-09-22 23:09:36.892652
172,546,4.0,2026-09-22 23:09:36.892682
172,554,4.0,2026-09-22 23:09:36.892713
172,397,2.0,2026-09-22 23:09:36.892739
172,456,2.0,2026-09-22 23:09:36.892763
172,386,4.0,2026-09-22 23:09:36.892783
172,240,4.0,2026-09-22 23:09:36.892795
172,239,4.0,2026-09-22 23:09:36.892807
172,112,4.0,2026-09-22 23:09:36.892812
172,460,3.0,2026-09-22 23:09:36.892836
172,389,2.0,2026-09-22 23:09:36.892857
172,346,2.0,2026-09-22 23:09:36.892875
172,133,2.0,2026-09-22 23:09:36.892882
172,475,3.5,2026-09-22 23:09:36.892908
172,455,3.5,2026-09-22 23:09:36.892932
173,511,4.0,2026-09-22 23:09:36.893001
173,237,3.0,2026-09-22 23:09:36.893014
173,113,2.0,2026-09-22 23:09:36.893019
173,444,3.5,2026-09-22 23:09:36.893043
173,240,3.5,2026-09-22 23:09:36.893055
173,594,2.0,2026-09-22 23:09:36.893088
173,547,3.5,2026-09-22 23:09:36.893118
173,197,4.0,2026-09-22 23:09:36.893127
173,221,4.0,2026-09-22 23:09:36.893138
173,454,5.0,2026-09-22 23:09:36.893166
173,330,3.0,2026-09-22 23:09:36.893183
173,515,3.5,2026-09-22 23:09:36.893213
173,101,3.5,2026-09-22 23:09:36.893217
173,433,3.0,2026-09-22 23:09:36.893242
173,123,3.5,2026-09-22 23:09:36.893247
173,548,3.5,2026-09-22 23:09:36.893277
173,389,4.0,2026-09-22 23:09:36.893297
173,528,3.0,2026-09-22 23:09:36.893326
173,539,4.0,2026-09-22 23:09:36.893358
173,323,3.5,2026-09-22 23:09:36.893375
173,387,4.0,2026-09-22 23:09:36.893395
174,176,3.0,2026-09-22 23:09:36.893443
174,517,2.0,2026-09-22 23:09:36.893472
174,445,3.5,2026-09-22 23:09:36.893495
174,485,3.0,2026-09-22 23:09:36.893522
174,556,3.5,2026-09-22 23:09:36.893552
174,354,5.0,2026-09-22 23:09:36.893570
174,446,3.0,2026-09-22 23:09:36.893594
174,378,5.0,2026-09-22 23:09:36.893614
174,309,3.0,2026-09-22 23:09:36.893629
174,285,3.0,2026-09-22 23:09:36.893644
174,593,4.0,2026-09-22 23:09:36.893676
174,322,2.0,2026-09-22 23:09:36.893692
174,145,4.0,2026-09-22 23:09:36.893699
174,409,2.0,2026-09-22 23:09:36.893720
174,230,2.0,2026-09-22 23:09:36.893732
174,554,2.0,2026-09-22 23:09:36.893762
174,171,2.0,2026-09-22 23:09:36.893770
174,271,3.5,2026-09-22 23:09:36.893783
174,574,3.0,2026-09-22 23:09:36.893814
174,284,3.0,2026-09-22 23:09:36.893831
174,431,3.5,2026-09-22 23:09:36.893854
174,339,4.0,2026-09-22 23:09:36.893871
174,331,2.0,2026-09-22 23:09:36.893888
174,486,3.5,2026-09-22 23:09:36.893929
175,580,4.0,2026-09-22 23:09:36.894007
175,303,3.0,2026-09-22 23:09:36.894026
175,368,4.0,2026-09-22 23:09:36.894046
175,437,3.5,2026-09-22 23:09:36.894069
175,520,3.0,2026-09-22 23:09:36.894098
175,302,4.0,2026-09-22 23:09:36.894113
175,213,3.5,2026-09-22 23:09:36.894124
175,396,4.0,2026-09-22 23:09:36.894145
175,280,2.0,2026-09-22 23:09:36.894160
175,484,3.0,2026-09-22 23:09:36.894185
175,309,2.0,2026-09-22 23:09:36.894201
175,453,2.0,2026-09-22 23:09:36.894225
175,485,2.0,2026-09-22 23:09:36.894251
175,155,3.5,2026-09-22 23:09:36.894259
175,216,2.0,2026-09-22 23:09:36.894269
175,428,3.0,2026-09-22 23:09:36.894292
175,430,3.0,2026-09-22 23:09:36.894314
175,333,2.0,2026-09-22 23:09:36.894332
175,180,2.0,2026-09-22 23:09:36.894340
175,528,3.5,2026-09-22 23:09:36.894368
175,456,4.0,2026-09-22 23:09:36.894392
175,559,2.0,2026-09-22 23:09:36.894422
175,486,4.0,2026-09-22 23:09:36.894448
175,197,3.5,2026-09-22 23:09:36.894458
175,467,4.0,2026-09-22 23:09:36.894482
175,101,2.0,2026-09-22 23:09:36.894486
175,558,3.5,2026-09-22 23:09:36.894517
175,507,3.5,2026-09-22 23:09:36.894547
175,597,4.0,2026-09-22 23:09:36.894580
175,359,4.5,2026-09-22 23:09:36.894600
175,510,3.0,2026-09-22 23:09:36.894631
175,156,3.5,2026-09-22 23:09:36.894638
176,402,4.0,2026-09-22 23:09:36.894704
176,571,4.0,2026-09-22 23:09:36.894736
176,345,2.0,2026-09-22 23:09:36.894754
176,426,4.5,2026-09-22 23:09:36.894777
176,415,4.5,2026-09-22 23:09:36.894799
176,404,5.0,2026-09-22 23:09:36.894820
176,122,2.0,2026-09-22 23:09:36.894825
176,448,4.0,2026-09-22 23:09:36.894849
176,352,3.0,2026-09-22 23:09:36.894867
176,117,2.0,2026-09-22 23:09:36.894872
176,356,4.0,2026-09-22 23:09:36.894890
176,264,4.0,2026-09-22 23:09:36.894903
176,280,3.5,2026-09-22 23:09:36.894918
176,116,3.0,2026-09-22 23:09:36.894923
176,231,4.0,2026-09-22 23:09:36.894934
176,459,2.0,2026-09-22 23:09:36.894958
176,343,3.5,2026-09-22 23:09:36.894976
176,541,3.5,2026-09-22 23:09:36.895005
176,509,4.0,2026-09-22 23:09:36.895033
176,297,3.0,2026-09-22 23:09:36.895048
176,486,4.0,2026-09-22 23:09:36.895074
176,376,2.0,2026-09-22 23:09:36.895094
176,495,2.0,2026-09-22 23:09:36.895121
176,151,3.0,2026-09-22 23:09:36.895127
176,317,2.0,2026-09-22 23:09:36.895143
176,453,4.0,2026-09-22 23:09:36.895171
176,401,4.0,2026-09-22 23:09:36.895192
176,418,5.0,2026-09-22 23:09:36.895216
176,551,3.0,2026-09-22 23:09:36.895246
176,586,4.0,2026-09-22 23:09:36.895277
176,598,3.5,2026-09-22 23:09:36.895309
176,451,4.0,2026-09-22 23:09:36.895332
176,114,2.0,2026-09-22 23:09:36.895338
176,295,3.5,2026-09-22 23:09:36.895353
177,458,2.0,2026-09-22 23:09:36.895414
177,365,3.0,2026-09-22 23:09:36.895434
177,352,4.0,2026-09-22 23:09:36.895453
177,190,4.0,2026-09-22 23:09:36.895462
177,562,4.0,2026-09-22 23:09:36.895492
177,332,2.0,2026-09-22 23:09:36.895509
177,251,4.0,2026-09-22 23:09:36.895521
177,538,3.0,2026-09-22 23:09:36.895551
177,184,4.0,2026-09-22 23:09:36.895560
177,121,2.0,2026-09-22 23:09:36.895564
177,249,3.5,2026-09-22 23:09:36.895577
177,408,3.0,2026-09-22 23:09:36.895597
177,270,3.0,2026-09-22 23:09:36.895611
177,319,3.5,2026-09-22 23:09:36.895627
177,157,4.0,2026-09-22 23:09:36.895634
177,452,3.0,2026-09-22 23:09:36.895658
177,180,4.0,2026-09-22 23:09:36.895666
177,596,5.0,2026-09-22 23:09:36.895698
178,185,5.0,2026-09-22 23:09:36.895745
178,172,4.5,2026-09-22 23:09:36.895753
178,168,5.0,2026-09-22 23:09:36.895761
178,480,2.0,2026-09-22 23:09:36.895787
178,585,4.0,2026-09-22 23:09:36.895819
178,410,4.0,2026-09-22 23:09:36.895840
178,389,2.0,2026-09-22 23:09:36.895861
178,113,3.5,2026-09-22 23:09:36.895867
178,325,4.0,2026-09-22 23:09:36.895885
178,355,4.0,2026-09-22 23:09:36.895905
178,288,2.0,2026-09-22 23:09:36.895932
178,507,2.0,2026-09-22 23:09:36.895962
178,458,2.0,2026-09-22 23:09:36.895988
178,321,3.5,2026-09-22 23:09:36.896005
178,111,3.5,2026-09-22 23:09:36.896010
178,463,4.0,2026-09-22 23:09:36.896034
178,369,4.0,2026-09-22 23:09:36.896053
178,560,3.0,2026-09-22 23:09:36.896083
179,113,3.0,2026-09-22 23:09:36.896125
179,183,4.0,2026-09-22 23:09:36.896135
179,145,2.0,2026-09-22 23:09:36.896141
179,393,2.0,2026-09-22 23:09:36.896162
179,196,3.0,2026-09-22 23:09:36.896171
179,441,3.0,2026-09-22 23:09:36.896194
179,201,4.0,2026-09-22 23:09:36.896204
179,329,3.5,2026-09-22 23:09:36.896220
179,438,3.0,2026-09-22 23:09:36.896243
179,380,4.0,2026-09-22 23:09:36.896263
179,292,2.0,2026-09-22 23:09:36.896278
179,386,3.5,2026-09-22 23:09:36.896301
179,235,4.0,2026-09-22 23:09:36.896312
179,345,2.0,2026-09-22 23:09:36.896331
179,135,2.0,2026-09-22 23:09:36.896337
179,598,3.5,2026-09-22 23:09:36.896369
179,505,2.0,2026-09-22 23:09:36.896397
179,437,3.5,2026-09-22 23:09:36.896421
180,572,2.0,2026-09-22 23:09:36.896495
180,225,4.5,2026-09-22 23:09:36.896506
180,541,2.0,2026-09-22 23:09:36.896538
180,346,3.0,2026-09-22 23:09:36.896556
180,511,3.0,2026-09-22 23:09:36.896583
180,210,5.0,2026-09-22 23:09:36.896593
180,197,4.0,2026-09-22 23:09:36.896602
180,440,3.5,2026-09-22 23:09:36.896626
180,344,3.0,2026-09-22 23:09:36.896644
180,345,3.5,2026-09-22 23:09:36.896662
180,151,4.0,2026-09-22 23:09:36.896669
180,189,2.0,2026-09-22 23:09:36.896678
180,299,4.0,2026-09-22 23:09:36.896693
180,384,2.0,2026-09-22 23:09:36.896713
180,425,3.5,2026-09-22 23:09:36.896736
180,422,4.0,2026-09-22 23:09:36.896758
180,378,2.0,2026-09-22 23:09:36.896778
180,540,3.0,2026-09-22 23:09:36.896806
180,512,3.5,2026-09-22 23:09:36.896834
180,137,4.0,2026-09-22 23:09:36.896840
180,175,4.0,2026-09-22 23:09:36.896848
180,442,3.0,2026-09-22 23:09:36.896872
180,166,3.0,2026-09-22 23:09:36.896883
180,362,4.0,2026-09-22 23:09:36.896902
180,490,4.0,2026-09-22 23:09:36.896929
181,407,3.5,2026-09-22 23:09:36.896991
181,367,4.0,2026-09-22 23:09:36.897010
181,248,5.0,2026-09-22 23:09:36.897022
181,355,3.5,2026-09-22 23:09:36.897041
181,496,3.5,2026-09-22 23:09:36.897066
181,139,3.5,2026-09-22 23:09:36.897073
181,322,3.5,2026-09-22 23:09:36.897090
181,408,4.0,2026-09-22 23:09:36.897112
181,116,4.0,2026-09-22 23:09:36.897117
181,314,4.0,2026-09-22 23:09:36.897135
181,134,3.0,2026-09-22 23:09:36.897143
181,388,4.0,2026-09-22 23:09:36.897164
181,144,3.5,2026-09-22 23:09:36.897172
181,461,2.0,2026-09-22 23:09:36.897196
181,557,4.0,2026-09-22 23:09:36.897225
181,498,3.5,2026-09-22 23:09:36.897252
181,175,2.0,2026-09-22 23:09:36.897261
181,429,3.5,2026-09-22 23:09:36.897284
181,121,3.5,2026-09-22 23:09:36.897289
181,290,3.5,2026-09-22 23:09:36.897303
181,243,4.5,2026-09-22 23:09:36.897315
181,302,3.0,2026-09-22 23:09:36.897331
182,565,3.5,2026-09-22 23:09:36.897403
182,223,3.0,2026-09-22 23:09:36.897415
182,390,5.0,2026-09-22 23:09:36.897436
182,198,3.5,2026-09-22 23:09:36.897447
182,279,3.5,2026-09-22 23:09:36.897461
182,598,3.0,2026-09-22 23:09:36.897493
182,257,4.0,2026-09-22 23:09:36.897506
182,199,3.0,2026-09-22 23:09:36.897516
182,523,2.0,2026-09-22 23:09:36.897543
182,272,3.5,2026-09-22 23:09:36.897557
182,366,5.0,2026-09-22 23:09:36.897577
182,447,3.0,2026-09-22 23:09:36.897601
182,311,3.0,2026-09-22 23:09:36.897616
182,243,3.5,2026-09-22 23:09:36.897628
182,236,3.0,2026-09-22 23:09:36.897639
182,407,4.0,2026-09-22 23:09:36.897661
182,318,3.5,2026-09-22 23:09:36.897678
182,443,3.0,2026-09-22 23:09:36.897701
182,438,4.0,2026-09-22 23:09:36.897723
182,197,4.0,2026-09-22 23:09:36.897735
182,494,3.5,2026-09-22 23:09:36.897761
182,414,4.0,2026-09-22 23:09:36.897784
182,556,3.5,2026-09-22 23:09:36.897814
182,503,3.0,2026-09-22 23:09:36.897841
182,172,3.5,2026-09-22 23:09:36.897849
183,230,3.5,2026-09-22 23:09:36.897897
183,164,4.0,2026-09-22 23:09:36.897905
183,595,4.0,2026-09-22 23:09:36.897945
183,293,3.5,2026-09-22 23:09:36.897962
183,517,2.0,2026-09-22 23:09:36.897989
183,382,4.0,2026-09-22 23:09:36.898008
183,302,4.0,2026-09-22 23:09:36.898027
183,102,2.0,2026-09-22 23:09:36.898031
183,135,4.0,2026-09-22 23:09:36.898037
183,197,4.0,2026-09-22 23:09:36.898046
183,516,4.0,2026-09-22 23:09:36.898073
183,579,4.5,2026-09-22 23:09:36.898104
183,231,2.0,2026-09-22 23:09:36.898115
183,576,4.0,2026-09-22 23:09:36.898146
183,354,3.0,2026-09-22 23:09:36.898165
183,333,2.0,2026-09-22 23:09:36.898182
183,399,3.5,2026-09-22 23:09:36.898203
184,534,2.0,2026-09-22 23:09:36.898269
184,136,4.0,2026-09-22 23:09:36.898275
184,243,2.0,2026-09-22 23:09:36.898287
184,156,3.5,2026-09-22 23:09:36.898294
184,381,3.5,2026-09-22 23:09:36.898314
184,375,3.5,2026-09-22 23:09:36.898334
184,238,4.0,2026-09-22 23:09:36.898345
184,166,3.0,2026-09-22 23:09:36.898353
184,502,3.0,2026-09-22 23:09:36.898386
184,150,4.0,2026-09-22 23:09:36.898392
184,574,3.5,2026-09-22 23:09:36.898424
184,481,3.5,2026-09-22 23:09:36.898451
184,452,3.0,2026-09-22 23:09:36.898477
184,317,3.0,2026-09-22 23:09:36.898493
184,205,2.0,2026-09-22 23:09:36.898503
184,121,5.0,2026-09-22 23:09:36.898508
185,491,4.0,2026-09-22 23:09:36.898573
185,213,3.0,2026-09-22 23:09:36.898584
185,188,3.0,2026-09-22 23:09:36.898595
185,513,4.0,2026-09-22 23:09:36.898623
185,595,5.0,2026-09-22 23:09:36.898656
185,523,3.0,2026-09-22 23:09:36.898684
185,297,3.0,2026-09-22 23:09:36.898699
185,205,3.0,2026-09-22 23:09:36.898709
185,378,3.5,2026-09-22 23:09:36.898729
185,416,2.0,2026-09-22 23:09:36.898751
185,109,2.0,2026-09-22 23:09:36.898755
185,589,4.0,2026-09-22 23:09:36.898788
185,183,3.5,2026-09-22 23:09:36.898796
185,147,4.0,2026-09-22 23:09:36.898803
185,393,4.0,2026-09-22 23:09:36.898824
185,480,4.0,2026-09-22 23:09:36.898849
185,415,3.0,2026-09-22 23:09:36.898871
185,599,4.0,2026-09-22 23:09:36.898904
185,239,2.0,2026-09-22 23:09:36.898916
185,515,2.0,2026-09-22 23:09:36.898943
185,349,4.0,2026-09-22 23:09:36.898961
185,164,4.0,2026-09-22 23:09:36.898968
185,149,4.0,2026-09-22 23:09:36.898975
185,227,3.0,2026-09-22 23:09:36.898985
185,533,4.0,2026-09-22 23:09:36.899017
186,112,4.0,2026-09-22 23:09:36.899061
186,378,3.0,2026-09-22 23:09:36.899081
186,492,4.0,2026-09-22 23:09:36.899108
186,240,3.0,2026-09-22 23:09:36.899119
186,206,3.0,2026-09-22 23:09:36.899129
186,552,4.5,2026-09-22 23:09:36.899162
186,445,3.5,2026-09-22 23:09:36.899185
186,352,4.0,2026-09-22 23:09:36.899204
186,324,3.5,2026-09-22 23:09:36.899221
186,505,3.0,2026-09-22 23:09:36.899248
186,549,3.5,2026-09-22 23:09:36.899278
186,369,3.0,2026-09-22 23:09:36.899297
186,276,4.0,2026-09-22 23:09:36.899311
186,265,4.0,2026-09-22 23:09:36.899324
186,111,2.0,2026-09-22 23:09:36.899329
186,356,3.0,2026-09-22 23:09:36.899347
186,360,2.0,2026-09-22 23:09:36.899366
186,416,4.0,2026-09-22 23:09:36.899388
186,299,2.0,2026-09-22 23:09:36.899403
186,530,4.0,2026-09-22 23:09:36.899431
186,327,3.5,2026-09-22 23:09:36.899447
186,411,3.5,2026-09-22 23:09:36.899469
186,291,4.0,2026-09-22 23:09:36.899483
186,174,2.0,2026-09-22 23:09:36.899491
186,461,4.0,2026-09-22 23:09:36.899515
186,140,4.0,2026-09-22 23:09:36.899521
186,408,4.0,2026-09-22 23:09:36.899542
187,324,3.0,2026-09-22 23:09:36.899594
187,231,2.0,2026-09-22 23:09:36.899606
187,279,4.0,2026-09-22 23:09:36.899620
187,218,3.5,2026-09-22 23:09:36.899631
187,238,2.0,2026-09-22 23:09:36.899645
187,288,3.0,2026-09-22 23:09:36.899669
187,567,2.0,2026-09-22 23:09:36.899699
187,234,3.0,2026-09-22 23:09:36.899710
187,346,2.0,2026-09-22 23:09:36.899730
187,181,2.0,2026-09-22 23:09:36.899739
187,187,3.5,2026-09-22 23:09:36.899748
187,213,2.0,2026-09-22 23:09:36.899758
187,538,3.5,2026-09-22 23:09:36.899791
187,400,4.0,2026-09-22 23:09:36.899818
187,431,4.0,2026-09-22 23:09:36.899849
187,365,3.5,2026-09-22 23:09:36.899874
187,407,4.0,2026-09-22 23:09:36.899897
188,546,3.5,2026-09-22 23:09:36.899980
188,569,4.0,2026-09-22 23:09:36.900015
188,196,4.0,2026-09-22 23:09:36.900024
188,218,3.0,2026-09-22 23:09:36.900035
188,310,3.0,2026-09-22 23:09:36.900052
188,260,2.0,2026-09-22 23:09:36.900066
188,186,3.0,2026-09-22 23:09:36.900075
188,367,2.0,2026-09-22 23:09:36.900095
188,135,2.0,2026-09-22 23:09:36.900101
188,219,2.0,2026-09-22 23:09:36.900113
188,547,3.5,2026-09-22 23:09:36.900143
188,148,3.0,2026-09-22 23:09:36.900150
188,418,5.0,2026-09-22 23:09:36.900172
188,127,2.0,2026-09-22 23:09:36.900177
188,394,4.0,2026-09-22 23:09:36.900198
188,436,5.0,2026-09-22 23:09:36.900222
188,501,3.5,2026-09-22 23:09:36.900249
188,502,3.0,2026-09-22 23:09:36.900276
188,589,3.0,2026-09-22 23:09:36.900317
188,544,3.0,2026-09-22 23:09:36.900351
188,583,3.0,2026-09-22 23:09:36.900385
188,480,2.0,2026-09-22 23:09:36.900412
188,191,3.5,2026-09-22 23:09:36.900421
189,363,4.0,2026-09-22 23:09:36.900481
189,517,3.0,2026-09-22 23:09:36.900509
189,111,4.0,2026-09-22 23:09:36.900514
189,357,3.0,2026-09-22 23:09:36.900532
189,359,2.0,2026-09-22 23:09:36.900551
189,559,3.0,2026-09-22 23:09:36.900582
189,130,3.0,2026-09-22 23:09:36.900587
189,302,2.0,2026-09-22 23:09:36.900604
189,170,2.0,2026-09-22 23:09:36.900612
189,186,4.0,2026-09-22 23:09:36.900620
189,125,3.0,2026-09-22 23:09:36.900625
189,341,2.0,2026-09-22 23:09:36.900643
189,180,3.5,2026-09-22 23:09:36.900652
189,534,4.0,2026-09-22 23:09:36.900681
189,168,4.0,2026-09-22 23:09:36.900689
189,224,5.0,2026-09-22 23:09:36.900699
189,542,4.0,2026-09-22 23:09:36.900729
189,412,4.0,2026-09-22 23:09:36.900751
189,528,4.0,2026-09-22 23:09:36.900779
189,289,3.5,2026-09-22 23:09:36.900794
189,394,4.0,2026-09-22 23:09:36.900815
189,501,3.5,2026-09-22 23:09:36.900842
189,243,5.0,2026-09-22 23:09:36.900853
190,358,2.0,2026-09-22 23:09:36.900913
190,540,3.5,2026-09-22 23:09:36.900942
190,356,4.0,2026-09-22 23:09:36.900961
190,165,3.0,2026-09-22 23:09:36.900969
190,513,2.0,2026-09-22 23:09:36.900997
190,119,3.0,2026-09-22 23:09:36.901003
190,206,4.0,2026-09-22 23:09:36.901013
190,138,3.0,2026-09-22 23:09:36.901019
190,408,4.5,2026-09-22 23:09:36.901043
190,289,3.0,2026-09-22 23:09:36.901059
190,532,3.5,2026-09-22 23:09:36.901088
190,253,4.0,2026-09-22 23:09:36.901100
190,160,3.0,2026-09-22 23:09:36.901108
190,410,4.0,2026-09-22 23:09:36.901130
190,563,2.0,2026-09-22 23:09:36.901160
190,312,3.0,2026-09-22 23:09:36.901176
190,296,4.0,2026-09-22 23:09:36.901191
190,293,3.5,2026-09-22 23:09:36.901206
190,254,4.0,2026-09-22 23:09:36.901218
190,292,4.0,2026-09-22 23:09:36.901233
191,291,3.5,2026-09-22 23:09:36.901289
191,552,4.0,2026-09-22 23:09:36.901319
191,205,2.0,2026-09-22 23:09:36.901330
191,338,4.0,2026-09-22 23:09:36.901348
191,167,2.0,2026-09-22 23:09:36.901355
191,313,3.5,2026-09-22 23:09:36.901371
191,592,3.5,2026-09-22 23:09:36.901403
191,127,3.0,2026-09-22 23:09:36.901408
191,226,3.5,2026-09-22 23:09:36.901421
191,586,3.0,2026-09-22 23:09:36.901453
191,175,2.0,2026-09-22 23:09:36.901461
191,560,2.0,2026-09-22 23:09:36.901492
191,428,3.0,2026-09-22 23:09:36.901515
191,573,3.5,2026-09-22 23:09:36.901546
191,152,2.0,2026-09-22 23:09:36.901553
191,252,2.0,2026-09-22 23:09:36.901565
191,292,3.0,2026-09-22 23:09:36.901582
191,128,3.5,2026-09-22 23:09:36.901588
191,280,2.0,2026-09-22 23:09:36.901602
191,339,4.0,2026-09-22 23:09:36.901620
191,566,4.0,2026-09-22 23:09:36.901650
191,298,3.5,2026-09-22 23:09:36.901665
191,555,4.0,2026-09-22 23:09:36.901696
191,435,3.5,2026-09-22 23:09:36.901719
191,547,3.5,2026-09-22 23:09:36.901749
191,322,3.5,2026-09-22 23:09:36.901766
191,140,3.5,2026-09-22 23:09:36.901772
191,407,2.0,2026-09-22 23:09:36.901793
191,251,2.0,2026-09-22 23:09:36.901805
192,322,4.0,2026-09-22 23:09:36.901863
192,491,4.5,2026-09-22 23:09:36.901890
192,364,4.0,2026-09-22 23:09:36.901908
192,119,3.0,2026-09-22 23:09:36.901913
192,442,2.0,2026-09-22 23:09:36.901945
192,500,4.0,2026-09-22 23:09:36.901974
192,381,3.5,2026-09-22 23:09:36.901994
192,474,4.0,2026-09-22 23:09:36.902022
192,484,4.0,2026-09-22 23:09:36.902048
192,390,3.0,2026-09-22 23:09:36.902068
192,360,4.0,2026-09-22 23:09:36.902086
192,135,3.0,2026-09-22 23:09:36.902092
192,596,4.0,2026-09-22 23:09:36.902124
192,179,3.0,2026-09-22 23:09:36.902132
192,578,4.0,2026-09-22 23:09:36.902163
192,523,3.5,2026-09-22 23:09:36.902191
192,294,3.0,2026-09-22 23:09:36.902206
192,270,2.0,2026-09-22 23:09:36.902220
192,439,2.0,2026-09-22 23:09:36.902242
192,466,4.0,2026-09-22 23:09:36.902270
192,326,2.0,2026-09-22 23:09:36.902287
192,475,4.5,2026-09-22 23:09:36.902313
192,470,5.0,2026-09-22 23:09:36.902338
192,426,4.0,2026-09-22 23:09:36.902363
192,237,2.0,2026-09-22 23:09:36.902374
192,174,3.0,2026-09-22 23:09:36.902383
192,173,4.0,2026-09-22 23:09:36.902391
192,569,3.0,2026-09-22 23:09:36.902422
192,201,4.0,2026-09-22 23:09:36.902432
192,148,2.0,2026-09-22 23:09:36.902438
193,516,3.5,2026-09-22 23:09:36.902507
193,561,3.0,2026-09-22 23:09:36.902538
193,276,3.0,2026-09-22 23:09:36.902552
193,416,2.0,2026-09-22 23:09:36.902574
193,473,4.0,2026-09-22 23:09:36.902599
193,291,4.0,2026-09-22 23:09:36.902613
193,536,3.5,2026-09-22 23:09:36.902645
193,341,3.5,2026-09-22 23:09:36.902663
193,590,3.5,2026-09-22 23:09:36.902695
193,233,4.0,2026-09-22 23:09:36.902706
193,396,4.0,2026-09-22 23:09:36.902727
193,386,2.0,2026-09-22 23:09:36.902747
193,381,3.5,2026-09-22 23:09:36.902767
193,556,3.5,2026-09-22 23:09:36.902798
193,562,2.0,2026-09-22 23:09:36.902828
193,517,3.0,2026-09-22 23:09:36.902855
193,480,3.0,2026-09-22 23:09:36.902881
193,270,3.0,2026-09-22 23:09:36.902895
193,424,3.0,2026-09-22 23:09:36.902918
193,441,4.0,2026-09-22 23:09:36.902941
193,268,3.0,2026-09-22 23:09:36.902955
193,370,2.0,2026-09-22 23:09:36.902976
193,180,5.0,2026-09-22 23:09:36.902985
193,442,3.5,2026-09-22 23:09:36.903008
193,450,4.0,2026-09-22 23:09:36.903032
193,528,4.0,2026-09-22 23:09:36.903060
193,467,4.0,2026-09-22 23:09:36.903085
193,402,3.5,2026-09-22 23:09:36.903106
193,367,3.5,2026-09-22 23:09:36.903126
194,184,4.5,2026-09-22 23:09:36.903172
194,420,2.0,2026-09-22 23:09:36.903194
194,347,3.5,2026-09-22 23:09:36.903212
194,586,3.0,2026-09-22 23:09:36.903244
194,576,4.0,2026-09-22 23:09:36.903276
194,440,4.0,2026-09-22 23:09:36.903303
194,134,4.0,2026-09-22 23:09:36.903309
194,497,3.0,2026-09-22 23:09:36.903336
194,261,4.0,2026-09-22 23:09:36.903349
194,575,4.0,2026-09-22 23:09:36.903381
194,556,3.0,2026-09-22 23:09:36.903412
194,130,3.5,2026-09-22 23:09:36.903417
194,324,3.0,2026-09-22 23:09:36.903433
194,308,3.0,2026-09-22 23:09:36.903450
194,518,3.5,2026-09-22 23:09:36.903478
194,322,3.0,2026-09-22 23:09:36.903494
194,179,5.0,2026-09-22 23:09:36.903502
194,313,3.5,2026-09-22 23:09:36.903518
194,343,4.0,2026-09-22 23:09:36.903535
194,116,2.0,2026-09-22 23:09:36.903540
194,271,2.0,2026-09-22 23:09:36.903553
194,581,2.0,2026-09-22 23:09:36.903584
195,177,4.5,2026-09-22 23:09:36.903627
195,377,3.0,2026-09-22 23:09:36.903651
195,320,2.0,2026-09-22 23:09:36.903667
195,353,3.0,2026-09-22 23:09:36.903686
195,560,3.5,2026-09-22 23:09:36.903716
195,148,3.5,2026-09-22 23:09:36.903723
195,579,3.5,2026-09-22 23:09:36.903758
195,597,2.0,2026-09-22 23:09:36.903790
195,507,2.0,2026-09-22 23:09:36.903818
195,514,3.0,2026-09-22 23:09:36.903845
195,458,3.5,2026-09-22 23:09:36.903870
195,432,3.5,2026-09-22 23:09:36.903894
195,178,4.0,2026-09-22 23:09:36.903902
195,127,2.0,2026-09-22 23:09:36.903907
195,102,2.0,2026-09-22 23:09:36.903912
196,101,5.0,2026-09-22 23:09:36.903966
196,521,3.0,2026-09-22 23:09:36.903997
196,573,3.5,2026-09-22 23:09:36.904029
196,199,2.0,2026-09-22 23:09:36.904038
196,505,4.0,2026-09-22 23:09:36.904065
196,188,3.5,2026-09-22 23:09:36.904074
196,560,3.0,2026-09-22 23:09:36.904104
196,301,4.0,2026-09-22 23:09:36.904120
196,522,4.0,2026-09-22 23:09:36.904148
196,352,3.5,2026-09-22 23:09:36.904166
196,156,3.5,2026-09-22 23:09:36.904173
196,237,3.5,2026-09-22 23:09:36.904184
196,404,4.0,2026-09-22 23:09:36.904206
196,250,4.0,2026-09-22 23:09:36.904217
196,416,3.0,2026-09-22 23:09:36.904239
196,529,3.5,2026-09-22 23:09:36.904268
196,370,3.5,2026-09-22 23:09:36.904287
196,137,4.0,2026-09-22 23:09:36.904293
196,526,3.0,2026-09-22 23:09:36.904327
196,414,4.0,2026-09-22 23:09:36.904348
196,246,3.0,2026-09-22 23:09:36.904360
196,171,3.0,2026-09-22 23:09:36.904368
196,134,4.0,2026-09-22 23:09:36.904374
196,337,2.0,2026-09-22 23:09:36.904391
196,411,2.0,2026-09-22 23:09:36.904415
196,537,2.0,2026-09-22 23:09:36.904444
196,234,3.0,2026-09-22 23:09:36.904455
196,181,2.0,2026-09-22 23:09:36.904463
196,430,4.0,2026-09-22 23:09:36.904486
196,498,3.0,2026-09-22 23:09:36.904512
196,459,3.0,2026-09-22 23:09:36.904536
196,364,2.0,2026-09-22 23:09:36.904555
196,150,4.5,2026-09-22 23:09:36.904562
196,355,3.5,2026-09-22 23:09:36.904580
197,223,3.5,2026-09-22 23:09:36.904631
197,468,4.0,2026-09-22 23:09:36.904657
197,347,3.0,2026-09-22 23:09:36.904674
197,323,4.0,2026-09-22 23:09:36.904691
197,310,4.0,2026-09-22 23:09:36.904707
197,163,4.0,2026-09-22 23:09:36.904714
197,577,3.5,2026-09-22 23:09:36.904745
197,430,4.0,2026-09-22 23:09:36.904768
197,443,3.0,2026-09-22 23:09:36.904791
197,583,3.5,2026-09-22 23:09:36.904823
197,444,4.0,2026-09-22 23:09:36.904847
197,383,5.0,2026-09-22 23:09:36.904867
197,474,3.5,2026-09-22 23:09:36.904891
197,401,3.0,2026-09-22 23:09:36.904913
197,255,2.0,2026-09-22 23:09:36.904925
197,580,3.0,2026-09-22 23:09:36.904957
197,464,3.5,2026-09-22 23:09:36.904984
197,208,4.0,2026-09-22 23:09:36.904994
197,559,2.0,2026-09-22 23:09:36.905024
197,343,4.0,2026-09-22 23:09:36.905043
197,436,3.5,2026-09-22 23:09:36.905067
197,118,3.0,2026-09-22 23:09:36.905074
197,287,2.0,2026-09-22 23:09:36.905088
197,181,3.0,2026-09-22 23:09:36.905097
197,301,3.0,2026-09-22 23:09:36.905112
197,199,4.0,2026-09-22 23:09:36.905121
197,277,3.5,2026-09-22 23:09:36.905135
197,134,3.0,2026-09-22 23:09:36.905141
197,126,3.0,2026-09-22 23:09:36.905147
197,117,4.0,2026-09-22 23:09:36.905151
197,531,2.0,2026-09-22 23:09:36.905179
197,537,2.0,2026-09-22 23:09:36.905209
197,512,3.5,2026-09-22 23:09:36.905236
198,291,4.0,2026-09-22 23:09:36.905292
198,273,3.5,2026-09-22 23:09:36.905307
198,102,4.0,2026-09-22 23:09:36.905311
198,154,2.0,2026-09-22 23:09:36.905318
198,348,3.5,2026-09-22 23:09:36.905336
198,496,3.5,2026-09-22 23:09:36.905362
198,523,2.0,2026-09-22 23:09:36.905390
198,597,4.0,2026-09-22 23:09:36.905423
198,357,5.0,2026-09-22 23:09:36.905441
198,204,2.0,2026-09-22 23:09:36.905451
198,209,4.0,2026-09-22 23:09:36.905461
198,176,4.0,2026-09-22 23:09:36.905469
198,271,4.0,2026-09-22 23:09:36.905483
198,449,3.0,2026-09-22 23:09:36.905507
198,438,3.5,2026-09-22 23:09:36.905532
198,540,3.0,2026-09-22 23:09:36.905564
198,478,4.0,2026-09-22 23:09:36.905590
198,481,3.5,2026-09-22 23:09:36.905615
198,359,4.5,2026-09-22 23:09:36.905633
198,241,2.0,2026-09-22 23:09:36.905645
198,372,4.0,2026-09-22 23:09:36.905665
198,301,3.5,2026-09-22 23:09:36.905680
198,556,4.0,2026-09-22 23:09:36.905709
198,371,4.5,2026-09-22 23:09:36.905728
198,403,2.0,2026-09-22 23:09:36.905749
198,414,3.0,2026-09-22 23:09:36.905771
198,575,2.0,2026-09-22 23:09:36.905802
198,201,3.0,2026-09-22 23:09:36.905811
198,323,4.0,2026-09-22 23:09:36.905828
198,495,3.0,2026-09-22 23:09:36.905854
198,587,4.0,2026-09-22 23:09:36.905886
198,475,2.0,2026-09-22 23:09:36.905911
198,510,4.0,2026-09-22 23:09:36.905938
198,121,2.0,2026-09-22 23:09:36.905951
199,375,3.5,2026-09-22 23:09:36.906019
199,517,2.0,2026-09-22 23:09:36.906109
199,561,3.0,2026-09-22 23:09:36.906158
199,380,4.0,2026-09-22 23:09:36.906210
199,582,3.5,2026-09-22 23:09:36.906263
199,314,3.0,2026-09-22 23:09:36.906285
199,109,3.0,2026-09-22 23:09:36.906292
199,357,2.0,2026-09-22 23:09:36.906317
199,545,4.0,2026-09-22 23:09:36.906355
199,588,2.0,2026-09-22 23:09:36.906388
199,476,3.5,2026-09-22 23:09:36.906414
199,507,3.0,2026-09-22 23:09:36.906443
199,493,4.0,2026-09-22 23:09:36.906469
199,428,2.0,2026-09-22 23:09:36.906494
199,504,2.0,2026-09-22 23:09:36.906521
199,257,3.0,2026-09-22 23:09:36.906534
199,494,3.5,2026-09-22 23:09:36.906561
199,408,3.0,2026-09-22 23:09:36.906584
199,440,3.5,2026-09-22 23:09:36.906607
199,127,3.5,2026-09-22 23:09:36.906613
199,355,4.0,2026-09-22 23:09:36.906631
199,398,3.0,2026-09-22 23:09:36.906651
199,210,4.0,2026-09-22 23:09:36.906661
200,286,4.0,2026-09-22 23:09:36.906730
200,150,3.5,2026-09-22 23:09:36.906738
200,492,3.0,2026-09-22 23:09:36.906765
200,578,2.0,2026-09-22 23:09:36.906796
200,248,4.0,2026-09-22 23:09:36.906808
200,259,4.5,2026-09-22 23:09:36.906821
200,378,2.0,2026-09-22 23:09:36.906842
200,455,4.0,2026-09-22 23:09:36.906866
200,381,2.0,2026-09-22 23:09:36.906885
200,428,4.0,2026-09-22 23:09:36.906906
200,136,3.5,2026-09-22 23:09:36.906912
200,140,2.0,2026-09-22 23:09:36.906918
200,180,3.5,2026-09-22 23:09:36.906926
200,548,2.0,2026-09-22 23:09:36.906961
200,163,3.5,2026-09-22 23:09:36.906968
200,537,3.0,2026-09-22 23:09:36.906995
200,580,4.0,2026-09-22 23:09:36.907024
200,102,3.0,2026-09-22 23:09:36.907028
200,589,3.5,2026-09-22 23:09:36.907058
200,223,2.0,2026-09-22 23:09:36.907068
